tree
version=v4
num_class=1
num_tree_per_iteration=1
label_index=0
max_feature_idx=11
objective=binary sigmoid:1
feature_names=sl_atr_ratio mins_from_session_open vwap_distance_atr spread_at_entry bos_count range_exited sweep_depth_atr session model order_kind bias weekday
feature_infos=[0.4133533383345836:7.3587786259541987] [6:119] [0.0022371364653243002:22.994565217391305] [0:101] [0:6] [0:1] [0.0016181229773815:15.796296296295823] -1:1:0 -1:1:0 -1:2:0:1 -1:0:1 -1:4:3:0:2:1
tree_sizes=1061 780 1083 989 1389 901 1309 1399 1089 1100 1318 1091 1103 1105 1618 1096 1401 1694 1293 1519 883 1721 1415 1207 1106 1199 1518 1520 1189 1421 1301 1107 988 785 1300 1085 1601 801 1200 1106 1304 1508 985 1484 1417 1096 1079 1405 1003 1310 798 1399 1091 1720 1727 882 1401 1624 1318 1005 1197 678 1216 1614 681 1511 1098 886 1405 884 1465 886 1089 1083 784 775 1403 1087 1170 1083 981 1280 1409 995 902 1636 1606 803 1200 1503 882 681 982 1718 986 879 1108 1497 1618 784 995 1189 1506 1214 1500 1013 1212 1304 1081 1095 1294 677 1303 1401 1420 1515 986 1410 1300 1206 989 1592 1402 1411 1402 1732 1016 1010 1421 883 883 993 895 989 1195 1208 892 995 1509 884 1421 1095 989 1422 1418 1006 1000 1298 1086 1295 1737 1096 1481 1086 1424 886 1430 1625 1317 680 1509 986 1298 1084 1322 782 1099 1407 1518 1425 1004 1476 1176 1212 1613 1113 1413 987 1618 807 1694 1604 1309 1214 1210 1402 1732 1002 1298 1219 1308 980 984 1110 663 784 995 1411 1492 1195 1194 1295 779 1221 761 1751 1010 1376 1109 988 1581 1095 1720 880 760 1108 1415 1398 680 682 1608 1727 1091 885 787 1504 980 1515 1212 1205 1407 965 1516 1596 1312 1183 1007 1298 980 1323 1296 676 1101 987 1521 1322 1087 1516 868 1202 1209 755 1302 1498 1087 1379 1619 983 1279 1105 1069 1090 1502 1306 1370 1109 1110 1512 1406 784 883 994 777 1420 897 1412 1195 787 1215 883 1726 865 1405 1721 686 1423 1521 1507 1002 1508 1303 1206 1069 1288 877 1316 1523 1192 1307 1735

Tree=0
num_leaves=9
num_cat=2
split_feature=6 11 3 10 0 1 1 1
split_gain=8.34056 4.93023 6.89244 7.96561 5.92898 3.33144 9.68168 4.90045
threshold=6.2081524233117777 0 9.5000000000000018 1 1.5479246985481094 36.500000000000007 26.500000000000004 62.500000000000007
decision_type=2 1 2 1 2 2 2 2
left_child=1 5 4 -4 -3 6 -1 -7
right_child=-2 2 3 -5 -6 7 -8 -9
leaf_value=-1.4399762088742296 -1.4041612683687814 -1.3946536871762814 -1.4702609339446262 -1.4492231398596294 -1.4485731560094199 -1.4243331267564352 -1.4859721456834434 -1.4490068559116314
leaf_weight=35.361712276935577 9.0710479319095594 7.0723424553871181 101.16524642705917 80.25571221113205 18.449589014053345 34.746725976467133 16.758376687765121 48.891410887241364
leaf_count=230 59 46 658 522 120 226 109 318
internal_value=-1.45123 -1.45247 -1.45722 -1.46093 -1.43327 -1.44533 -1.45471 -1.43868
internal_weight=351.772 342.701 206.943 181.421 25.5219 135.758 52.1201 83.6381
internal_count=2288 2229 1346 1180 166 883 339 544
cat_boundaries=0 1 2
cat_threshold=12 1
is_linear=0
shrinkage=1


Tree=1
num_leaves=6
num_cat=0
split_feature=6 2 1 1 5
split_gain=10.1491 6.24133 5.48823 6.3714 6.3496
threshold=6.2081524233117777 0.06550343249427916 41.500000000000007 26.500000000000004 1.0000000180025095e-35
decision_type=2 2 2 2 2
left_child=1 -1 3 -3 -4
right_child=-2 2 4 -5 -6
leaf_value=0.047460115319888363 0.052466618708289829 0.0008072130131519294 0.026786508620255264 -0.021346435345230008 0.00095047117255966658
leaf_weight=6.778166100382804 9.497153162956236 75.8726996332407 27.583597093820572 56.074096858501434 172.25124673545361
leaf_count=44 60 493 179 367 1120
internal_value=0.00175938 0.000307122 -0.000655139 -0.00857871 0.00455329
internal_weight=348.057 338.56 331.782 131.947 199.835
internal_count=2263 2203 2159 860 1299
is_linear=0
shrinkage=0.05


Tree=2
num_leaves=9
num_cat=1
split_feature=3 2 5 2 2 1 7 1
split_gain=8.99056 9.08175 8.94932 6.97084 8.76621 7.33211 6.15735 4.18533
threshold=9.5000000000000018 11.518653866276029 1.0000000180025095e-35 6.6259864808251914 2.1517293072063395 61.500000000000007 0 70.500000000000014
decision_type=2 2 2 2 2 2 1 2
left_child=2 3 -1 4 -2 -5 7 -4
right_child=1 -3 6 5 -6 -7 -8 -9
leaf_value=0.071732649833329137 0.0023256967342552195 -0.060056623256374481 0.0095540314456561692 0 -0.016226749596440451 0.055330259014972273 -0.024200884270685369 0.05191914854720632
leaf_weight=7.0134464502334586 166.91133163869381 6.8958470523357382 20.917767703533176 14.561404496431352 102.46245178580284 10.160153627395628 9.4763856679201108 8.2524347156286222
leaf_count=45 1084 45 135 95 668 66 61 53
internal_value=-0.000571628 -0.00372372 0.0200604 -0.00236588 -0.004716 0.0229561 0.0103931 0.0218466
internal_weight=346.651 300.991 45.66 294.095 269.374 24.7216 38.6466 29.1702
internal_count=2252 1958 294 1913 1752 161 249 188
cat_boundaries=0 1
cat_threshold=2
is_linear=0
shrinkage=0.05


Tree=3
num_leaves=8
num_cat=0
split_feature=6 0 0 4 3 5 6
split_gain=6.40294 3.81668 5.38126 4.52265 3.97664 3.45451 3.04061
threshold=6.2081524233117777 1.2905906532034674 1.36980056980057 1.0000000180025095e-35 16.500000000000004 1.0000000180025095e-35 0.90909090909085755
decision_type=2 2 2 2 2 2 2
left_child=1 3 -3 6 -5 -4 -1
right_child=-2 2 5 4 -6 -7 -8
leaf_value=-0.0043726212967883432 0.038035733927770835 0.032991210816641039 0.01094431228097526 0.024963672703035747 -0.018427047692209163 -0.003637556476832577 -0.039602153782515526
leaf_weight=9.6854193508625048 10.306961655616758 12.04301844537258 49.302257612347603 10.29626324772835 10.569345906376837 226.78366670012474 18.467956215143204
leaf_count=63 63 78 317 67 69 1481 120
internal_value=-0.00057077 -0.00177676 0.000402404 -0.0146622 0.00276283 -0.00101246 -0.0277177
internal_weight=347.455 337.148 288.129 49.019 20.8656 276.086 28.1534
internal_count=2258 2195 1876 319 136 1798 183
is_linear=0
shrinkage=0.05


Tree=4
num_leaves=12
num_cat=3
split_feature=3 2 4 0 2 2 2 2 10 7 7
split_gain=5.19027 6.56079 9.26796 6.41449 4.47721 6.73377 6.11089 2.8118 3.117 3.84148 0.984243
threshold=30.500000000000004 0.43473354688410015 1.0000000180025095e-35 1.7509259259259262 6.5216463654998424 7.3996611735715403 2.2837112688246495 0.36270371097584925 0 1 2
decision_type=2 2 2 2 2 2 2 2 1 1 1
left_child=1 2 3 -1 6 -6 -3 -2 10 -10 -9
right_child=7 4 -4 -5 5 -7 -8 8 9 -11 -12
leaf_value=-0.023607387550342519 -0.045252579465830521 0.0052374112582327667 0.071612819105996442 0.026616092849655472 0.05494248366936838 0.0041800456233171213 -0.011139945543239705 -0.01124650100411514 -0.014976202737262502 0.036714563828987627 -0.033886838499022222
leaf_weight=9.3223311454057711 6.5438736975193015 134.90108172595501 7.771327093243598 19.111506834626198 8.8881774097681028 24.936542555689812 98.246880754828453 12.042132213711739 7.643180787563324 6.5055582225322706 9.3196975141763687
leaf_count=60 42 874 50 123 57 162 644 79 50 42 61
internal_value=0.0012385 0.00353653 0.0234839 0.00994954 0.000804889 0.017789 -0.00164427 -0.0151788 -0.00938495 0.00853105 -0.0214688
internal_weight=345.232 303.178 36.2052 28.4338 266.973 33.8247 233.148 42.0544 35.5106 14.1487 21.3618
internal_count=2244 1970 233 183 1737 219 1518 274 232 92 140
cat_boundaries=0 1 2 3
cat_threshold=1 2 2
is_linear=0
shrinkage=0.05


Tree=5
num_leaves=7
num_cat=1
split_feature=6 3 0 2 11 6
split_gain=8.42903 5.20646 5.22095 4.37636 4.58851 3.84847
threshold=6.2081524233117777 9.5000000000000018 1.3825344952795937 11.518653866276029 0 0.72301587301585613
decision_type=2 2 2 2 1 2
left_child=1 2 -1 4 -3 -4
right_child=-2 3 5 -5 -6 -7
leaf_value=0.051721070517226658 0.045100903136981382 0.004965091783639991 -0.018617715377607001 -0.043975104803824029 -0.0074525700516495756 0.016892901910871182
leaf_weight=7.7944209128618231 10.040856346487997 115.28779104351997 10.50211915373802 6.4635243713855735 176.98102706670761 26.49331197142601
leaf_count=49 60 748 67 44 1160 169
internal_value=0.000161782 -0.00114994 0.0147062 -0.00354816 -0.00262228 0.00665448
internal_weight=353.563 343.522 44.7899 298.732 292.269 36.9954
internal_count=2297 2237 285 1952 1908 236
cat_boundaries=0 1
cat_threshold=12
is_linear=0
shrinkage=0.05


Tree=6
num_leaves=11
num_cat=1
split_feature=0 6 2 1 6 1 6 7 1 3
split_gain=8.21532 6.17615 5.461 5.40851 4.86816 4.16953 2.93277 3.14015 1.4584 1.33842
threshold=2.5945970959647897 6.0480895915678277 0.092856275426558915 69.500000000000014 2.0641051982740741 61.500000000000007 4.1348487367020637 0 27.500000000000004 16.500000000000004
decision_type=2 2 2 2 2 2 2 1 2 2
left_child=1 2 -1 -4 5 8 7 -6 -2 -7
right_child=4 -3 3 -5 6 9 -8 -9 -10 -11
leaf_value=0.039328817317155873 -0.023236808300203884 0.044491183214930022 -0.0052655457194750325 0.010347097300570558 -0.0091119115276848597 0.0050516254809969303 -0.024322731277374377 0.028248937725019518 -0.05372118709190328 -0.022934134249366231
leaf_weight=8.7547305673360807 6.7104053348302868 8.2057936787605268 185.35644060373306 78.994023084640503 12.5001590102911 7.3974996954202679 10.78263884782791 9.9008364379405975 14.138187035918234 9.214660316705702
leaf_count=55 44 48 1210 514 82 48 69 64 93 60
internal_value=-0.00180722 0.00200648 0.000695852 -0.000579072 -0.0170457 -0.0293895 -0.00291417 0.00723086 -0.0443058 -0.0102171
internal_weight=351.955 281.311 273.105 264.35 70.6444 37.4608 33.1836 22.401 20.8486 16.6122
internal_count=2287 1827 1779 1724 460 245 215 146 137 108
cat_boundaries=0 1
cat_threshold=2
is_linear=0
shrinkage=0.05


Tree=7
num_leaves=12
num_cat=3
split_feature=2 2 2 6 6 3 11 9 11 3 2
split_gain=4.97184 8.12282 8.90837 9.62529 7.25928 5.96338 5.50741 4.17753 3.26344 2.36076 1.17552
threshold=2.0233144806535601 6.7912348588418636 11.518653866276029 1.6426346528227194 5.4974226804122699 15.500000000000002 0 1 2 27.500000000000004 4.0295573675014564
decision_type=2 2 2 2 2 2 1 1 1 2 2
left_child=4 7 3 -3 5 6 -1 10 -9 -7 -2
right_child=1 2 -4 -5 -6 9 -8 8 -10 -11 -12
leaf_value=-0.0037195405569269407 -0.03671672719485182 0.051359907066943822 -0.036954413769590244 -0.0052728933048122196 0.043770924207019335 -0.0004114193092502954 0.023951782709885502 0.0010238628858844781 -0.016609832078577476 -0.018488455309885493 -0.014822731428263328
leaf_weight=30.776900738477707 18.512225717306141 16.647229418158535 6.7351505160331717 13.29543825984001 11.575039356946943 80.712123423814774 37.818074390292168 61.251373842358589 38.508322015404701 23.398791208863258 10.871071979403494
leaf_count=198 122 106 47 85 70 523 242 402 256 154 72
internal_value=-5.54126e-05 -0.00634887 0.014327 0.026113 0.00558086 0.00296851 0.0144214 -0.0122662 -0.00730347 -0.00453603 -0.0288638
internal_weight=350.102 165.821 36.6778 29.9427 184.281 172.706 68.595 129.143 99.7597 104.111 29.3833
internal_count=2277 1090 238 191 1187 1117 440 852 658 677 194
cat_boundaries=0 1 2 3
cat_threshold=17 1 14
is_linear=0
shrinkage=0.05


Tree=8
num_leaves=9
num_cat=0
split_feature=2 1 1 5 1 2 2 2
split_gain=5.80204 5.03102 5.79597 4.60945 4.31895 3.88362 3.60182 2.58676
threshold=0.092856275426558915 38.500000000000007 26.500000000000004 1.0000000180025095e-35 51.500000000000007 7.1973328688112117 3.0258779264214053 3.5230588848358528
decision_type=2 2 2 2 2 2 2 2
left_child=-1 2 5 4 -3 -2 -5 -4
right_child=1 3 7 6 -6 -7 -8 -9
leaf_value=0.03529536641125576 0.0039198922646101622 -0.010703492317185427 -0.015348543413492772 -0.0045655073993824064 0.031432042056917589 -0.0298523781189679 0.010287496825467585 -0.041609561892048674
leaf_weight=11.102387160062788 63.99695049226284 7.8789990693330791 35.003948852419853 125.70855888724327 23.906982764601707 9.7099873423576337 60.294043108820915 13.460724294185637
leaf_count=68 419 50 234 813 151 64 393 92
internal_value=-9.4393e-05 -0.00127489 -0.00940242 0.00326364 0.02083 -0.000495865 0.000225272 -0.022816
internal_weight=351.063 339.96 122.172 217.789 31.786 73.7069 186.003 48.4647
internal_count=2284 2216 809 1407 201 483 1206 326
is_linear=0
shrinkage=0.05


Tree=9
num_leaves=9
num_cat=1
split_feature=6 2 6 10 2 6 6 1
split_gain=4.66058 3.51486 6.35437 8.89791 4.54409 5.10265 3.28234 0.82267
threshold=6.2081524233117777 6.7912348588418636 1.6143569934009934 0 2.0465025145320364 4.5376495425756529 2.7724344639817118 69.500000000000014
decision_type=2 2 2 1 2 2 2 2
left_child=1 4 3 -3 6 -6 -1 -4
right_child=-2 2 7 -5 5 -7 -8 -9
leaf_value=-0.00022605967285826745 0.033308547695513745 0.0063807509316741798 -0.016938451631534259 0.077856930182579276 -0.0061087048910503103 -0.051949019169834333 0.01474403491397085 0.0057037650843252061
leaf_weight=133.07864393293858 11.117998063564299 10.87715093791485 9.1949329078197461 7.3798782825469962 117.88617162406445 6.348875179886817 50.086827754974365 6.5565183013677588
leaf_count=860 63 70 62 46 786 42 322 42
internal_value=0.00159 0.000532996 0.0157711 0.035812 -0.00114115 -0.00853143 0.00384606 -0.00722171
internal_weight=352.527 341.409 34.0085 18.257 307.401 124.235 183.165 15.7515
internal_count=2293 2230 220 116 2010 828 1182 104
cat_boundaries=0 1
cat_threshold=1
is_linear=0
shrinkage=0.05


Tree=10
num_leaves=11
num_cat=1
split_feature=3 0 5 1 0 11 3 3 6 3
split_gain=6.80828 4.56288 4.96554 4.43712 4.87273 4.39774 2.87223 3.87068 2.35808 2.10247
threshold=9.5000000000000018 1.4453836270190898 1.0000000180025095e-35 46.500000000000007 3.6313324819071955 0 31.500000000000004 17.500000000000004 2.0114670868343758 5.5000000000000009
decision_type=2 2 2 2 2 1 2 2 2 2
left_child=1 -1 -3 6 5 -5 7 -2 -8 -4
right_child=3 2 9 4 -6 -7 8 -9 -10 -11
leaf_value=0.048031300765026409 -0.013035102620449088 0.043733676492808224 -0.012680650705314312 0.0097090914410863528 -0.03897086193555796 -0.0062858828510346122 -0.014555107935106748 0.0077174159656628622 -0.05226659206627754 0.014555235186325783
leaf_weight=9.353090748190878 83.791282847523689 7.8389944136142722 16.340580180287365 96.146494776010513 6.9435132443904868 64.139926642179489 12.00887966156006 30.288913875818253 6.8174797743558875 12.316741168498991
leaf_count=57 555 47 105 618 45 415 82 201 46 79
internal_value=-0.000961923 0.0169425 0.0087291 -0.00371842 0.00167574 0.0034909 -0.0105394 -0.00747947 -0.0286795 -0.000791057
internal_weight=345.986 45.8494 36.4963 300.136 167.23 160.286 132.907 114.08 18.8264 28.6573
internal_count=2250 288 231 1962 1078 1033 884 756 128 184
cat_boundaries=0 1
cat_threshold=28
is_linear=0
shrinkage=0.05


Tree=11
num_leaves=9
num_cat=0
split_feature=6 2 1 3 1 1 2 1
split_gain=4.26663 13.4234 3.08973 7.35183 8.45239 8.03382 5.07093 3.58809
threshold=5.0875000000000634 1.896663330535288 70.500000000000014 10.500000000000002 89.000000000000014 86.500000000000014 0.10430614729153982 63.500000000000007
decision_type=2 2 2 2 2 2 2 2
left_child=2 -2 6 5 -5 -4 -1 -8
right_child=1 -3 3 4 -6 -7 7 -9
leaf_value=0.033097720003449876 0.053074314305727281 -0.024739068051099634 -6.7912681305445243e-05 0.017854274634495345 -0.015036417207363876 0.075996879565707276 -0.0041990623429433889 -0.024233746560084205
leaf_weight=8.2216042280197126 13.156279012560846 9.3448305726051313 6.4593085348606092 35.635734051465988 42.977680653333664 7.0893941223621368 189.52936094999313 25.458780005574226
leaf_count=50 78 58 40 230 280 43 1254 165
internal_value=-0.000396733 0.0205703 -0.00191458 0.00575781 -5.96896e-05 0.039632 -0.00510602 -0.00660497
internal_weight=337.873 22.5011 315.372 92.1621 78.6134 13.5487 223.21 214.988
internal_count=2198 136 2062 593 510 83 1469 1419
is_linear=0
shrinkage=0.05


Tree=12
num_leaves=9
num_cat=1
split_feature=0 0 0 6 1 0 0 7
split_gain=8.15844 5.55661 4.52998 4.32181 3.77202 3.35254 5.17347 1.75186
threshold=2.1293576275913364 2.0876096491228076 1.0265853393468458 6.0480895915678277 103.00000000000001 2.2030788457168828 2.2417897821686461 0
decision_type=2 2 2 2 2 2 2 1
left_child=1 2 7 -4 5 -2 -7 -1
right_child=4 -3 3 -5 -6 6 -8 -9
leaf_value=-0.036387806974010298 -0.038437386070460919 0.049068514277940636 0.0051058001582580609 0.044604748057312876 0.021214259503875878 0.032378728626286268 -0.012243524289753468 -0.0036422185907067314
leaf_weight=8.3763770908117294 11.065992206335066 7.1388573497533789 183.78074392676353 7.145101159811019 8.9052383303642255 6.7728920429944983 105.37255324423313 8.658705934882164
leaf_count=56 72 47 1197 39 57 43 692 56
internal_value=-5.78321e-05 0.00593349 0.00440586 0.00663274 -0.00984726 -0.0121482 -0.00947763 -0.0201539
internal_weight=347.216 215.1 207.961 190.926 132.117 123.211 112.145 17.0351
internal_count=2259 1395 1348 1236 864 807 735 112
cat_boundaries=0 1
cat_threshold=2
is_linear=0
shrinkage=0.05


Tree=13
num_leaves=9
num_cat=1
split_feature=2 2 0 6 6 0 11 0
split_gain=4.44919 5.67568 7.25804 6.77856 4.21423 4.79312 4.32594 2.12708
threshold=11.518653866276029 6.6259864808251914 1.9909292854498337 1.6426346528227194 5.4974226804122699 2.1293576275913364 0 2.4572948328267485
decision_type=2 2 2 2 2 2 1 2
left_child=1 4 3 -3 6 -6 -1 -4
right_child=-2 2 7 -5 5 -7 -8 -9
leaf_value=0.0055311978807889919 -0.037932576339059887 0.074086541794569291 -0.01939933140280789 0.0062515451070630432 0.046729179559400813 -0.0051965996835675685 -0.0064059431335938251 0.018020653697441252
leaf_weight=116.97182764112949 7.1264703571796408 8.9933847635984439 8.2766531854867917 6.5109917968511573 9.7257605046033877 7.7945757508277884 180.06715719401836 6.7926497459411612
leaf_count=756 51 54 52 42 55 47 1191 44
internal_value=0.00086673 0.00169311 0.0222254 0.0461426 -0.000293066 0.0234459 -0.00171751 -0.00219466
internal_weight=352.259 345.133 30.5737 15.5044 314.559 17.5203 297.039 15.0693
internal_count=2292 2241 192 96 2049 102 1947 96
cat_boundaries=0 1
cat_threshold=12
is_linear=0
shrinkage=0.05


Tree=14
num_leaves=14
num_cat=2
split_feature=0 2 1 1 10 2 0 11 2 6 1 0 0
split_gain=4.09112 4.83885 6.27728 3.70013 6.9409 2.88812 2.67821 2.62464 3.92154 3.82105 4.69251 2.79604 0.869152
threshold=2.2417897821686461 0.40797035692679978 30.500000000000004 41.500000000000007 0 0.12445936796141992 1.8539126016260166 1 3.7900381679389317 0.6440234271008255 69.500000000000014 3.6981143503189862 2.7266178691762524
decision_type=2 2 2 2 1 2 2 1 2 2 2 2 2
left_child=1 2 -1 6 -5 -4 -3 9 11 -2 -11 -9 -10
right_child=7 3 5 4 -6 -7 -8 8 12 10 -12 -13 -14
leaf_value=0.063536602177712787 0.040735090131958931 -0.010968606122367597 -0.01441338812043496 -0.001952910865782135 0.021334843841553819 0.024907633879529385 0.0084469472688411054 -0.0019561583949316013 -0.051364575677612573 -0.013361718371374976 0.022899693145971206 -0.036831075957855217 -0.022788025608879409
leaf_weight=7.8369887620210674 6.2565753608942023 55.575491651892662 7.1561246663332012 68.347338020801544 59.459251821041107 12.536020919680594 25.722640335559845 46.968129575252533 6.1992556005716306 26.148619510233402 13.39888885617256 6.5181983560323706 6.7338986992835999
leaf_count=49 41 369 42 441 374 80 172 308 42 174 85 44 46
internal_value=0.00242466 0.00616259 0.0258581 0.0035346 0.00885033 0.0103651 -0.00476129 -0.00541105 -0.0108484 0.00388754 -0.000923293 -0.00636036 -0.0371583
internal_weight=348.857 236.634 27.5291 209.105 127.807 19.6921 81.2981 112.224 66.4195 45.8041 39.5475 53.4863 12.9332
internal_count=2267 1527 171 1356 815 122 541 740 440 300 259 352 88
cat_boundaries=0 1 2
cat_threshold=1 6
is_linear=0
shrinkage=0.05


Tree=15
num_leaves=9
num_cat=0
split_feature=0 2 3 6 2 4 0 3
split_gain=4.15542 4.21718 6.19713 8.25457 7.19729 4.47841 4.57031 2.29872
threshold=0.89003703946505841 2.0233144806535601 15.500000000000002 5.0875000000000634 1.0846689538634853 1.0000000180025095e-35 1.3963822415599068 16.500000000000004
decision_type=2 2 2 2 2 2 2 2
left_child=-1 2 4 -4 -2 6 -3 -7
right_child=1 5 3 -5 -6 7 -8 -9
leaf_value=-0.035155605057337828 0.0029731728283666765 0.02455614243812718 -0.0052199040362887741 0.047523620828645308 0.033813493405124941 -0.0079744676566215981 -0.0040166663118170283 -0.033919409319734299
leaf_weight=7.9336890280246726 41.651739627122879 16.0350381731987 100.98886434733868 7.900140479207038 35.203842207789421 18.799068093299866 105.2891313880682 16.721328943967819
leaf_count=53 258 103 659 45 222 125 698 112
internal_value=0.000369615 0.00121692 0.00632465 -0.00130727 0.0171902 -0.00480028 -0.000181996 -0.0203894
internal_weight=350.523 342.589 185.745 108.889 76.8556 156.845 121.324 35.5204
internal_count=2275 2222 1184 704 480 1038 801 237
is_linear=0
shrinkage=0.05


Tree=16
num_leaves=12
num_cat=0
split_feature=0 1 0 2 0 5 1 0 6 0 0
split_gain=5.33187 5.23228 10.1195 6.4899 4.09237 2.98502 4.20296 3.30127 4.29147 2.89012 1.48503
threshold=2.1467001434720236 38.500000000000007 2.0352318040842632 0.3862597670647207 1.2462384909050082 1.0000000180025095e-35 59.500000000000007 3.6981143503189862 3.7231800766283878 1.6328158923143727 2.6802777777777784
decision_type=2 2 2 2 2 2 2 2 2 2 2
left_child=1 3 4 -1 -3 6 10 8 -7 -5 -2
right_child=5 2 -4 9 -6 7 -8 -9 -10 -11 -12
leaf_value=0.037246877237390119 -0.024987493155876891 -0.010530329995986038 0.053417970440731377 -0.019339404167088944 0.010986985802867444 -0.014349348896986941 0.035682431020130724 -0.041914440411168964 0.011734347769623912 0.00040677718488162383 0.0078493891216739782
leaf_weight=7.8770166337490073 6.8966214209795016 28.12149116396904 12.412159904837607 39.492332056164742 99.112993657588959 77.897353753447533 8.5424183309078199 8.3479966670274717 19.474616721272469 33.914210289716721 6.3900320827960968
leaf_count=48 44 180 78 265 624 522 53 57 124 226 42
internal_value=-0.000107879 0.00457633 0.0104564 -0.0054647 0.00618741 -0.00825789 0.00841336 -0.0117521 -0.00907457 -0.0101604 -0.00888088
internal_weight=348.479 220.93 139.647 81.2836 127.234 127.549 21.8291 105.72 97.372 73.4065 13.2867
internal_count=2263 1421 882 539 804 842 139 703 646 491 86
is_linear=0
shrinkage=0.05


Tree=17
num_leaves=15
num_cat=3
split_feature=3 11 3 5 3 0 0 3 6 5 8 10 0 6
split_gain=4.6385 4.66792 7.1858 6.28479 4.03457 3.51922 6.11186 3.98394 3.76424 3.74771 3.25777 2.5545 2.29023 0.503958
threshold=15.500000000000002 0 9.5000000000000018 1.0000000180025095e-35 7.5000000000000009 2.5945970959647897 1.6328158923143727 20.500000000000004 1.70399734493703 1.0000000180025095e-35 1 2 1.793351776605862 1.4579905992949771
decision_type=2 1 2 2 2 2 2 2 2 2 1 1 2 2
left_child=1 3 12 13 -5 6 8 -8 -2 -7 -4 -11 -3 -1
right_child=5 2 10 4 -6 9 7 -9 -10 11 -12 -13 -14 -15
leaf_value=0.03280542800069082 -0.0032115980822714982 0.042520583871042274 -0.028424346591510632 -0.012034031225333752 0.015194378890089573 0.014175237534604848 -0.0009473731062175526 0.020587098677263688 -0.026992347271472497 -0.036304249524069791 0 -0.0082000334218257417 0.0049051638994598353 0.055773738663399908
leaf_weight=7.2039138078689557 40.448162123560905 7.4177933186292675 24.286814779043198 17.879348203539848 54.106487862765789 7.1670361757278434 63.203776746988297 32.115743026137352 28.889398008584976 20.543105587363243 16.995346263051033 14.288073070347307 9.5813775211572629 7.023122638463974
leaf_count=44 269 44 160 112 345 47 410 211 189 140 112 97 61 42
internal_value=-0.000424665 0.00642972 -0.00459864 0.0129698 0.0083549 -0.00524225 -0.00190863 0.00626975 -0.0132164 -0.0181576 -0.0167128 -0.0249753 0.0217642 0.0448028
internal_weight=351.149 144.494 58.2813 86.2129 71.9858 206.655 164.657 95.3195 69.3376 41.9982 41.2822 34.8312 16.9992 14.227
internal_count=2283 920 377 543 457 1363 1079 621 458 284 272 237 105 86
cat_boundaries=0 1 2 3
cat_threshold=14 2 1
is_linear=0
shrinkage=0.05


Tree=18
num_leaves=11
num_cat=0
split_feature=6 6 6 6 2 3 3 2 2 1
split_gain=4.04938 13.6481 6.65424 10.6324 5.65123 5.66471 5.23283 2.73002 9.76956 2.11818
threshold=1.0073344947736407 1.3351449275362672 1.2353418872826487 1.0981922525107324 1.6952837140751662 9.5000000000000018 24.500000000000004 8.5271942110177417 6.5216463654998424 64.500000000000014
decision_type=2 2 2 2 2 2 2 2 2 2
left_child=7 2 3 -2 6 -6 -3 8 9 -1
right_child=1 4 -4 -5 5 -7 -8 -9 -10 -11
leaf_value=-0.0062481262673056088 0.056041975665004365 0.010435015597533712 0.067067983534061779 -0.013364562851686166 0.019298269138764066 -0.016262701030022347 -0.021459690896267727 -0.039667106215817628 0.052004061991302246 -0.021575367375862842
leaf_weight=73.498131200671196 9.6390080899000221 82.589539870619774 9.5865397006273252 12.477119788527487 12.698749437928198 84.554164826869965 15.05702283978462 6.9998991861939421 6.3845766335725775 33.492550104856491
leaf_count=489 62 518 62 81 79 569 99 45 38 215
internal_value=-0.00199891 0.00191993 0.0323043 0.0167764 -0.00301083 -0.0115529 0.0054488 -0.00941298 -0.00746769 -0.0111085
internal_weight=346.977 226.602 31.7027 22.1161 194.899 97.2529 97.6466 120.375 113.375 106.991
internal_count=2257 1470 205 143 1265 648 617 787 742 704
is_linear=0
shrinkage=0.05


Tree=19
num_leaves=13
num_cat=1
split_feature=2 1 6 0 2 1 1 2 6 1 2 10
split_gain=3.96043 7.89478 6.5819 7.74055 4.25703 5.63041 4.68747 5.52597 4.28436 3.75577 3.36086 2.72449
threshold=6.6259864808251914 41.500000000000007 2.1238352043436071 2.0805405405405408 0.8580320094842917 103.00000000000001 60.500000000000007 0.65613918439716323 3.283360968928009 91.000000000000014 8.7178591961532454 0
decision_type=2 2 2 2 2 2 2 2 2 2 2 1
left_child=4 10 3 -3 6 9 7 -1 -8 -6 -2 -7
right_child=1 2 -4 -5 5 11 8 -9 -10 -11 -12 -13
leaf_value=0.0092709880537055287 0.015520512500904693 0.089002883920148712 -0.00033005677260029343 0.013723505952326265 -0.005147368329331839 0.0028595440728556767 -0.014657589979591646 0.050180610829968914 0.020936042606733412 -0.030292072558477292 -0.031506999090418535 0.046256709440683247
leaf_weight=38.126955658197403 6.3493307381868354 7.696615010499956 8.1848047375678998 6.4683822393417358 191.56280501931906 7.6461541801691038 29.521031618118286 10.639537885785101 11.665113627910612 16.139959618449211 8.8732145279645902 7.2700802087783813
leaf_count=239 41 44 53 41 1270 50 188 70 69 106 63 46
internal_value=0.000567408 0.0158924 0.0348033 0.0553146 -0.00126323 -0.00498581 0.00788939 0.0183831 -0.00442904 -0.00713899 -0.0115922 0.0245112
internal_weight=350.144 37.5723 22.3498 14.165 312.572 222.619 89.9526 48.7665 41.1861 207.703 15.2225 14.9162
internal_count=2280 242 138 85 2038 1472 566 309 257 1376 104 96
cat_boundaries=0 1
cat_threshold=1
is_linear=0
shrinkage=0.05


Tree=20
num_leaves=7
num_cat=0
split_feature=1 1 1 1 3 6
split_gain=5.19052 4.24491 3.83172 6.86117 4.95546 0.71459
threshold=9.0000000000000018 15.500000000000002 24.500000000000004 38.500000000000007 11.500000000000002 1.1608664155316617
decision_type=2 2 2 2 2 2
left_child=-1 5 4 -4 -3 -2
right_child=1 2 3 -5 -6 -7
leaf_value=0.045445168801364927 -0.01550662378479121 0.049365539595475419 -0.017393314791806221 0.002002484390566348 0.0057582973320112881 -0.038598436792388467
leaf_weight=5.9985922724008551 8.8021657615900022 7.9508016631007186 57.496295124292374 217.50854107737541 36.427369967103004 7.0509100407361975
leaf_count=40 58 50 395 1391 244 48
internal_value=-0.000249521 -0.00109538 0.000146283 -0.00203934 0.0137768 -0.0262681
internal_weight=341.235 335.236 319.383 275.005 44.3782 15.8531
internal_count=2226 2186 2080 1786 294 106
is_linear=0
shrinkage=0.05


Tree=21
num_leaves=15
num_cat=3
split_feature=3 11 3 7 3 9 2 6 4 4 6 4 2 6
split_gain=5.04678 3.00983 5.97084 5.49165 5.44322 3.95569 2.99191 5.48517 4.93134 3.91885 5.49779 2.49441 2.15136 0.645069
threshold=15.500000000000002 0 9.5000000000000018 1 12.500000000000002 2 0.78487592219986591 4.4688059701492726 1.0000000180025095e-35 1.0000000180025095e-35 0.43637477362319854 1.0000000180025095e-35 1.5523437500000001 1.0981922525107324
decision_type=2 1 2 1 2 1 2 2 2 2 2 2 2 2
left_child=1 3 13 11 -5 -4 7 8 -2 10 -8 -1 -11 -3
right_child=6 2 5 4 -6 -7 9 -9 -10 12 -12 -13 -14 -15
leaf_value=0.010818019941505762 -0.0088778722035542969 0.03515209164299591 -0.024489566884044047 0.0090947243243674047 0.049005173183745497 0.0068147525323124479 0.02627662791231461 0.043969057547234444 0.032682179402091886 -0.0005493528971356993 -0.0069489114946996418 -0.015298061666127403 -0.029378912921919201 0.014182194559199782
leaf_weight=39.440572164952755 35.050911322236061 6.9898335933685329 24.534828566014767 16.431870177388191 18.681255370378494 16.692238159477711 14.118281565606592 8.1629074811935407 8.8527401089668256 9.1265566796064359 98.493260756134987 11.680504873394964 25.638201288878918 10.81963139772415
leaf_count=250 228 42 164 99 116 110 93 47 56 61 662 73 177 65
internal_value=0.00149238 0.00858831 -0.00100923 0.0137362 0.0305492 -0.0117081 -0.00365282 0.00659123 -0.000328842 -0.00730786 -0.0027194 0.004735 -0.0219772 0.0228419
internal_weight=344.714 145.271 59.0365 86.2342 35.1131 41.2271 199.443 52.0666 43.9037 147.376 112.612 51.1211 34.7648 17.8095
internal_count=2243 919 381 538 215 274 1324 331 284 993 755 323 238 107
cat_boundaries=0 1 2 3
cat_threshold=14 2 4
is_linear=0
shrinkage=0.05


Tree=22
num_leaves=12
num_cat=1
split_feature=0 6 1 6 0 11 6 0 6 6 1
split_gain=4.98175 2.8876 7.37716 3.34606 2.78846 2.01913 4.1055 4.4891 3.03926 1.94431 1.55005
threshold=2.5945970959647897 4.9774381095273332 61.500000000000007 4.3983471074379645 1.7509259259259262 0 2.4680272108845331 3.1510869565217394 2.6549754299755617 3.240198711063329 67.500000000000014
decision_type=2 2 2 2 2 1 2 2 2 2 2
left_child=1 3 -3 4 -1 6 7 -2 10 -8 -7
right_child=5 2 -4 -5 -6 8 9 -9 -10 -11 -12
leaf_value=-0.0020530233469473929 -0.00675720993833814 0.060700620008300891 -0.0028948630904508696 -0.029601299341572504 0.0083888954126165819 -0.050420062191757646 -0.043286878504983389 0.035255543495576851 -0.0038488518417102617 -0.006925085445197831 -0.018744845458707388
leaf_weight=130.33866842836142 14.822059862315657 7.4238541424274471 11.203089654445646 7.9888497889041892 124.26941041648388 10.918327435851102 6.1473398059606579 10.812781840562819 10.445611715316771 10.058777943253515 7.1862087026238433
leaf_count=851 101 42 63 52 807 77 42 74 69 65 48
internal_value=0.000385209 0.00337714 0.0223732 0.00200264 0.00302514 -0.0114849 -0.00119123 0.0108376 -0.0192163 -0.0212054 -0.038294
internal_weight=351.615 281.224 18.6269 262.597 254.608 70.3911 41.841 25.6348 28.5501 16.2061 18.1045
internal_count=2291 1815 105 1710 1658 476 282 175 194 107 125
cat_boundaries=0 1
cat_threshold=7
is_linear=0
shrinkage=0.05


Tree=23
num_leaves=10
num_cat=1
split_feature=11 2 2 2 2 0 2 2 3
split_gain=2.80835 3.71948 6.44856 3.43307 3.9477 5.14679 3.26573 2.93185 5.42767
threshold=0 8.3305749805749816 6.6259864808251914 2.9455536181342636 2.6045279687204395 1.7509259259259262 1.9763104589694189 3.238164405819937 9.5000000000000018
decision_type=1 2 2 2 2 2 2 2 2
left_child=1 2 6 4 5 -2 -1 -5 -9
right_child=3 -3 -4 7 -6 -7 -8 8 -10
leaf_value=0.010188979135314259 -0.019947237172103394 -0.02891157306334264 0.051637028141197333 0.031020801449101312 -0.040014978755360281 0.00049791847730595493 -0.0059078116439673393 0.035310354498969673 -0.0067166604288287236
leaf_weight=74.518520422279835 49.87324258685112 7.9321124106645575 7.2479014769196501 8.6079185679554922 10.006476983428 78.951800584793091 54.061736755073071 9.0165718793869001 48.720455154776573
leaf_count=464 322 54 43 59 69 511 359 55 333
internal_value=-0.00144753 0.00378598 0.00603063 -0.00507604 -0.00980251 -0.00738776 0.00338287 0.0039751 -1.73078e-05
internal_weight=348.937 143.76 135.828 205.176 138.832 128.825 128.58 66.3449 57.737
internal_count=2269 920 866 1349 902 833 823 447 388
cat_boundaries=0 1
cat_threshold=12
is_linear=0
shrinkage=0.05


Tree=24
num_leaves=9
num_cat=1
split_feature=0 1 0 3 3 2 2 11
split_gain=3.9101 2.90835 2.57982 4.33418 6.67379 4.30335 4.71849 3.67807
threshold=1.0265853393468458 46.500000000000007 1.9345630215195435 20.500000000000004 30.500000000000004 0.23507130124777184 6.6259864808251914 0
decision_type=2 2 2 2 2 2 2 1
left_child=1 -1 5 7 -5 -2 -7 -4
right_child=2 -3 3 4 -6 6 -8 -9
leaf_value=-0.050961119384236968 0.034971774007173689 -0.006722968055645772 0.0033668519263889557 0.040260473231425759 -0.00414196148538073 0.00026085180116005538 0.028862491293676545 -0.013317540860467991
leaf_weight=6.1249660924077061 11.505779683589934 10.096430599689482 51.074472919106483 13.177101373672484 22.831493377685547 137.1886073872447 16.064074203372002 79.334715537726879
leaf_count=43 68 67 326 88 155 891 98 525
internal_value=-3.76505e-05 -0.0239429 0.00112504 -0.00324604 0.0120348 0.00556976 0.00330837 -0.0075097
internal_weight=347.398 16.2214 331.176 166.418 36.0086 164.758 153.253 130.409
internal_count=2261 110 2151 1094 243 1057 989 851
cat_boundaries=0 1
cat_threshold=6
is_linear=0
shrinkage=0.05


Tree=25
num_leaves=10
num_cat=0
split_feature=0 0 0 5 1 1 0 4 6
split_gain=4.43702 3.42042 3.37747 3.60121 5.40017 3.00751 2.4831 5.65028 3.71393
threshold=2.1467001434720236 2.096329417047071 2.2030788457168828 1.0000000180025095e-35 53.500000000000007 30.500000000000004 1.28628692476944 1.0000000180025095e-35 1.8651351678992161
decision_type=2 2 2 2 2 2 2 2 2
left_child=1 6 -2 4 -4 -5 8 -8 -1
right_child=2 -3 3 5 -6 -7 7 -9 -10
leaf_value=0.0056498953756187274 -0.036871954126129085 0.035093241662321743 -0.010798784923688017 0.008799486816844216 0.040889078446094185 -0.012787174987100431 0.012467441274805549 -0.0084746365415188946 -0.022214220855159214
leaf_weight=28.130516171455383 8.507937476038931 9.1122367084026319 9.8619585633277911 20.032603427767754 9.9597230553626996 77.183398470282555 119.70809606462717 43.679150767624378 20.428591959178448
leaf_count=187 57 57 64 139 60 518 757 281 136
internal_value=0.000922206 0.00519739 -0.00656382 -0.00428832 0.0149965 -0.00828312 0.00387255 0.00683655 -0.00599122
internal_weight=346.604 221.059 125.546 117.038 19.8217 97.216 211.946 163.387 48.5591
internal_count=2256 1418 838 781 124 657 1361 1038 323
is_linear=0
shrinkage=0.05


Tree=26
num_leaves=13
num_cat=1
split_feature=0 0 1 2 1 1 3 10 3 3 1 1
split_gain=3.69783 13.6953 4.4436 4.96579 4.36041 4.32922 6.26249 5.06616 3.73611 2.76678 1.74528 1.63793
threshold=1.8152063373119953 1.7509259259259262 25.500000000000004 2.2614175393569975 36.500000000000007 38.500000000000007 11.500000000000002 0 16.500000000000004 16.500000000000004 62.500000000000007 15.500000000000002
decision_type=2 2 2 2 2 2 2 1 2 2 2 2
left_child=1 5 3 11 8 6 -1 -7 -4 -5 -6 -2
right_child=2 -3 4 9 10 7 -8 -9 -10 -11 -12 -13
leaf_value=0.031988040379253166 0.0093589420231944311 0.056972403687064924 -0.04306431760370151 -0.024157327108296281 0.0038909619920314944 -0.0031800009546248524 -0.016250814640561544 0.020780108577993259 -0.0053425093281899202 0.016690324393099885 -0.0078694448998015542 0.042553319045191024
leaf_weight=7.7645549923181525 6.249127700924876 12.399595916271208 14.185460500419142 9.6287453174591082 50.603365316987038 42.3965183198452 44.821873962879181 45.158208459615707 12.828903079032896 7.0093316510319701 81.777596242725849 11.346589237451552
leaf_count=47 41 77 96 65 328 273 308 280 92 49 524 72
internal_value=0.000975694 0.00680695 -0.0035935 0.012674 -0.00712443 0.00229523 -0.0089861 0.0091305 -0.0254207 -0.0066533 -0.00333668 0.0311664
internal_weight=346.17 152.541 193.629 34.2338 159.395 140.141 52.5864 87.5547 27.0144 16.6381 132.381 17.5957
internal_count=2252 985 1267 227 1040 908 355 553 188 114 852 113
cat_boundaries=0 1
cat_threshold=1
is_linear=0
shrinkage=0.05


Tree=27
num_leaves=13
num_cat=1
split_feature=11 2 0 3 3 2 1 1 6 1 1 0
split_gain=2.96732 5.50652 3.81964 3.67279 4.79667 2.87304 2.70923 8.00916 6.09613 2.95276 2.4306 1.24787
threshold=0 0.39803730073719362 1.6774445893089964 9.5000000000000018 14.500000000000002 2.0465025145320364 16.500000000000004 26.500000000000004 2.1238352043436071 10.500000000000002 101.50000000000001 1.8877597542832463
decision_type=1 2 2 2 2 2 2 2 2 2 2 2
left_child=6 2 -2 5 -5 -3 9 8 -8 -1 -9 -11
right_child=1 3 -4 4 -6 -7 7 10 -10 11 -12 -13
leaf_value=0.012352143543449958 0.050051883501127617 0.037023504835915565 0.002312469821808215 -0.032967037654694636 -0.0071409461643110878 -0.0056689296330540342 0.014573914780792084 -0.00045353386017981626 0.066087279011672995 -0.010827385602309777 0.01885784620095024 -0.044264554946424513
leaf_weight=6.6348543763160732 6.5270826071500805 6.8145048022270194 12.073831364512442 23.386651307344437 80.732839517295361 8.7352801412343961 18.831553891301159 146.21496196836233 8.460197299718855 6.0203546136617643 18.179975554347038 6.2350488305091858
leaf_count=43 40 40 74 160 553 53 122 939 54 40 112 41
internal_value=0.000202745 -0.00526215 0.0195097 -0.00960677 -0.0130159 0.012838 0.00388121 0.00586584 0.0309081 -0.0138753 0.00166183 -0.0284641
internal_weight=348.847 138.27 18.6009 119.669 104.119 15.5498 210.577 191.687 27.2918 18.8903 164.395 12.2554
internal_count=2271 920 114 806 713 93 1351 1227 176 124 1051 81
cat_boundaries=0 1
cat_threshold=14
is_linear=0
shrinkage=0.05


Tree=28
num_leaves=10
num_cat=3
split_feature=3 3 6 6 9 0 10 3 7
split_gain=3.4691 4.29582 2.93399 2.59169 8.21015 3.79181 1.82378 1.37104 1.03925
threshold=30.500000000000004 23.500000000000004 3.7635620437956683 1.0334590986360048 0 1.5921691364333166 1 33.500000000000007 2
decision_type=2 2 2 2 1 2 1 2 1
left_child=1 3 6 5 -5 -1 7 -2 -8
right_child=2 -3 -4 4 -6 -7 8 -9 -10
leaf_value=0.0062333733955875744 -0.041551294200250909 0.036322503416851733 0.017514590198047315 0.03421171185784018 0.00046694964542010032 -0.013093570274091049 -0.021360645309286101 -0.013673188431291698 0.0044488367196550823
leaf_weight=40.789386779069901 10.964813016355039 8.5573463290929777 6.1038625836372367 20.108342595398426 169.98248339444399 65.813307665288448 6.4843964576721191 8.6943116858601552 8.9533824622631055
leaf_count=264 77 56 38 129 1094 433 45 62 58
internal_value=-0.000229803 0.00159514 -0.0138427 0.000564771 0.00407897 -0.00565273 -0.0194726 -0.0296068 -0.00613794
internal_weight=346.452 305.251 41.2008 296.694 190.091 106.603 35.0969 19.6591 15.4378
internal_count=2256 1976 280 1920 1223 697 242 139 103
cat_boundaries=0 1 2 3
cat_threshold=2 1 2
is_linear=0
shrinkage=0.05


Tree=29
num_leaves=12
num_cat=1
split_feature=11 2 0 0 2 2 2 2 0 6 6
split_gain=4.12156 6.13936 3.15897 5.33964 4.15055 2.25054 5.08486 4.71594 4.02415 3.90643 0.330714
threshold=0 9.2724180802263607 2.7005391795315248 3.1510869565217394 6.0644930446529637 1.4518849206349207 1.3035841274356423 1.7844677898909815 2.0271004700352528 0.3478879924060258 1.3503611971103568
decision_type=1 2 2 2 2 2 2 2 2 2 2
left_child=1 2 4 -4 -1 6 9 10 -9 -2 -7
right_child=5 -3 3 -5 -6 7 -8 8 -10 -11 -12
leaf_value=0.008967701289223735 -0.033569748975245596 -0.038539560476789456 -0.029758077308232544 0.017922077011604042 0.04321909997028589 -0.045267581818538599 0.037399304848056696 -0.014469373180760773 0.0057231476081877784 0.00079381318671233243 -0.026901377923347031
leaf_weight=104.484061434865 9.2264203727245313 7.1721805930137625 12.848245695233347 10.53432087600231 9.697920620441435 6.7521465420722953 8.4568022489547712 57.157538495957851 42.845653750002384 70.963035963475704 8.7467745095491392
leaf_count=657 61 51 86 69 58 45 55 381 302 453 57
internal_value=-0.000504835 0.00572438 0.00851062 -0.00807943 0.0119558 -0.00498264 0.000713761 -0.00982566 -0.00577101 -0.00313459 -0.0354621
internal_weight=348.885 144.737 137.565 23.3826 114.182 204.148 88.6463 115.502 100.003 80.1895 15.4989
internal_count=2275 921 870 155 715 1354 569 785 683 514 102
cat_boundaries=0 1
cat_threshold=12
is_linear=0
shrinkage=0.05


Tree=30
num_leaves=11
num_cat=2
split_feature=6 6 2 2 2 2 6 2 10 8
split_gain=4.92363 5.1737 5.1642 8.3743 4.60869 10.9072 3.78662 3.22462 4.06974 2.69274
threshold=1.0073344947736407 1.3503611971103568 1.6210660142007294 1.2658027121609801 8.5271942110177417 6.7912348588418636 4.5376495425756529 3.1658576051779943 0 1
decision_type=2 2 2 2 2 2 2 2 1 1
left_child=4 7 3 -3 5 9 -4 8 -2 -1
right_child=1 2 6 -5 -6 -7 -8 -9 -10 -11
leaf_value=-0.0015436453676241145 -0.011733977123735037 0.00078926804332438204 -0.0040454458857187422 0.03924291440679379 -0.052029401749339135 0.055286730172269531 -0.031540570816479915 0.043564307079475971 0.029234414106183111 -0.017619633150731298
leaf_weight=45.139822036027908 11.056378245353701 74.191496834158897 82.359356597065926 17.483403787016869 5.9983343183994284 6.4574761092662802 14.829626969993113 10.683836117386816 12.915024384856222 63.993705332279205
leaf_count=302 72 461 562 109 40 35 96 67 80 428
internal_value=-0.00142041 0.00296734 -0.000268908 0.00821205 -0.00952337 -0.00723134 -0.0083203 0.0206981 0.0101605 -0.0110236
internal_weight=345.108 223.519 188.864 91.6749 121.589 115.591 97.189 34.6552 23.9714 109.134
internal_count=2252 1447 1228 570 805 765 658 219 152 730
cat_boundaries=0 1 2
cat_threshold=1 2
is_linear=0
shrinkage=0.05


Tree=31
num_leaves=9
num_cat=1
split_feature=2 11 0 2 0 0 0 6
split_gain=2.95148 2.29072 4.07215 3.2081 3.1464 4.76274 2.97926 2.76715
threshold=11.518653866276029 0 2.6117462953500259 0.40797035692679978 2.7266178691762524 3.2509678762228549 3.0657667091604446 0.18097120271035397
decision_type=2 1 2 2 2 2 2 2
left_child=1 2 3 -1 7 -6 -4 -3
right_child=-2 4 6 -5 5 -7 -8 -9
leaf_value=0.024646416393587039 -0.034605370388299979 0.016330406260875795 -0.021805276066239609 0.003601802910236897 0.035840949458863208 -0.014036889852584762 0.0048444662754397955 -0.011603548706998403
leaf_weight=20.768073841929436 6.424216888844966 9.4721318781375867 25.592429250478745 145.96742063760757 10.219936169683935 8.6704329401254636 17.229711584746838 102.9323995411396
leaf_count=123 50 62 175 935 70 60 116 672
internal_value=-0.00127838 -0.000625618 0.00259109 0.00626623 -0.00556921 0.012731 -0.0109798 -0.00919274
internal_weight=347.277 340.853 209.558 166.735 131.295 18.8904 42.8221 112.405
internal_count=2263 2213 1349 1058 864 130 291 734
cat_boundaries=0 1
cat_threshold=28
is_linear=0
shrinkage=0.05


Tree=32
num_leaves=8
num_cat=0
split_feature=3 2 2 2 2 6 6
split_gain=2.72128 3.53879 2.63428 2.49104 2.31141 0.774602 2.43255
threshold=30.500000000000004 11.065097418178331 0.43473354688410015 0.092856275426558915 6.5216463654998424 3.0983041296589451 2.0338030851266717
decision_type=2 2 2 2 2 2 2
left_child=1 3 -2 -1 -5 6 -4
right_child=2 -3 5 4 -6 -7 -8
leaf_value=0.027581180778059902 -0.039117775316858221 -0.03444957438814137 -0.00018576402163151176 0.00096832802548091888 0.01607772483082821 0.0081936069113769851 -0.03570981463042959
leaf_weight=10.154461055994032 6.9650349766015998 6.2168355137109748 19.08344637602568 264.05266246199608 28.027778096497059 7.785972759127616 6.4814124107360831
leaf_count=58 46 47 134 1725 171 52 47
internal_value=0.000911224 0.00252222 -0.0112663 0.00331039 0.00244033 -0.00520077 -0.00949098
internal_weight=348.768 308.452 40.3159 302.235 292.08 33.3508 25.5649
internal_count=2280 2001 279 1954 1896 233 181
is_linear=0
shrinkage=0.05


Tree=33
num_leaves=6
num_cat=0
split_feature=2 2 1 1 2
split_gain=4.94102 5.50981 5.21384 4.59405 3.89535
threshold=0.06550343249427916 0.14391349314572177 38.500000000000007 25.500000000000004 3.0258779264214053
decision_type=2 2 2 2 2
left_child=-1 -2 3 -3 -4
right_child=1 2 4 -5 -6
leaf_value=0.040490939700615271 -0.035278175422436782 0.0011837164483759714 0.00095161564399064884 -0.01844094414136609 0.015604100450910192
leaf_weight=7.4566903114318839 10.852795168757437 65.814024493098259 151.19326995313168 53.755288131535053 65.221151575446129
leaf_count=42 66 437 965 384 422
internal_value=0.000487354 -0.000369701 0.000753181 -0.00760528 0.00539572
internal_weight=354.293 346.837 335.984 119.569 216.414
internal_count=2316 2274 2208 821 1387
is_linear=0
shrinkage=0.05


Tree=34
num_leaves=11
num_cat=0
split_feature=3 6 2 5 1 0 1 1 0 6
split_gain=4.05961 4.01703 3.64125 3.02826 13.5128 2.98187 2.37872 3.22837 2.80672 1.8579
threshold=19.500000000000004 3.528114478114619 0.092856275426558915 1.0000000180025095e-35 36.500000000000007 2.3262425161978189 30.500000000000004 54.500000000000007 1.9107592707966521 4.5376495425756529
decision_type=2 2 2 2 2 2 2 2 2 2
left_child=2 6 -1 4 -4 -5 8 -8 -2 -3
right_child=1 9 3 5 -6 -7 7 -9 -10 -11
leaf_value=0.034562806174573489 -0.018126367151105275 0.033977324642256855 -0.01787977486396666 0.0023705912052886962 0.040142750560279175 -0.010777001812784532 -0.039099264603682529 -0.011831935772832012 0.019354484304272609 -0.0016509572510306693
leaf_weight=8.3441677689552289 10.615305967628958 6.1866074725985518 18.17807099968195 160.25935879349709 21.975346803665161 58.767131067812443 16.763431921601295 33.232795558869839 9.2425291463732702 8.1415504217147809
leaf_count=46 73 41 118 1032 131 404 119 220 64 50
internal_value=-0.000768055 -0.010348 0.00223054 0.00115741 0.0137717 -0.00113754 -0.0153265 -0.0211341 -0.000421375 0.0135149
internal_weight=351.706 84.1822 267.524 259.18 40.1534 219.026 69.8541 49.9962 19.8578 14.3282
internal_count=2298 567 1731 1685 249 1436 476 339 137 91
is_linear=0
shrinkage=0.05


Tree=35
num_leaves=9
num_cat=0
split_feature=1 3 1 1 1 1 0 6
split_gain=3.15066 3.8149 4.25801 4.46954 4.29034 4.13225 3.37607 1.67329
threshold=9.0000000000000018 9.5000000000000018 48.500000000000007 36.500000000000007 86.500000000000014 19.500000000000004 1.6328158923143727 2.0114670868343758
decision_type=2 2 2 2 2 2 2 2
left_child=-1 2 3 -2 -4 7 -7 -3
right_child=1 5 4 -5 -6 6 -8 -9
leaf_value=0.033428960240501432 0.011499097514087899 -0.013161255420237633 -0.014240888128431559 0.058843924169702022 0.030875471011095071 -0.0089938527377657236 0.0029111541892357738 -0.040777645970305698
leaf_weight=6.7026969641447058 15.305182270705702 20.993584409356121 19.052246898412708 7.6162129640579215 7.1534011960029593 89.995432756841183 174.8768203780055 7.9306299388408652
leaf_count=43 95 145 113 45 40 598 1154 55
internal_value=-0.000246469 -0.00092881 0.0119326 0.0276351 -0.00166477 -0.00309976 -0.0011168 -0.02102
internal_weight=349.626 342.924 49.127 22.9214 26.2056 293.796 264.872 28.9242
internal_count=2288 2245 293 140 153 1952 1752 200
is_linear=0
shrinkage=0.05


Tree=36
num_leaves=14
num_cat=3
split_feature=0 6 6 6 1 0 6 9 10 3 6 8 6
split_gain=5.73983 3.92158 4.79723 4.6565 4.31859 3.79283 3.38392 3.30602 2.84604 5.14902 3.74495 2.75302 2.37617
threshold=2.5945970959647897 2.0338030851266717 5.2196595364849934 1.0334590986360048 71.500000000000014 1.7037999037999039 0.84499545040938162 0 1 13.500000000000002 2.8860593848435339 2 0.43637477362319854
decision_type=2 2 2 2 2 2 2 1 1 2 2 1 2
left_child=1 3 7 11 -4 -5 12 -3 9 -8 -10 -1 -2
right_child=6 2 4 5 -6 -7 8 -9 10 -11 -12 -13 -14
leaf_value=0.011250869252338872 -0.013812159884812865 0.023589243676188375 0.041833012352990466 0.0045337825663837143 -0.0065222040332099124 0.028264837381925301 0.013828638921479636 -0.012084607566281318 0.024185434610227902 -0.02895629406434095 -0.017349762060573235 -0.0052573051072204889 -0.058495471701005601
leaf_weight=41.948715932667255 6.5727895647287351 6.8952168896794319 9.6364269554615039 30.392111115157604 8.4457879960536939 39.429653339087963 9.701909236609934 79.330398306250572 12.749863214790823 23.867982022464275 9.187043331563471 62.834328234195709 6.1148823797702789
leaf_count=270 47 44 54 194 47 248 62 522 86 168 62 417 44
internal_value=0.00024459 0.00343876 -0.00419802 0.00802934 0.0190608 0.0180279 -0.0127321 -0.00914993 -0.00726216 -0.0164383 0.00656406 0.00130831 -0.0360275
internal_weight=347.107 278.913 104.308 174.605 18.0822 69.8218 68.1945 86.2256 55.5068 33.5699 21.9369 104.783 12.6877
internal_count=2265 1796 667 1129 101 442 469 566 378 230 148 687 91
cat_boundaries=0 1 2 3
cat_threshold=2 1 2
is_linear=0
shrinkage=0.05


Tree=37
num_leaves=6
num_cat=1
split_feature=2 2 11 6 0
split_gain=2.90118 4.28691 2.07944 2.50634 2.37015
threshold=11.518653866276029 9.8102683680476108 0 6.2081524233117777 2.7005391795315248
decision_type=2 2 1 2 2
left_child=1 2 4 -4 -1
right_child=-2 -3 3 -5 -6
leaf_value=0.0081719952785475388 -0.033169664549927376 0.040427838871289673 -0.0042959306979012662 0.026259343686554679 -0.0088129463683881502
leaf_weight=112.76857129484415 6.2202821969985953 6.6619820073246947 189.47624140232801 6.821899712085723 24.75877470523119
leaf_count=702 51 42 1275 36 167
internal_value=0.000373034 0.00101006 0.000196572 -0.00304093 0.00473003
internal_weight=346.708 340.487 333.825 196.298 137.527
internal_count=2273 2222 2180 1311 869
cat_boundaries=0 1
cat_threshold=12
is_linear=0
shrinkage=0.05


Tree=38
num_leaves=10
num_cat=2
split_feature=2 9 6 6 6 0 8 1 6
split_gain=3.94373 5.55985 3.19377 2.71755 2.48773 2.94278 3.12426 2.11038 2.04537
threshold=1.9763104589694189 0 0.31053964543159984 4.5376495425756529 5.4974226804122699 0.97047386507505895 1 21.500000000000004 3.3723340040241152
decision_type=2 1 2 2 2 2 1 2 2
left_child=4 2 -2 8 5 -1 -7 -4 -3
right_child=1 3 7 -5 -6 6 -8 -9 -10
leaf_value=-0.032284653578567017 -0.052617065499445149 -0.0011142426911384883 -0.041826679849423197 -0.026068150649405382 0.025549894218269406 -0.00093532361455695963 0.013203107909007077 -0.0079859462452167643 0.020453457529723496
leaf_weight=5.558757357299327 7.4099840968847266 106.29817608743906 5.926680579781535 9.888702988624571 13.275815978646277 104.18640015274286 61.858479112386703 22.548819154500961 12.130520559847353
leaf_count=39 53 712 43 65 70 669 393 155 82
internal_value=-0.000264398 -0.00591521 -0.02329 -0.00100285 0.00472789 0.00307397 0.0043065 -0.015326 0.00106812
internal_weight=349.082 164.203 35.8855 128.317 184.879 171.604 166.045 28.4755 118.429
internal_count=2281 1110 251 859 1171 1101 1062 198 794
cat_boundaries=0 1 2
cat_threshold=1 2
is_linear=0
shrinkage=0.05


Tree=39
num_leaves=9
num_cat=1
split_feature=0 0 0 0 11 6 2 6
split_gain=5.11436 3.55007 7.51589 3.05771 3.05308 2.84801 4.43521 3.61629
threshold=2.1467001434720236 2.2030788457168828 2.2417897821686461 2.0876096491228076 0 4.9774381095273332 1.5012705131586568 3.6853425780958244
decision_type=2 2 2 2 1 2 2 2
left_child=3 -2 -3 5 -4 7 -7 -1
right_child=1 2 4 -5 -6 6 -8 -9
leaf_value=0.0049853503507877612 -0.035294567170422363 0.044242158955081892 0.0076140018619109727 0.032306362894567807 -0.011341959979755867 0.048376792039193511 -0.0045983778106954585 -0.01874413258660795
leaf_weight=180.96989085525274 10.014518611133097 7.3368323370814315 21.902985438704491 10.364989899098871 83.547240599989891 8.7873537540435773 6.7989041134715071 17.458088837563992
leaf_count=1172 69 45 147 64 574 44 41 114
internal_value=0.00133451 -0.00684644 -0.00424717 0.00583524 -0.00770697 0.00451536 0.0250677 0.00286401
internal_weight=347.181 122.802 112.787 224.379 105.45 214.014 15.5863 198.428
internal_count=2270 835 766 1435 721 1371 85 1286
cat_boundaries=0 1
cat_threshold=2
is_linear=0
shrinkage=0.05


Tree=40
num_leaves=11
num_cat=2
split_feature=3 1 3 1 1 10 10 0 0 1
split_gain=2.66056 3.33446 3.23294 2.36988 5.71952 5.38871 1.51047 1.07241 0.303118 0.249663
threshold=30.500000000000004 55.500000000000007 22.500000000000004 25.500000000000004 36.500000000000007 0 1 1.8671380537974687 2.4687364307425104 72.500000000000014
decision_type=2 2 2 2 2 1 1 2 2 2
left_child=2 6 3 5 -5 -1 8 -3 -2 -9
right_child=1 7 -4 4 -6 -7 -8 9 -10 -11
leaf_value=0.023029744488450049 -0.049687816291515051 0.014810184308629269 0.028453310436122748 -0.019329515487782389 0.0013776732767197724 -0.0076005388689943457 -0.010507989354749387 -0.00025743221470069151 -0.027746994071232229 -0.014852130870186442
leaf_weight=31.718274213373661 5.7187639176845551 8.3685980811715144 10.325363978743551 39.91828940808773 198.23167050629854 25.772242568433285 8.1167242676019669 6.5752830654382688 5.0432642325758934 6.511440210044384
leaf_count=211 42 55 66 283 1256 168 58 44 40 43
internal_value=-0.000491345 -0.0125554 0.00108624 0.000104233 -0.0020789 0.00922242 -0.0278297 0.000719502 -0.0402164 -0.00795591
internal_weight=346.3 40.3341 305.966 295.64 238.15 57.4905 18.8788 21.4553 10.762 13.0867
internal_count=2266 282 1984 1918 1539 379 140 142 82 87
cat_boundaries=0 1 2
cat_threshold=1 1
is_linear=0
shrinkage=0.05


Tree=41
num_leaves=13
num_cat=2
split_feature=6 6 0 6 6 1 9 0 0 9 0 2
split_gain=2.68153 7.99939 6.47887 5.41105 4.47804 3.75913 2.55712 2.27052 2.01314 1.97288 3.64258 1.57642
threshold=1.0580879481372112 1.3351449275362672 1.5790759329042587 1.2353418872826487 1.1197791817785163 15.500000000000002 0 1.649444383919817 2.1467001434720236 1 1.1338308457711446 0.51015254586683167
decision_type=2 2 2 2 2 2 1 2 2 1 2 2
left_child=2 3 9 4 -2 -3 8 -7 -4 -1 -11 -8
right_child=1 5 6 -5 -6 7 11 -9 -10 10 -12 -13
leaf_value=-0.0094995444105244447 0.043095707471948748 -0.030874509809433542 -0.014037098095911905 0.058132994241954165 -0.0083697762668004713 -0.0054126386622209439 0.0003665749511025415 0.0064996453217415137 0.0095981778325787692 0.043320314275650189 0.006664795547320578 -0.024696830984046195
leaf_weight=9.5373442098498344 6.913817882537848 8.5753219798207265 18.691872715950012 10.531361281871794 10.282544322311876 57.635733559727669 7.030086360871791 128.12463641911745 17.033848576247692 8.9799877032637578 28.828516274690628 38.246450841426849
leaf_count=61 42 60 119 63 66 372 44 831 122 61 186 259
internal_value=0.00153294 0.00486788 -0.00419743 0.0299485 0.0121624 0.00125011 -0.0128079 0.0027758 -0.00263301 0.0104245 0.0155941 -0.0207028
internal_weight=350.412 222.063 128.348 27.7277 17.1964 194.336 81.0023 185.76 35.7257 47.3458 37.8085 45.2765
internal_count=2286 1434 852 171 108 1263 544 1203 241 308 247 303
cat_boundaries=0 1 2
cat_threshold=4 2
is_linear=0
shrinkage=0.05


Tree=42
num_leaves=8
num_cat=0
split_feature=0 1 2 3 2 1 2
split_gain=3.60352 2.56361 4.90331 7.46389 4.67397 3.52452 4.63795
threshold=3.6981143503189862 36.500000000000007 3.0258779264214053 15.500000000000002 2.3647429017465122 9.0000000000000018 0.33037230172204707
decision_type=2 2 2 2 2 2 2
left_child=1 5 4 -4 -3 -1 -7
right_child=-2 2 3 -5 -6 6 -8
leaf_value=0.029891657703091358 -0.028786325873896807 0.0037077450110539738 0.035957789193795137 0.0020058485218706081 -0.020931285891413316 0.025772760791821964 -0.0099801864151491046
leaf_weight=6.9447895586490622 9.7231130897998792 134.21646133065224 28.052873715758324 38.90845251083374 22.363643236458302 9.8659299165010435 95.228433877229691
leaf_count=44 70 836 175 257 150 58 667
internal_value=0.00103254 0.00191972 0.00502312 0.0163367 0.000145636 -0.00422658 -0.00655497
internal_weight=345.304 335.581 223.541 66.9613 156.58 112.039 105.094
internal_count=2257 2187 1418 432 986 769 725
is_linear=0
shrinkage=0.05


Tree=43
num_leaves=13
num_cat=2
split_feature=3 3 0 2 0 10 3 7 2 1 1 1
split_gain=3.75349 3.67756 9.87957 6.54183 4.04185 2.92975 2.58961 2.92881 2.08189 2.05029 0.720065 0.614225
threshold=30.500000000000004 20.500000000000004 1.7177187535931935 2.6045279687204395 1.3754194630872483 0 19.500000000000004 1 1.4673076923076926 55.500000000000007 61.500000000000007 30.500000000000004
decision_type=2 2 2 2 2 1 2 1 2 2 2 2
left_child=1 6 4 -4 -3 9 7 -1 -8 11 -7 -2
right_child=5 2 3 -5 -6 10 8 -9 -10 -11 -12 -13
leaf_value=-0.0044524790631361305 -0.028603231912042833 0.011885453463744946 0.065639962831297041 0.0025520870983263572 -0.044548405911043004 -0.0090938176184074127 -0.040457691556299281 0.0061251048494645839 0 -0.012188014744056978 0.011454271810145565 -0.057054084200865801
leaf_weight=152.45268899202347 5.1729178205132502 6.0456503778696078 10.740909323096277 6.9039792567491522 6.2748580425977707 9.7827063575387019 7.1989471986889821 114.48552101105452 5.8141904920339584 11.189315013587473 7.3915016502141944 5.2948843464255333
leaf_count=992 41 41 66 46 41 69 46 729 41 75 48 42
internal_value=-0.00103623 0.000786383 0.0174129 0.0413906 -0.0165811 -0.0156758 -0.000981012 6.59482e-05 -0.0226753 -0.0278629 0 -0.0438712
internal_weight=348.748 309.917 29.9654 17.6449 12.3205 38.8313 279.951 266.938 13.0131 21.6571 17.1742 10.4678
internal_count=2277 2002 194 112 82 275 1808 1721 87 158 117 83
cat_boundaries=0 1 2
cat_threshold=1 2
is_linear=0
shrinkage=0.05


Tree=44
num_leaves=12
num_cat=1
split_feature=6 6 0 0 6 11 6 6 6 0 0
split_gain=4.30036 3.95069 2.34147 4.30052 3.0518 2.2689 4.13102 13.7123 1.99603 1.81773 1.17966
threshold=2.3252906976742147 2.1886217948717435 1.7509259259259262 1.8152063373119953 1.6143569934009934 0 3.039855591359331 3.6228653721080391 6.2081524233117777 1.8412024756852345 1.6666666666666667
decision_type=2 2 2 2 2 1 2 2 2 2 2
left_child=1 2 4 -4 -1 6 9 -8 10 -2 -7
right_child=5 -3 3 -5 -6 8 7 -9 -10 -11 -12
leaf_value=-0.0012056003680917474 -0.0021275682904823129 0.037704058970109644 0.041951961956902789 0.002959277467765236 -0.026160816481778728 -0.029258827100087099 0.064258235074696426 -0.0095206475091106843 0.0072326876581393935 -0.038847354405282156 -0.014191429938382714
leaf_weight=82.348356552422047 6.8138221725821477 7.4300596043467513 7.4514052197337142 120.87237456440926 14.404791995882986 20.130506195127964 8.6248776689171809 22.306219346821308 7.8412238061428061 7.2468162477016449 45.14977452903986
leaf_count=533 46 49 45 806 98 134 57 140 41 51 300
internal_value=-0.00186642 0.0020629 0.000847912 0.00529331 -0.00499578 -0.0096388 0.000584652 0.0110316 -0.0141387 -0.0215466 -0.0189519
internal_weight=350.62 232.507 225.077 128.324 96.7531 118.113 44.9917 30.9311 73.1215 14.0606 65.2803
internal_count=2300 1531 1482 851 631 769 294 197 475 97 434
cat_boundaries=0 1
cat_threshold=9
is_linear=0
shrinkage=0.05


Tree=45
num_leaves=9
num_cat=2
split_feature=6 6 9 6 11 6 0 1
split_gain=4.49742 3.28041 5.56531 3.042 2.89693 2.86576 2.67475 1.16374
threshold=0.16666666666676772 0.43637477362319854 0 6.2081524233117777 1 0.11000126538228762 1.5237877155172417 46.500000000000007
decision_type=2 2 1 2 1 2 2 2
left_child=5 2 -2 4 -3 7 -4 -1
right_child=1 3 6 -5 -6 -7 -8 -9
leaf_value=-0.020943887818047107 0.044564368457516351 0.0050436609141726128 0.026410777582720292 0.024654025294539653 -0.0049689081528314326 -0.043145350388675327 -0.010367670456711747 0.0059483369959193715
leaf_weight=7.5957153290510195 11.629422843456268 114.04793459177017 7.2911136746406582 12.12709119915962 162.97056856751442 8.7393912449479085 14.711805172264574 7.9403854757547379
leaf_count=52 76 727 49 62 1096 60 99 51
internal_value=0.00039539 0.00197285 0.0167304 0.000233834 -0.000825682 -0.0202962 0.00165775 -0.00692956
internal_weight=347.053 322.778 33.6323 289.146 277.019 24.2755 22.0029 15.5361
internal_count=2272 2109 224 1885 1823 163 148 103
cat_boundaries=0 1 2
cat_threshold=4 12
is_linear=0
shrinkage=0.05


Tree=46
num_leaves=9
num_cat=0
split_feature=0 6 6 1 6 6 1 6
split_gain=2.23907 2.1537 4.76265 3.34423 2.96475 2.50646 1.33253 0.197275
threshold=3.6981143503189862 0.14424014095068968 0.28170360712719533 71.500000000000014 0.20577805590310583 0.6326071513142647 35.500000000000007 1.8448836961160315
decision_type=2 2 2 2 2 2 2 2
left_child=1 3 4 6 -3 -4 -1 -2
right_child=7 2 5 -5 -6 -7 -8 -9
leaf_value=-0.014054654282837734 -0.030675067775096938 0.0026747116231661556 -0.011535118256591946 0.014706955546486539 0.04747571855442017 0.0015127954987086175 -0.045268668084800651 -0.014031546213521229
leaf_weight=8.6856448203325289 5.3931323513388616 6.8785709068179122 42.845188207924366 6.2952399328351012 8.5854990854859334 256.3694267347455 6.5435758903622618 5.5270049497485161
leaf_count=61 40 46 286 39 57 1663 44 40
internal_value=-0.00073153 0 0.00104398 -0.0152684 0.0280143 -0.000342088 -0.0280004 -0.0229088
internal_weight=347.123 336.203 314.679 21.5245 15.4641 299.215 15.2292 10.9201
internal_count=2276 2196 2052 144 103 1949 105 80
is_linear=0
shrinkage=0.05


Tree=47
num_leaves=12
num_cat=2
split_feature=3 0 1 1 6 10 1 9 6 1 6
split_gain=1.89736 4.81902 5.11264 1.67559 3.98263 7.80022 1.71246 6.57458 2.57667 1.21749 0.777126
threshold=30.500000000000004 2.3565217391304354 61.500000000000007 101.50000000000001 1.9683983073736917 0 89.000000000000014 1 5.4974226804122699 64.500000000000014 1.4250374592355921
decision_type=2 2 2 2 2 1 2 1 2 2 2
left_child=3 9 -3 6 -5 -6 8 -8 -1 10 -2
right_child=1 2 -4 4 5 -7 7 -9 -10 -11 -12
leaf_value=-5.3112152674286729e-06 -0.0019049547601767804 -0.016193748372481474 0.044189423096759883 0.033085296507212071 -0.041401708634209437 0.033377899494856755 0.026820607952582998 -0.029741246407504175 0.022558502994120731 -0.039116009743850454 -0.026091981819384394
leaf_weight=251.76635507494211 6.9255336523056048 7.182996951043604 6.5481532067060471 12.780486688017847 7.1738278567790967 6.5646282434463501 7.1644089221954346 17.046881541609768 13.197579823434351 9.2236540764570218 7.307439997792244
leaf_count=1655 50 58 45 77 45 39 46 111 72 61 52
internal_value=-0.000197076 -0.0108755 0.0123518 0.00104802 0.013053 -0.00532557 -3.97476e-05 -0.0127568 0.00110779 -0.0246793 -0.0147672
internal_weight=352.882 37.1878 13.7312 315.694 26.5189 13.7385 289.175 24.2113 264.964 23.4566 14.233
internal_count=2311 266 103 2045 161 84 1884 157 1727 163 102
cat_boundaries=0 1 2
cat_threshold=1 2
is_linear=0
shrinkage=0.05


Tree=48
num_leaves=8
num_cat=1
split_feature=3 1 11 2 6 2 1
split_gain=3.19331 6.31798 2.77692 4.87727 3.19306 3.08843 2.58779
threshold=34.500000000000007 61.500000000000007 0 10.112712606898652 6.2081524233117777 8.3305749805749816 63.500000000000007
decision_type=2 2 1 2 2 2 2
left_child=2 -2 5 4 -4 6 -1
right_child=1 -3 3 -5 -6 -7 -8
leaf_value=0.01512095739886247 -0.058039620829565833 0.012689158201557582 -0.0045779633374616142 0.041269159523884401 0.03096431711617012 -0.022284456727557612 0.00039168046453001227
leaf_weight=81.083081193268299 6.3723428621888143 5.9278304725885391 182.94529942423105 6.2247369810938826 6.4176330268383017 7.8522400110959998 48.262005217373371
leaf_count=513 49 39 1231 45 33 55 294
internal_value=0.00115877 -0.0237226 0.00210028 -0.00177524 -0.00333131 0.00725945 0.00966826
internal_weight=345.085 12.3002 332.785 195.588 189.363 137.197 129.345
internal_count=2259 88 2171 1309 1264 862 807
cat_boundaries=0 1
cat_threshold=12
is_linear=0
shrinkage=0.05


Tree=49
num_leaves=11
num_cat=1
split_feature=6 6 6 6 8 6 0 1 1 3
split_gain=3.53174 4.59899 3.02961 6.24343 2.88088 5.62739 3.24832 2.78799 3.38421 2.01014
threshold=1.0073344947736407 1.0981922525107324 1.178039010797626 1.3351449275362672 0 0.43637477362319854 1.4033473389355742 16.500000000000004 25.500000000000004 16.500000000000004
decision_type=2 2 2 2 1 2 2 2 2 2
left_child=4 -2 -3 -4 5 9 -7 -6 -9 -1
right_child=1 2 3 -5 7 6 -8 8 -10 -11
leaf_value=0.0047789389284664365 0.035065771017298325 -0.026436704301443799 0.03481360475986018 0.0014049133346205481 -0.043730281802947274 0.01925779201289685 -0.020113488462686673 0.017925358477953519 -0.014369221108085223 0.036531305018018205
leaf_weight=9.4914447218179721 11.442768201231955 8.4768962711095792 15.003935590386389 195.23992349207401 6.6177924275398246 6.5605827048420933 23.090215973556042 9.3315911218523961 53.911778002977371 11.526178389787672
leaf_count=60 68 54 89 1275 48 41 157 63 364 75
internal_value=0.000626706 0.00427019 0.00262093 0.00382829 -0.00628722 0.00270618 -0.0111986 -0.0128759 -0.00950443 0.0225194
internal_weight=350.693 230.164 218.721 210.244 120.53 50.6684 29.6508 69.8612 63.2434 21.0176
internal_count=2294 1486 1418 1364 808 333 198 475 427 135
cat_boundaries=0 1
cat_threshold=2
is_linear=0
shrinkage=0.05


Tree=50
num_leaves=6
num_cat=1
split_feature=4 1 3 2 8
split_gain=2.13914 1.9203 1.95314 3.05774 2.99211
threshold=1.5000000000000002 9.0000000000000018 15.500000000000002 0.18844696969696967 0
decision_type=2 2 2 2 1
left_child=1 -1 4 -4 -3
right_child=-2 2 3 -5 -6
leaf_value=0.02380274021759482 0.022145469411128538 -0.0028644522856580991 -0.030849916616476222 -0.0034692586892481059 0.012323418948209847
leaf_weight=7.3959052562713614 10.02230268716812 87.141238436102867 10.795667842030523 177.98930979520082 51.220938913524151
leaf_count=46 67 552 67 1209 319
internal_value=-0.000475334 -0.00117437 -0.00176141 -0.005077 0.00272675
internal_weight=344.565 334.543 327.147 188.785 138.362
internal_count=2260 2193 2147 1276 871
cat_boundaries=0 1
cat_threshold=2
is_linear=0
shrinkage=0.05


Tree=51
num_leaves=12
num_cat=1
split_feature=6 0 6 6 0 6 6 3 6 8 1
split_gain=3.28412 5.69072 5.46488 6.83677 4.49763 3.42694 3.35364 3.09681 2.80089 2.20999 1.96287
threshold=0.95751913779220399 1.28628692476944 1.3351449275362672 1.2353418872826487 1.2313846153846155 1.4760889292196131 3.8703501326259975 15.500000000000002 0.076505016722586916 0 48.500000000000007
decision_type=2 2 2 2 2 2 2 2 2 1 2
left_child=4 6 3 -3 10 -4 7 -2 -6 -10 -1
right_child=1 2 5 -5 8 -7 -8 -9 9 -11 -12
leaf_value=0.035515547655529799 -0.0047538544159173128 0.0099410741913621269 -0.023384243863559348 0.059201335662296642 0.01403044776142429 0.004390305335086166 0.011533785980051883 -0.043524710602708939 -0.0050215573850033732 -0.021140073237601975 0
leaf_weight=7.6413933262228957 9.3102923408150726 25.164501667022705 11.801654085516928 9.9041203409433347 9.6787059381604177 159.33527040481567 7.1987651139497748 12.459021657705305 39.621824450790882 48.596278741955757 8.0056701898574811
leaf_count=53 57 158 77 56 63 1035 45 90 264 333 52
internal_value=-0.000135451 0.00322132 0.00615627 0.0241242 -0.00712875 0.00243323 -0.017448 -0.0272694 -0.0111402 -0.0139712 0.0175632
internal_weight=348.717 235.174 206.206 35.0686 113.544 171.137 28.9681 21.7693 97.8968 88.2181 15.6471
internal_count=2283 1518 1326 214 765 1112 192 147 660 597 105
cat_boundaries=0 1
cat_threshold=2
is_linear=0
shrinkage=0.05


Tree=52
num_leaves=9
num_cat=0
split_feature=1 6 6 2 0 2 6 3
split_gain=3.57407 2.1521 4.63697 4.61424 5.084 5.07545 4.25292 2.07346
threshold=112.50000000000001 1.0334590986360048 1.3351449275362672 1.1729595547544511 1.3371910622119472 0.43473354688410015 1.2353418872826487 9.5000000000000018
decision_type=2 2 2 2 2 2 2 2
left_child=1 3 6 5 -5 -1 -3 -4
right_child=-2 2 7 4 -6 -7 -8 -9
leaf_value=0.0025007431800877886 0.035343133719978957 0.0068846340132135732 0.01264593224943715 0.026279524677371099 -0.0053333134756123109 -0.034877037422614707 0.047207544470585089 -0.0026223231161891358
leaf_weight=14.485995039343832 6.9850764423608771 19.731619022786621 25.681729689240456 15.638439401984213 65.975499451160431 23.168421559035778 10.000362887978552 160.46942666918039
leaf_count=92 43 121 149 102 452 159 55 1069
internal_value=0.00018953 -0.000538535 0.00242295 -0.00593843 0.000687733 -0.0203965 0.0207276 -0.000483384
internal_weight=342.137 335.151 215.883 119.268 81.6139 37.6544 29.732 186.151
internal_count=2242 2199 1394 805 554 251 176 1218
is_linear=0
shrinkage=0.05


Tree=53
num_leaves=15
num_cat=1
split_feature=1 10 5 0 1 1 0 2 0 2 5 1 2 2
split_gain=2.80762 4.91561 5.74593 6.11553 5.09052 4.10216 4.01078 3.97972 2.82013 2.81426 2.85327 2.51945 2.20221 0.110302
threshold=26.500000000000004 0 1.0000000180025095e-35 1.6975414522584338 20.500000000000004 36.500000000000007 1.7618427353701758 2.7119252873563222 1.9345630215195435 0.18844696969696967 1.0000000180025095e-35 67.500000000000014 1.733993753659965 4.0843396871920312
decision_type=2 1 2 2 2 2 2 2 2 2 2 2 2 2
left_child=1 4 -3 -4 8 7 -6 12 -1 11 -11 -7 -2 -9
right_child=5 2 3 -5 6 9 -8 13 -10 10 -12 -13 -14 -15
leaf_value=0.020627633621554526 -0.01446026822590178 -0.039689995500563131 -0.020511871574688118 0.026483839788547733 0.014941854176571255 0 0.066553295276716842 -0.029931137425788502 -0.012661755671195207 0.015070875235449588 -0.0014817269008895293 -0.039853934874562784 0.02150196591917267 -0.045679885873364759
leaf_weight=13.834793962538244 17.427916347980503 9.1559582352638227 12.198597930371763 15.607579998672007 7.7218336984515181 7.675948664546012 8.0232519358396512 5.5076932832598677 11.450410343706606 30.197846762835979 183.37262628227472 8.2615000233054143 5.4501065462827674 8.1839309483766538
leaf_count=93 125 59 82 101 53 45 52 45 79 182 1188 49 41 66
internal_value=-0.000697879 0.00761989 -0.00549453 0.00568798 0.0195402 -0.00315671 0.0418112 -0.0186905 0.00536507 -0.000652727 0.00084129 -0.0208655 -0.00561929 -0.0399702
internal_weight=344.07 77.9924 36.9621 27.8062 41.0303 266.078 15.7451 36.5696 25.2852 229.508 213.57 15.9374 22.878 13.6916
internal_count=2260 519 242 183 277 1741 105 277 172 1464 1370 94 166 111
cat_boundaries=0 1
cat_threshold=1
is_linear=0
shrinkage=0.05


Tree=54
num_leaves=15
num_cat=0
split_feature=3 1 1 3 2 1 2 2 4 2 4 6 6 6
split_gain=1.98789 4.66336 5.58368 4.40686 5.07569 4.53785 4.25164 2.53664 3.01978 5.07396 2.83331 5.53729 2.16148 1.59271
threshold=15.500000000000002 39.500000000000007 26.500000000000004 13.500000000000002 4.6552170566143376 74.500000000000014 1.2929655455291225 0.77391578089700397 1.0000000180025095e-35 0.18844696969696967 1.0000000180025095e-35 2.8209288767974181 3.0738095238095462 2.9437026966702375
decision_type=2 2 2 2 2 2 2 2 2 2 2 2 2 2
left_child=1 2 6 4 -3 -5 -1 8 9 -2 11 -9 -12 -4
right_child=7 3 13 5 -6 -7 -8 10 -10 -11 12 -13 -14 -15
leaf_value=0.031715705780353272 -0.029471644192530452 -0.0043633523357371889 -0.037965603198270997 0.039357416969188416 0.031568611157123595 0.0015666555048623092 -0.0073257069358793787 0.0039108150754451248 0.030195283246547047 0.010491942002387773 -0.025082057998175495 -0.020807360554661623 0.0081300009672844262 -0.0049274916600083978
leaf_weight=10.245404176414015 10.528972178697584 47.594814993441105 13.598453097045423 21.741960898041725 12.243487507104872 12.941917464137076 20.979361265897751 85.533625096082687 10.567154265940188 31.293036565184593 27.353177852928638 30.631992779672146 5.6552560254931441 5.5185023322701445
leaf_count=60 67 286 98 134 71 80 137 584 66 201 204 206 39 40
internal_value=0.000229247 0.00470854 -0.0075149 0.0112725 0.00294565 0.025445 0.00538521 -0.00296597 0.00644358 0.00026527 -0.00630616 -0.00257647 -0.0192335 -0.0287639
internal_weight=346.427 144.864 50.3417 94.5222 59.8383 34.6839 31.2248 201.563 52.3892 41.822 149.174 116.166 33.0084 19.117
internal_count=2273 906 335 571 357 214 197 1367 334 268 1033 790 243 138
is_linear=0
shrinkage=0.05


Tree=55
num_leaves=7
num_cat=0
split_feature=6 3 2 6 1 3
split_gain=3.05354 2.35917 3.62803 2.7181 3.57286 2.65904
threshold=6.2081524233117777 19.500000000000004 0.092856275426558915 0.32289137121566708 54.500000000000007 18.500000000000004
decision_type=2 2 2 2 2 2
left_child=1 2 -1 -3 -5 -4
right_child=-2 3 5 4 -6 -7
leaf_value=0.034686390012592182 0.026869141653871949 0.018490459668805647 0.0013389221222771244 -0.02161803572842691 0.00080675453861237846 0.034431319199428358
leaf_weight=8.8279184773564321 11.734914928674696 9.3618161752819997 243.55271662026644 33.78900334239006 36.447594098746777 6.1467300802469245
leaf_count=49 59 67 1590 250 238 42
internal_value=0.00188824 0.000998791 0.00332908 -0.0065017 -0.00992554 0.00218702
internal_weight=349.861 338.126 258.527 79.5984 70.2366 249.699
internal_count=2295 2236 1681 555 488 1632
is_linear=0
shrinkage=0.05


Tree=56
num_leaves=12
num_cat=2
split_feature=1 9 1 3 9 0 1 0 0 3 2
split_gain=2.31857 4.9667 4.17842 5.37005 5.9367 5.01713 4.41281 3.07956 2.98944 2.78933 2.21769
threshold=80.500000000000014 0 70.500000000000014 13.500000000000002 1 2.3709228601620294 63.500000000000007 1.2040356548143798 2.4106344475196941 24.500000000000004 1.2658027121609801
decision_type=2 1 2 2 1 2 2 2 2 2 2
left_child=2 8 3 6 -5 10 -1 -3 -2 -9 -4
right_child=1 7 5 4 -6 -7 -8 9 -10 -11 -12
leaf_value=-0.0091196167031361054 -0.0014217164744548859 0.013702041340284177 0.0058647543291133163 -0.023092541376420507 0.0059466269642820223 -0.016230265054398237 -0.049180518470661731 -0.025612214958424681 0.039197804128292608 0.0075003479318738395 0.040484538977931972
leaf_weight=52.377445906400681 12.867944292724134 7.1016918644309035 7.1353547722101274 19.666590631008148 157.92391804605722 7.7318311408162108 7.947532393038272 44.053850136697292 6.7060896158218375 7.1250306218862525 15.545626550912855
leaf_count=330 78 46 44 133 1079 50 50 278 42 47 92
internal_value=-0.00163751 -0.00923182 0.00054994 -0.00166421 0.00269147 0.0179835 -0.0145529 -0.016581 0.0123689 -0.0208992 0.0298863
internal_weight=346.183 77.8546 268.328 237.915 177.591 30.4128 60.325 58.2806 19.574 51.1789 22.681
internal_count=2269 491 1778 1592 1212 186 380 371 120 325 136
cat_boundaries=0 1 2
cat_threshold=2 2
is_linear=0
shrinkage=0.05


Tree=57
num_leaves=14
num_cat=1
split_feature=0 2 6 3 6 6 0 2 2 2 3 3 9
split_gain=2.54712 4.83718 4.87506 4.72173 3.79584 5.65627 5.3985 3.86142 3.48513 3.3858 3.63275 2.49661 2.39714
threshold=1.6328158923143727 4.7312460832302987 0.68063171748201767 13.500000000000002 1.0580879481372112 2.4680272108845331 1.8807416772018546 2.1999682648178891 0.52899159663865558 6.9383955441764371 13.500000000000002 16.500000000000004 0
decision_type=2 2 2 2 2 2 2 2 2 2 2 2 1
left_child=1 2 11 -3 9 6 -6 -7 -4 10 -2 -1 -5
right_child=4 3 8 12 5 7 -8 -9 -10 -11 -12 -13 -14
leaf_value=0.017170651100660919 -0.033174952287906075 0.051222167299085769 0.0024571760985115853 0.022440816308372386 0.040323829133722344 0.0053810200788500205 0.0087509029139467148 -0.018390244540802608 -0.02532964539245754 0.021576213575275116 -0.004649528421646773 -0.01088519527066422 -0.020097749621267088
leaf_weight=17.433112703263763 14.696036592125891 6.2122354209423092 14.000390529632567 5.8091967403888702 17.55055221170187 45.610962584614754 61.565303556621075 27.029057346284389 51.675506398081779 8.6702172234654409 48.03689906001091 14.195733986794947 7.4015917554497701
leaf_count=111 103 34 82 40 105 286 401 188 344 55 337 101 52
internal_value=-0.000994784 -0.00698632 -0.0115638 0.0156312 0.00211854 0.00660776 0.01586 -0.00340856 -0.0193355 -0.00734854 -0.0114537 0.00442635 -0.000988515
internal_weight=339.887 116.728 97.3047 19.423 223.159 151.756 79.1159 72.64 65.6759 71.4032 62.7329 31.6288 13.2108
internal_count=2239 764 638 126 1475 980 506 474 426 495 440 212 92
cat_boundaries=0 1
cat_threshold=4
is_linear=0
shrinkage=0.05


Tree=58
num_leaves=11
num_cat=1
split_feature=1 10 1 5 0 1 2 6 2 0
split_gain=2.9872 4.37471 6.28581 5.80257 5.02941 3.88353 3.33497 2.82317 2.18568 2.0478
threshold=26.500000000000004 0 20.500000000000004 1.0000000180025095e-35 1.6975414522584338 29.500000000000004 1.155711206896552 0.076505016722586916 9.8102683680476108 1.7618427353701758
decision_type=2 1 2 2 2 2 2 2 2 2
left_child=1 2 6 -3 -5 -2 -1 -7 -9 -4
right_child=5 3 9 4 -6 7 -8 8 -10 -11
leaf_value=0.033603549673357519 -0.042059853897565044 -0.038762556058621243 0.024149016805321655 -0.018082560297677925 0.024365926045092134 0.027852305292422386 -0.0076080291799275118 -0.0035934729910626706 0.022587444292769238 0.061519534209533371
leaf_weight=6.6213072538375881 6.0460078716278067 8.9693299829959852 7.9763398617506054 11.552665822207929 17.067908093333244 7.6638721823692313 17.833093024790287 243.42876961827278 8.1001797989010793 8.2782763540744764
leaf_count=42 45 59 53 79 109 51 125 1587 55 51
internal_value=-0.00019268 0.00836669 0.0197233 -0.00381928 0.00705424 -0.00274046 0.00343825 -0.00178814 -0.00272184 0.0437469
internal_weight=343.538 78.2989 40.709 37.5899 28.6206 265.239 24.4544 259.193 251.529 16.2546
internal_count=2256 518 271 247 188 1738 167 1693 1642 104
cat_boundaries=0 1
cat_threshold=1
is_linear=0
shrinkage=0.05


Tree=59
num_leaves=8
num_cat=1
split_feature=2 11 2 3 6 3 3
split_gain=3.23017 3.39326 3.78769 3.14498 2.62921 2.28043 3.84395
threshold=9.5942055219984379 0 0.06550343249427916 9.5000000000000018 1.2909799051704181 5.5000000000000009 15.500000000000002
decision_type=2 1 2 2 2 2 2
left_child=1 5 -3 -4 -2 -1 -7
right_child=4 2 3 -5 -6 6 -8
leaf_value=-0.0118868984184511 -0.045497310155770188 0.035766786469393609 0.011848829923844824 -0.0062480346290668199 -0.0015870840618575381 0.022088859022329238 0.0038206432695078573
leaf_weight=12.24347512423992 6.4207335412502271 6.2298841178417197 28.014768801629543 159.49823489040136 7.6788772344589233 45.561408244073391 80.447958059608936
leaf_count=71 45 34 168 1102 56 275 523
internal_value=0.00120729 0.00221918 -0.00209793 -0.00351281 -0.0221148 0.00788409 0.0104778
internal_weight=346.095 331.996 193.743 187.513 14.0996 138.253 126.009
internal_count=2274 2173 1304 1270 101 869 798
cat_boundaries=0 1
cat_threshold=12
is_linear=0
shrinkage=0.05


Tree=60
num_leaves=10
num_cat=0
split_feature=0 0 2 4 6 0 2 2 6
split_gain=4.3413 3.82194 3.52423 4.52457 4.47421 2.49928 2.19058 7.7526 2.72906
threshold=2.1467001434720236 2.0876096491228076 0.56273148148148155 1.0000000180025095e-35 3.039855591359331 2.2030788457168828 2.2837112688246495 1.9075742279516452 3.528114478114619
decision_type=2 2 2 2 2 2 2 2 2
left_child=1 2 4 -4 -1 -2 7 -7 -8
right_child=5 -3 3 -5 -6 6 8 -9 -10
leaf_value=0.0068584520796223254 -0.032165024873568433 0.034199668488757468 0.0056448164312213169 -0.012277779297661155 0.046688988149462068 -0.0047914148184403267 -0.019862086288970696 0.050036145341034233 0.011805111134678227
leaf_weight=27.506811261177063 8.9271766170859319 10.588700272142885 120.24213650077581 49.656649000942707 9.6010783091187459 65.032974749803543 34.482192158699036 7.0533803626894942 8.1879088655114156
leaf_count=168 63 65 763 344 54 426 252 47 58
internal_value=0.000725545 0.00498969 0.00345562 0.000372992 0.0173961 -0.00673389 -0.00468573 0.000565875 -0.0136552
internal_weight=341.279 217.595 207.007 169.899 37.1079 123.684 114.756 72.0864 42.6701
internal_count=2240 1394 1329 1107 222 846 783 473 310
is_linear=0
shrinkage=0.05


Tree=61
num_leaves=5
num_cat=0
split_feature=2 1 2 1
split_gain=3.91903 3.56143 2.44812 2.30631
threshold=0.092856275426558915 112.50000000000001 0.15675837476248733 58.500000000000007
decision_type=2 2 2 2
left_child=-1 2 -2 -4
right_child=1 -3 3 -5
leaf_value=0.025668906600129372 -0.029293631081755912 0.032890450797921598 -0.0066829083398845905 0.0019424162204179707
leaf_weight=12.330790854990481 9.0035383254289609 6.6791528686881056 176.89932873100042 136.56758626550436
leaf_count=69 57 42 1214 867
internal_value=-0.0018503 -0.00290391 -0.00367077 -0.00290976
internal_weight=341.48 329.15 322.47 313.467
internal_count=2249 2180 2138 2081
is_linear=0
shrinkage=0.05


Tree=62
num_leaves=10
num_cat=1
split_feature=0 2 11 3 6 0 3 3 3
split_gain=1.9205 2.72359 4.65706 4.03702 2.29412 1.46796 1.77969 3.35696 2.90345
threshold=2.5945970959647897 0.40797035692679978 0 12.500000000000002 2.3079002079000284 2.536186398403725 9.5000000000000018 5.5000000000000009 13.500000000000002
decision_type=2 2 1 2 2 2 2 2 2
left_child=5 -2 4 -4 -3 6 7 -1 -8
right_child=1 2 3 -5 -6 -7 8 -9 -10
leaf_value=-0.0015179339964029412 -0.034046347713043865 -0.041641640416082926 -0.021887561162938104 0.019242033479575506 -0.0085642077224818026 0.024402697238712093 -0.016027656221262107 0.029182960140387383 0.0005596454263614945
leaf_weight=22.68971985578537 9.2213115915656072 11.517613157629969 7.5903970524668685 25.510982155799866 10.496642954647539 6.2349436208605757 30.114282682538033 14.251509204506872 204.45111964643002
leaf_count=132 62 88 50 182 73 41 196 83 1349
internal_value=-0.00117884 -0.00896072 -0.00461907 0.00739521 -0.0180458 0.000608361 3.47495e-05 0.0102379 -0.0015545
internal_weight=342.079 64.3369 55.1156 33.1014 22.0143 277.742 271.507 36.9412 234.565
internal_count=2256 455 393 232 161 1801 1760 215 1545
cat_boundaries=0 1
cat_threshold=24
is_linear=0
shrinkage=0.05


Tree=63
num_leaves=14
num_cat=2
split_feature=8 11 1 3 0 5 1 3 1 3 0 0 3
split_gain=1.86924 4.34128 3.68431 3.17649 3.03558 2.92646 2.9593 2.61572 2.48039 1.88578 1.71951 0.704638 0.411041
threshold=0 1 34.500000000000007 10.500000000000002 2.8867465839550679 1.0000000180025095e-35 27.500000000000004 33.500000000000007 24.500000000000004 16.500000000000004 1.28628692476944 1.649444383919817 16.500000000000004
decision_type=1 1 2 2 2 2 2 2 2 2 2 2 2
left_child=1 5 8 11 -5 -1 -7 10 9 -2 -3 -4 -10
right_child=2 7 3 4 -6 6 -8 -9 12 -11 -12 -13 -14
leaf_value=0.031801657742308753 0.015488832330477912 -0.028039673994275628 0.019701173619331894 0.0096414229804183543 -0.026700179123178333 0.021751092859483897 -0.0016995273717449893 0.022236555174949432 -0.033126006558415876 -0.014608709920594185 -0.0079143137923702415 0.043958604996747142 -0.013786917433257462
leaf_weight=10.29049491882324 12.120193012058737 11.988574884831904 7.4361942559480649 71.138412736356258 6.0942309200763694 17.080422759056091 60.64497135579586 6.468801498413085 7.3142881169915182 8.8796281144022924 109.07204103469849 7.2046172544360161 6.705817274749279
leaf_count=62 81 82 42 463 44 111 394 46 53 66 718 43 53
internal_value=0.000725933 -0.00209151 0.00554898 0.0108295 0.00667833 0.00612429 0.00341091 -0.00767942 -0.00815324 0.00251641 -0.00997008 0.0321945 -0.0243934
internal_weight=342.439 215.545 126.893 91.8735 77.2326 88.0159 77.7254 127.529 35.0199 20.9998 121.061 14.6408 14.0201
internal_count=2258 1413 845 592 507 567 505 846 253 147 800 85 106
cat_boundaries=0 1 2
cat_threshold=2 10
is_linear=0
shrinkage=0.05


Tree=64
num_leaves=5
num_cat=0
split_feature=6 6 6 2
split_gain=2.8447 2.76956 2.63494 1.90097
threshold=6.2081524233117777 0.076505016722586916 0.15363233665561662 4.904938271604939
decision_type=2 2 2 2
left_child=1 -1 -3 -4
right_child=-2 2 3 -5
leaf_value=0.024108744676533709 0.023733248829390961 -0.024586662561632052 -0.0017731074162290275 0.0083800839689133384
leaf_weight=11.456266216933725 13.089297667145727 11.139874696731566 255.87483885884285 56.120735675096512
leaf_count=76 65 79 1687 375
internal_value=0.000956189 4.33822e-05 -0.000801544 3.92944e-05
internal_weight=347.681 334.592 323.135 311.996
internal_count=2282 2217 2141 2062
is_linear=0
shrinkage=0.05


Tree=65
num_leaves=13
num_cat=2
split_feature=1 2 1 3 1 2 5 1 10 10 6 6
split_gain=2.28267 3.46791 3.72453 3.27297 7.42304 4.94076 4.10153 5.20199 3.22555 2.2787 1.6546 0.60106
threshold=38.500000000000007 7.1973328688112117 35.500000000000007 15.500000000000002 44.500000000000007 3.0258779264214053 1.0000000180025095e-35 57.500000000000007 0 1 1.499999999999833 1.3059697041982721
decision_type=2 2 2 2 2 2 2 2 1 1 2 2
left_child=1 2 8 4 -2 -6 7 -5 -1 -8 -3 -4
right_child=3 10 11 6 5 -7 9 -9 -10 -11 -12 -13
leaf_value=0.0079168215247535107 0.052135082133071255 -0.051592510628466273 -0.041996332283328303 -0.015382783357472722 -0.0039040527464575961 0.022381205913004187 -0.013963743349962586 0.036324268463644754 -0.010561289374960136 0.00028463131736112548 -0.011567926488995288 -0.017044964016482689
leaf_weight=50.162848196923733 8.8688815459609014 5.907184883952139 6.026633106172083 7.5324242338538197 57.716561630368233 25.659004785120487 58.866687282919884 12.91517201811075 44.37448588758707 52.24560335278511 5.3422787263989449 5.9292425066232681
leaf_count=349 53 43 45 48 347 153 402 79 308 337 42 44
internal_value=-0.00131562 -0.00695615 -0.00409829 0.0016313 0.00886239 0.00414251 -0.00340375 0.0170511 -0.000705704 -0.00722489 -0.0332951 -0.030281
internal_weight=341.547 117.743 106.493 223.804 92.2444 83.3756 131.56 20.4476 94.5373 111.112 11.2495 11.9559
internal_count=2250 831 746 1419 553 500 866 127 657 739 85 89
cat_boundaries=0 1 2
cat_threshold=1 1
is_linear=0
shrinkage=0.05


Tree=66
num_leaves=9
num_cat=2
split_feature=0 0 11 2 0 2 0 11
split_gain=2.15621 5.57033 3.5516 4.96964 3.75653 2.76877 2.05279 4.35969
threshold=2.5945970959647897 2.536186398403725 0 0.69388425251085251 1.28628692476944 0.34543689320388354 2.6802777777777784 1
decision_type=2 2 1 2 2 2 2 1
left_child=1 2 4 -4 -1 -2 -7 -8
right_child=5 -3 3 -5 -6 6 7 -9
leaf_value=-0.01090642340602015 -0.035535488873693337 0.046872108550303632 0.012672347144615287 -0.0086659045304665876 0.012636756832732516 -0.027950874502991038 -0.013939582567756147 0.011207282860564572
leaf_weight=20.58461257815361 7.9420662820339194 6.6903084069490424 34.708355605602264 124.39015282690525 89.565529964864254 7.6403756588697425 21.391968131065369 27.964900478720665
leaf_count=140 55 42 207 822 573 53 159 193
internal_value=0.000186336 0.0021303 0.000983002 -0.00373949 0.00750508 -0.00798763 -0.00400599 -0.000149237
internal_weight=340.878 275.939 269.249 159.099 110.15 64.9393 56.9972 49.3569
internal_count=2244 1784 1742 1029 713 460 405 352
cat_boundaries=0 1 2
cat_threshold=24 24
is_linear=0
shrinkage=0.05


Tree=67
num_leaves=7
num_cat=0
split_feature=0 0 0 0 0 1
split_gain=4.44613 2.38408 3.08594 4.04094 1.43346 1.37823
threshold=0.97047386507505895 2.2417897821686461 2.2030788457168828 2.1613449935597591 2.2971547706647049 25.500000000000004
decision_type=2 2 2 2 2 2
left_child=-1 2 3 -2 -3 -6
right_child=1 4 -4 -5 5 -7
leaf_value=-0.033636276760108032 0.0037910843374165909 -0.026475073266367201 0.034071737398822619 -0.035902209812627699 0.008865032800916741 -0.0064336314819991962
leaf_weight=9.5238942727446538 214.11956802010536 7.4213659241795531 8.0074957460165006 6.4927068501710883 17.629186145961285 81.664537206292152
leaf_count=70 1365 52 48 48 120 567
internal_value=-0.000116088 0.000830762 0.00372363 0.0025845 -0.00531762 -0.00366093
internal_weight=344.859 335.335 228.62 220.612 106.715 99.2937
internal_count=2270 2200 1461 1413 739 687
is_linear=0
shrinkage=0.05


Tree=68
num_leaves=12
num_cat=2
split_feature=2 2 10 2 0 0 0 7 0 6 2
split_gain=1.9128 9.33674 4.60268 3.3481 2.92934 6.80115 3.88042 2.8149 2.75637 2.59834 2.44619
threshold=1.3397660571766399 1.1941462021701885 0 0.93132201334141906 1.3456855319341552 1.2905906532034674 1.4328052352925369 1 2.5815693701723119 5.3740196078431213 1.8712060166532367
decision_type=2 2 1 2 2 2 2 1 2 2 2
left_child=1 3 -3 8 5 10 -6 -5 -1 -8 -2
right_child=4 2 -4 7 6 -7 9 -9 -10 -11 -12
leaf_value=0.0075712878657246867 -0.028250894408606592 0.0100893314162045 0.067349106275229373 0.0030785108984750422 -0.03634453609997023 0.057675831803408517 -0.0028552267095749134 -0.030848427664642603 -0.01361564005724885 -0.030614876327136782 0.0070380165220330602
leaf_weight=81.034141786396503 6.1768654882907894 6.7455681636929494 7.8917698636651039 9.95967698097229 10.104489929974077 5.9557723402976981 151.97241739928722 14.71192642301321 18.71738325804472 8.8914971575140935 22.366811327636242
leaf_count=493 42 43 49 68 68 35 1040 100 128 53 156
internal_value=-0.000597329 0.00391224 0.0415479 -0.000504939 -0.00367414 0.00953964 -0.00637378 -0.0169935 0.00353604 -0.00443873 -0.000495931
internal_weight=344.528 139.06 14.6373 124.423 205.468 34.4994 170.968 24.6716 99.7515 160.864 28.5437
internal_count=2275 881 92 789 1394 233 1161 168 621 1093 198
cat_boundaries=0 1 2
cat_threshold=1 2
is_linear=0
shrinkage=0.05


Tree=69
num_leaves=7
num_cat=0
split_feature=0 0 0 3 2 2
split_gain=4.16159 3.09948 2.4737 1.94112 3.81121 2.28962
threshold=3.6981143503189862 3.1306372549019614 3.2981463649494462 30.500000000000004 0.092856275426558915 0.36270371097584925
decision_type=2 2 2 2 2 2
left_child=1 3 -3 4 -1 -5
right_child=-2 2 -4 5 -6 -7
leaf_value=0.030735699142752274 -0.032020375360939532 0.045441141428939305 0.0056304031944816556 -0.040858974339262298 0.00076380559558377468 -0.0048990768214626874
leaf_weight=10.95721200108528 9.3121491372585279 6.9064217731356647 9.6447737142443639 5.2235684916377059 274.04452100396156 29.658566728234291
leaf_count=58 72 48 68 36 1783 216
internal_value=0.000745432 0.00167646 0.0227159 0.000565464 0.00194402 -0.0105284
internal_weight=345.747 336.435 16.5512 319.884 285.002 34.8821
internal_count=2281 2209 116 2093 1841 252
is_linear=0
shrinkage=0.05


Tree=70
num_leaves=13
num_cat=2
split_feature=2 4 2 2 2 6 6 8 6 0 3 7
split_gain=1.73063 6.72757 4.53506 2.91863 4.28092 6.24351 3.20927 2.97718 2.90117 2.84568 2.05108 1.79602
threshold=0.39803730073719362 1.0000000180025095e-35 0.12897764628533859 1.1941462021701885 1.3397660571766399 1.5801927103362818 0.51359924292869041 0 2.2103356216631105 1.8807416772018546 16.500000000000004 1
decision_type=2 2 2 2 2 2 2 1 2 2 2 1
left_child=1 2 10 6 5 -5 9 -8 -4 -2 -1 -6
right_child=3 -3 8 4 11 -7 7 -9 -10 -11 -12 -13
leaf_value=0 -0.044966878240276668 0.048979793121712523 0.034768257434749011 -0.0019272826449118733 -0.0026119831186133366 0.062988948008175005 -0.010589408269076714 0.012615688820184948 -0.005250705750556528 0 -0.037787005505011545 0.0069275074267429243
leaf_weight=6.8043771311640722 9.7320992499589902 8.965009465813635 10.061583027243616 7.4907636269927007 126.31005271524191 6.9485682025551796 43.264536298811436 20.066162586212158 7.7851261273026457 5.7815113812685004 7.7561943009495735 80.50923228263855
leaf_count=39 67 50 62 48 852 42 282 125 49 40 48 544
internal_value=0.00132748 0.0109013 9.53556e-05 0 0.00294812 0.0291865 -0.00824961 -0.00314981 0.0171005 -0.0285946 -0.0203811 0.00107888
internal_weight=341.475 41.3723 32.4073 300.103 221.259 14.4393 78.8443 63.3307 17.8467 15.5136 14.5606 206.819
internal_count=2248 248 198 2000 1486 90 514 407 111 107 87 1396
cat_boundaries=0 1 2
cat_threshold=2 2
is_linear=0
shrinkage=0.05


Tree=71
num_leaves=7
num_cat=0
split_feature=1 1 6 0 3 3
split_gain=3.22493 2.00882 2.30653 3.66289 2.12972 1.55958
threshold=9.0000000000000018 15.500000000000002 3.6620081807557865 3.1855221518987347 17.500000000000004 8.5000000000000018
decision_type=2 2 2 2 2 2
left_child=-1 4 3 -3 -2 -4
right_child=1 2 5 -5 -6 -7
leaf_value=0.03015841838918595 -0.0056628420516043774 -0.0015424184106405453 -0.032410947021402896 0.022216122141996981 -0.043036327043826789 -0.0076722558514723139
leaf_weight=7.4363311901688567 10.896182999014856 243.70993687957525 7.4681082069873801 17.278524823486805 6.1316053420305243 49.720378249883652
leaf_count=47 76 1603 42 124 46 313
internal_value=-0.00213184 -0.00287187 -0.00195584 1.92521e-05 -0.0195854 -0.011041
internal_weight=342.641 335.205 318.177 260.988 17.0278 57.1885
internal_count=2251 2204 2082 1727 122 355
is_linear=0
shrinkage=0.05


Tree=72
num_leaves=9
num_cat=0
split_feature=0 6 4 6 6 6 0 3
split_gain=1.96989 3.91839 2.56872 1.9523 3.75202 2.47434 1.27589 1.13983
threshold=1.121357685810811 0.48307100726687269 1.5000000000000002 4.5376495425756529 4.9774381095273332 1.0073344947736407 0.90746276218461863 15.500000000000002
decision_type=2 2 2 2 2 2 2 2
left_child=1 -1 3 5 -5 -2 -3 -8
right_child=2 6 -4 4 -6 -7 7 -9
leaf_value=0.021743221355704223 -0.0044928521734629726 -0.0040329478001488372 0.026894095274137449 -0.044581646475620573 -0.0018292186195109977 0.0053385269657835136 -0.015277526073461934 -0.046214302317099901
leaf_weight=5.9647376462817219 99.417313873767853 6.1726677417755154 9.4047380164265615 6.6221223846077946 22.918565638363361 177.78208811581135 6.2697293534874898 7.2949671894311905
leaf_count=43 683 45 62 46 130 1151 39 52
internal_value=0.000186714 -0.0130802 0.0012849 0.000474913 -0.0116998 0.00179413 -0.0239127 -0.0324974
internal_weight=341.847 25.7021 316.145 306.74 29.5407 277.199 19.7374 13.5647
internal_count=2251 179 2072 2010 176 1834 136 91
is_linear=0
shrinkage=0.05


Tree=73
num_leaves=9
num_cat=0
split_feature=0 6 6 3 1 3 6 6
split_gain=2.49417 2.01129 6.48899 6.00355 3.98265 3.36743 3.78976 3.74074
threshold=3.6981143503189862 3.0738095238095462 3.410317460317517 20.500000000000004 57.500000000000007 9.5000000000000018 1.3930982989222598 2.0338030851266717
decision_type=2 2 2 2 2 2 2 2
left_child=1 5 4 -4 -3 7 -7 -1
right_child=-2 2 3 -5 -6 6 -8 -9
leaf_value=0.0059171010794170417 -0.024716576376060256 0.067701333642144562 -0.004608421129940859 0.034059732267387531 0.010719605975575081 0.0032241861594312624 -0.010111463579210814 0.046640689803733398
leaf_weight=29.255025088787079 8.7653108611702901 6.7830828204750997 52.852534264326096 12.259282745420931 6.0413926169276237 125.76962213218212 91.87724244967103 7.0274444073438636
leaf_count=173 68 44 332 79 39 846 623 40
internal_value=0.00141332 0.00212577 0.00914643 0.00263643 0.0415357 -1.20926e-05 -0.00238441 0.0140487
internal_weight=340.631 331.866 77.9363 65.1118 12.8245 253.929 217.647 36.2825
internal_count=2244 2176 494 411 83 1682 1469 213
is_linear=0
shrinkage=0.05


Tree=74
num_leaves=6
num_cat=0
split_feature=6 6 2 3 1
split_gain=2.17301 3.20927 2.27933 4.21222 1.73845
threshold=0.076505016722586916 0.14424014095068968 6.6259864808251914 18.500000000000004 63.500000000000007
decision_type=2 2 2 2 2
left_child=-1 -2 4 -4 -3
right_child=1 2 3 -5 -6
leaf_value=0.018975149991603286 -0.032058371195029758 1.4738173769503053e-05 0.0018564601729087007 0.047209946251943635 -0.0079922401785506685
leaf_weight=12.097659245133398 8.8416119515895826 171.40816935896873 27.12203773856163 6.2917658239603034 110.71365850418806
leaf_count=79 64 1153 172 44 709
internal_value=-0.00169659 -0.00248857 -0.00163426 0.010661 -0.00311146
internal_weight=336.475 324.377 315.536 33.4138 282.122
internal_count=2221 2142 2078 216 1862
is_linear=0
shrinkage=0.05


Tree=75
num_leaves=6
num_cat=0
split_feature=1 2 2 2 4
split_gain=3.34376 2.03361 4.25563 4.39444 3.95183
threshold=9.0000000000000018 11.065097418178331 6.0644930446529637 2.072515723270441 1.0000000180025095e-35
decision_type=2 2 2 2 2
left_child=-1 2 3 -2 -4
right_child=1 -3 4 -5 -6
leaf_value=0.033748886831951534 0.0025545380769091499 -0.028069164902633243 0.025306315300405814 -0.010174160997895143 -0.012670317691036612
leaf_weight=7.0891063809394828 180.85447249561548 6.5615910589694968 27.545696549117565 108.00405641645193 8.8429767489433271
leaf_count=43 1152 54 167 763 56
internal_value=0 -0.000717962 -0.000142348 -0.00218929 0.015931
internal_weight=338.898 331.809 325.247 288.859 36.3887
internal_count=2235 2192 2138 1915 223
is_linear=0
shrinkage=0.05


Tree=76
num_leaves=12
num_cat=1
split_feature=0 0 11 1 1 3 3 3 1 6 6
split_gain=1.97903 3.05814 3.39753 2.85292 3.86377 2.74754 1.99115 5.12091 3.0251 1.83585 1.09076
threshold=2.5945970959647897 2.6599804726761058 0 15.500000000000002 9.0000000000000018 12.500000000000002 9.5000000000000018 10.500000000000002 45.500000000000007 1.1287363125184633 1.0430641657394955
decision_type=2 2 1 2 2 2 2 2 2 2 2
left_child=3 -2 9 4 -1 -4 8 -8 -5 -3 -6
right_child=1 2 5 6 10 -7 7 -9 -10 -11 -12
leaf_value=0.011390293195512925 -0.043905392848848375 -0.01147871675296579 0.0075560017121078273 0.027624653715318599 -0.050389187552913044 -0.024271264538847682 -0.036771355264704035 0.00069149886390468078 0 0.022062286151293447 -0.018380366612927392
leaf_weight=6.4881389364600208 6.0156768709421149 5.3205686807632473 8.4826466590166074 16.420009933412075 6.3672116249799711 29.262553922832012 9.4189230576157552 215.07363251596689 24.014217481017113 14.858969718217848 5.9541005864739418
leaf_count=38 42 41 57 95 49 215 58 1416 134 102 42
internal_value=-0.00218444 -0.0101267 -0.0064629 -0.000374078 -0.0191499 -0.0134353 0.000946834 -0.000873722 0.0111552 0.00867939 -0.0355964
internal_weight=347.677 63.9404 57.9247 283.736 18.8095 37.7452 264.927 224.493 40.4342 20.1795 12.3213
internal_count=2289 457 415 1832 129 272 1703 1474 229 143 91
cat_boundaries=0 1
cat_threshold=3
is_linear=0
shrinkage=0.05


Tree=77
num_leaves=9
num_cat=1
split_feature=6 11 0 0 2 0 2 6
split_gain=2.25654 2.17591 5.38294 4.34225 3.45517 5.25263 4.08921 2.85148
threshold=6.2081524233117777 0 2.7110366600090203 3.02913719943423 1.9763104589694189 2.6117462953500259 1.6582405935347113 0.33040671805470107
decision_type=2 1 2 2 2 2 2 2
left_child=1 4 7 -4 6 -6 -1 -3
right_child=-2 2 3 -5 5 -7 -8 -9
leaf_value=0.0042606098025510693 0.020939105937776124 0.0084942140912872936 0.043384332622251928 -0.0026943088007469907 0 -0.031294575093201799 0.035646342924970424 -0.014886986361230498
leaf_weight=99.40908208489418 11.271306991577147 14.834019564092157 8.5031551867723483 12.119378939270971 79.027345851063728 16.097176924347878 11.589759260416029 92.098803304135799
leaf_count=628 56 101 58 87 526 126 75 624
internal_value=-0.000932011 -0.00169183 -0.0065409 0.0161814 0.00152941 -0.00535547 0.00761184 -0.0115919
internal_weight=344.95 333.679 127.555 20.6225 206.123 95.1245 110.999 106.933
internal_count=2281 2225 870 145 1355 652 703 725
cat_boundaries=0 1
cat_threshold=28
is_linear=0
shrinkage=0.05


Tree=78
num_leaves=10
num_cat=0
split_feature=1 1 1 2 2 2 3 2 2
split_gain=2.6688 3.63038 2.09708 3.35676 4.71011 2.98981 2.96686 2.83135 1.30005
threshold=15.500000000000002 9.0000000000000018 26.500000000000004 7.1973328688112117 3.8790762902019451 7.1973328688112117 16.500000000000004 5.2825630252100853 2.6259513142980526
decision_type=2 2 2 2 2 2 2 2 2
left_child=1 -1 3 4 -2 7 -7 -4 -3
right_child=2 8 5 -5 -6 6 -8 -9 -10
leaf_value=0.011713165076027857 0.0061756269882329408 -0.018066488549690847 -0.0013918511655907598 -0.023180884291325657 0.045478584002101224 0.036006485142803149 0 -0.022250303175452145 -0.049286705693434706
leaf_weight=7.1611186116933849 38.715502299368382 9.5158232375979406 225.22188557684422 6.7054492831230155 9.5471832081675512 10.107379928231241 13.416230306029318 17.515566915273666 6.0269769318401805
leaf_count=43 249 69 1489 48 61 59 89 120 49
internal_value=-0.00059542 -0.0171309 0.000562687 0.00945545 0.0141318 -0.00125726 0.0156911 -0.0029261 -0.03073
internal_weight=343.933 22.7039 321.229 54.9681 48.2627 266.261 23.5236 242.737 15.5428
internal_count=2276 161 2115 358 310 1757 148 1609 118
is_linear=0
shrinkage=0.05


Tree=79
num_leaves=9
num_cat=1
split_feature=1 2 2 7 1 0 0 0
split_gain=1.91922 2.08339 2.67412 4.56317 3.64588 2.22792 2.36205 1.35128
threshold=13.500000000000002 6.6259864808251914 3.7248198198198201 0 96.500000000000014 1.3456855319341552 1.7177187535931935 2.0876096491228076
decision_type=2 2 2 1 2 2 2 2
left_child=7 2 4 -4 -2 -3 -7 -1
right_child=1 5 3 -5 -6 6 -8 -9
leaf_value=-0.029945481195579628 0.0021985774710752306 0.035311383882184161 -0.0053864136077673716 -0.047006138708549111 -0.01692581894070383 -0.020740985689121333 0.012066244280444432 0
leaf_weight=9.6464797407388705 219.01275573670864 7.245302375406026 34.910481028258801 8.145092271268366 28.01877860724926 6.9875326827168491 23.43916130065918 6.6140096783637992
leaf_count=68 1444 45 248 60 176 44 149 47
internal_value=-0.0013807 -0.000530558 -0.00198268 -0.0134664 3.24933e-06 0.0104945 0.00432496 -0.0181032
internal_weight=344.02 327.759 290.087 43.0556 247.032 37.672 30.4267 16.2605
internal_count=2281 2166 1928 308 1620 238 193 115
cat_boundaries=0 1
cat_threshold=2
is_linear=0
shrinkage=0.05


Tree=80
num_leaves=8
num_cat=0
split_feature=2 2 2 1 1 0 0
split_gain=2.51912 2.52735 2.42102 4.694 3.63237 2.27977 2.03972
threshold=11.065097418178331 6.6259864808251914 2.072515723270441 109.00000000000001 46.500000000000007 1.4718205374681326 2.4003745318352068
decision_type=2 2 2 2 2 2 2
left_child=1 2 3 -1 -4 -3 -7
right_child=-2 5 4 -5 -6 6 -8
leaf_value=0.0052744289052788903 -0.028678997775385545 0.037336596453363478 -0.015582291523837733 -0.035671286064528053 0.0022087882725736869 -0.0023062947428761659 0.028462800228853932
leaf_weight=182.11318275332451 6.8867484405636779 8.3175208717584592 50.377944938838482 7.1561530604958525 65.490450777113438 17.480239383876327 7.5247239992022505
leaf_count=1156 59 45 377 43 444 103 48
internal_value=0.0010014 0.00162838 0.000181981 0.00368187 -0.00549017 0.0146834 0.00683035
internal_weight=345.347 338.46 305.138 189.269 115.868 33.3225 25.005
internal_count=2275 2216 2020 1199 821 196 151
is_linear=0
shrinkage=0.05


Tree=81
num_leaves=11
num_cat=0
split_feature=3 2 1 1 2 3 0 2 3 0
split_gain=4.32193 3.70149 2.80195 3.31165 3.04181 2.92468 3.60096 2.49094 3.29941 2.06825
threshold=30.500000000000004 0.36270371097584925 26.500000000000004 36.500000000000007 3.0258779264214053 20.500000000000004 2.7110366600090203 0.78487592219986591 33.500000000000007 2.1778261426193835
decision_type=2 2 2 2 2 2 2 2 2 2
left_child=2 -2 5 9 -5 6 -1 -3 -9 -4
right_child=1 7 3 4 -6 -7 -8 8 -10 -11
leaf_value=0.0031553191871822651 -0.051517673308403893 0.017637743962547445 -0.024176384195468619 -0.0016824659782322103 0.011660983015813177 0.041991111163500211 0.040844698929928411 0 -0.038311034531624877 0.0018917930194212826
leaf_weight=53.614150494337082 6.0075328126549712 6.8162218704819706 21.110865905880928 144.47789607942104 60.271210983395576 6.9764279201626769 7.1603428572416297 13.391823720186951 9.7417275682091695 11.315183304250239
leaf_count=352 42 46 161 908 386 43 48 103 77 90
internal_value=0.000485721 -0.0158661 0.00243491 -0.000107329 0.00222476 0.0113953 0.00773775 -0.00840085 -0.0163311 -0.0149482
internal_weight=340.883 35.9573 304.926 237.175 204.749 67.7509 60.7745 29.9498 23.1336 32.426
internal_count=2256 268 1988 1545 1294 443 400 226 180 251
is_linear=0
shrinkage=0.05


Tree=82
num_leaves=12
num_cat=1
split_feature=0 6 1 6 0 2 11 6 3 6 6
split_gain=2.29413 3.22846 5.75128 3.75089 3.18861 2.6866 3.47776 2.66126 2.136 2.13262 4.96647
threshold=3.1306372549019614 1.5801927103362818 93.500000000000014 1.4870680044593254 3.2981463649494462 2.1999682648178891 0 4.5376495425756529 16.500000000000004 1.3059697041982721 2.5570345842530435
decision_type=2 2 2 2 2 2 1 2 2 2 2
left_child=1 2 3 -1 -2 6 -3 -7 -4 -6 -11
right_child=4 5 8 -5 9 7 -8 -9 -10 10 -12
leaf_value=-0.0032267594389560382 0.042145443025704117 0.004832207468488006 0.010131947749402556 0.033654018585169018 -0.020808612491660373 -0.011665774667458832 -0.013220897186641628 -0.040549320782690759 0.047159591670667994 0.047408002042117675 -0.015031781062818045
leaf_weight=132.57559470832348 6.6191722899675396 57.371947184205055 7.949174381792548 7.1614509373903266 6.5663769245147732 48.537551660090685 34.967351324856281 9.7727669104933721 8.5712077841162664 5.8661103770136815 6.5883376523852348
leaf_count=881 45 361 49 46 51 344 215 68 56 41 46
internal_value=-0.00180072 -0.00301547 0.00199382 -0.00127817 0.0125007 -0.00824228 -0.0028645 -0.0166534 0.0298119 0.0017565 0.0141228
internal_weight=332.547 306.907 156.257 139.737 25.64 150.65 92.3393 58.3103 16.5204 19.0208 12.4544
internal_count=2203 2020 1032 927 183 988 576 412 105 138 87
cat_boundaries=0 1
cat_threshold=25
is_linear=0
shrinkage=0.05


Tree=83
num_leaves=8
num_cat=1
split_feature=2 10 1 4 6 4 6
split_gain=1.98302 2.31153 4.67292 4.16371 3.20866 3.18607 2.24021
threshold=0.092856275426558915 0 39.500000000000007 1.0000000180025095e-35 0.78396520895845689 1.5000000000000002 0.19312988353247962
decision_type=2 1 2 2 2 2 2
left_child=-1 5 3 -3 -4 6 -2
right_child=1 2 4 -5 -6 -7 -8
leaf_value=0.019695513539103149 -0.028867572359318389 0 -0.0045493552439298153 -0.033889463137902358 0.01612987534962709 0.030303731838051125 -0.0038970033577757179
leaf_weight=13.030192099511622 9.5153527259826642 40.591541960835457 24.676822327077389 11.588318504393099 73.416529916226864 6.376424439251422 160.41268417984247
leaf_count=72 68 283 158 87 452 42 1094
internal_value=0.000641347 -0.00010939 0.00442961 -0.00759372 0.0108775 -0.00400687 -0.00534083
internal_weight=339.608 326.578 150.273 52.1799 98.0934 176.304 169.928
internal_count=2256 2184 980 370 610 1204 1162
cat_boundaries=0 1
cat_threshold=1
is_linear=0
shrinkage=0.05


Tree=84
num_leaves=7
num_cat=1
split_feature=6 0 2 2 2 8
split_gain=1.70998 3.28147 2.08372 2.20863 2.43706 1.73357
threshold=5.4974226804122699 2.1293576275913364 0.092856275426558915 1.0846689538634853 2.0233144806535601 0
decision_type=2 2 2 2 2 1
left_child=2 -2 -1 5 -5 -4
right_child=1 -3 3 4 -6 -7
leaf_value=0.021381145537640381 0.031420522417736345 -0.010177998847628454 -0.012465062829126241 0.0099326949683719943 -0.0013969332792262356 0.0015513012376601604
leaf_weight=11.093520909547804 12.129873760044577 7.4424340575933448 56.992980122566223 68.830007024109364 150.64963047206402 34.96759882569313
leaf_count=61 63 45 374 447 1055 229
internal_value=0.00106263 0.0153771 0.000173995 -0.000571976 0.00213623 -0.0070852
internal_weight=342.106 19.5723 322.534 311.44 219.48 91.9606
internal_count=2274 108 2166 2105 1502 603
cat_boundaries=0 1
cat_threshold=2
is_linear=0
shrinkage=0.05


Tree=85
num_leaves=14
num_cat=1
split_feature=6 2 2 6 1 6 2 8 6 5 6 1 3
split_gain=1.54344 3.74858 3.58109 5.16189 2.74925 2.49093 4.77861 6.58871 2.98395 8.01636 2.81147 2.22959 1.92457
threshold=0.89543561263446148 0.43473354688410015 1.1261363636363639 0.53472296645588746 53.500000000000007 1.6852768352230576 2.9620426274823601 0 2.7724344639817118 1.0000000180025095e-35 2.8860593848435339 43.500000000000007 15.500000000000002
decision_type=2 2 2 2 2 2 2 1 2 2 2 2 2
left_child=1 4 12 -4 -1 6 7 -2 9 -7 -10 -8 -3
right_child=5 2 3 -5 -6 8 11 -9 10 -11 -12 -13 -14
leaf_value=0.041262379681746189 -0.012987230777999154 -0.051568574460465977 0.0051342056649551085 -0.022945725185447255 -0.0023500735416061283 0.029140156339872682 0.0070787896819895424 0.024304669936954265 0.036119228850513295 -0.018208522607254234 0.0009618940222530626 0.037054078765112596 -0.01695267199701482
leaf_weight=6.5404695197939855 34.905605264008045 6.409808166325095 46.786751933395863 24.911966130137444 7.4644151479005814 10.497771278023718 10.782262973487379 17.796079203486443 6.0097782760858527 55.34087160974741 88.055580914020538 16.390310734510422 12.783067576587198
leaf_count=40 221 45 324 177 47 64 75 108 40 382 567 97 93
internal_value=-0.000994477 -0.00605802 -0.00980635 -0.00457099 0.0178112 0.00120144 0.0084202 -0.000277786 -0.00237618 -0.0105503 0.00329714 0.0254126 -0.0289798
internal_weight=344.675 104.896 90.8916 71.6987 14.0049 239.778 79.8743 52.7017 159.904 65.8386 94.0654 27.1726 19.1929
internal_count=2280 726 639 501 87 1554 501 329 1053 446 607 172 138
cat_boundaries=0 1
cat_threshold=2
is_linear=0
shrinkage=0.05


Tree=86
num_leaves=14
num_cat=2
split_feature=11 0 0 9 2 0 1 0 1 6 6 2 2
split_gain=1.9587 4.68343 4.73623 4.63477 3.23333 4.1612 2.96758 3.54677 3.69516 2.93275 2.70914 1.62827 1.31022
threshold=0 2.4572948328267485 1.6414587664587668 1 2.1999682648178891 3.0657667091604446 91.000000000000014 2.7110366600090203 69.500000000000014 2.5116799806343875 1.5910117434507722 3.4644135747677383 1.9275445002282068
decision_type=1 2 2 1 2 2 2 2 2 2 2 2 2
left_child=1 2 10 -4 5 -3 7 8 -2 -9 -1 -6 -8
right_child=6 4 3 -5 11 -7 12 9 -10 -11 -12 -13 -14
leaf_value=0.0065755938304605938 -0.010366773594821039 -0.012333745177279263 0.04071188561822419 0.010062402555811659 -0.044572727625189996 0.026573721004605616 -0.0095140671377318409 0.03413302987654953 0.013502411188387986 -0.008792212306518497 -0.012895600870512378 -0.013678568800331636 -0.035537140259673881
leaf_weight=41.361717894673347 74.878589779138565 21.391041822731498 15.127992726862431 70.48292001336813 7.3422594219446209 10.002125315368174 11.155893437564375 11.392088882625105 20.447258643805981 5.7895570471882811 31.147928521037102 11.963809564709662 9.6637097969651204
leaf_count=268 521 147 92 437 57 67 71 80 127 40 207 95 65
internal_value=0.000228147 0.00320445 0.00761512 0.0155779 -0.00981021 0 -0.00431184 -0.00137088 -0.00518569 0.0194124 -0.00172602 -0.0258547 -0.0219442
internal_weight=342.147 208.82 158.121 85.6109 50.6992 31.3932 133.327 112.507 95.3258 17.1816 72.5096 19.3061 20.8196
internal_count=2274 1370 1004 529 366 214 904 768 648 120 475 152 136
cat_boundaries=0 1 2
cat_threshold=28 2
is_linear=0
shrinkage=0.05


Tree=87
num_leaves=6
num_cat=1
split_feature=2 6 11 6 6
split_gain=2.9713 1.3889 2.27476 2.30273 2.23437
threshold=11.065097418178331 0.076505016722586916 0 2.9974874371858471 6.2081524233117777
decision_type=2 2 1 2 2
left_child=1 -1 3 -3 -4
right_child=-2 2 4 -5 -6
leaf_value=0.017892132096867595 -0.033780241952571032 0.0011282397155019843 -0.0049918047345234896 0.01630558514787064 0.020229983972782823
leaf_weight=10.921205639839171 6.3666649758815756 99.331606052815914 182.31338237226009 33.689425349235535 9.0620882213115674
leaf_count=70 56 662 1218 215 44
internal_value=-0.000199941 0.000432621 -0.000145099 0.00466835 -0.00357474
internal_weight=341.684 335.318 324.397 133.021 191.375
internal_count=2265 2209 2139 877 1262
cat_boundaries=0 1
cat_threshold=24
is_linear=0
shrinkage=0.05


Tree=88
num_leaves=10
num_cat=0
split_feature=6 6 2 2 1 2 2 0 1
split_gain=2.61398 5.12748 2.78485 3.73652 3.59717 1.82507 2.01475 2.07373 1.98376
threshold=1.3351449275362672 1.2353418872826487 0.81620924231761682 0.56273148148148155 61.500000000000007 9.0250462962962974 5.4702380952380967 1.586743725918984 26.500000000000004
decision_type=2 2 2 2 2 2 2 2 2
left_child=1 2 3 -1 -4 6 8 -8 -2
right_child=5 -3 4 -5 -6 -7 7 -9 -10
leaf_value=0.0010536383516396356 0.0097376580051168372 0.036779465865571126 0.00015143491277302951 -0.034998957205515463 0.019838455745742899 0.019262381416108715 0.0036976314747724087 -0.029654222613513217 -0.0046744178888183871
leaf_weight=24.556171104311943 28.562878109514713 12.177053764462469 66.404390573501587 9.9145606830716115 36.001232616603374 8.6392525807023031 6.5596828609704998 13.997790440917013 139.25288587808609
leaf_count=153 185 65 474 70 233 65 42 96 909
internal_value=0.000782594 0.00578791 0.00296944 -0.00924251 0.00713389 -0.00297992 -0.00403621 -0.0188036 -0.00218731
internal_weight=346.066 149.053 136.876 34.4707 102.406 197.012 188.373 20.5575 167.816
internal_count=2292 995 930 223 707 1297 1232 138 1094
is_linear=0
shrinkage=0.05


Tree=89
num_leaves=13
num_cat=2
split_feature=1 11 3 3 1 8 1 3 6 3 3 6
split_gain=1.97343 3.45569 3.2565 3.8206 3.02286 2.75191 2.27486 7.09865 2.88276 5.48827 2.25622 1.17617
threshold=38.500000000000007 0 17.500000000000004 31.500000000000004 30.500000000000004 1 43.500000000000007 16.500000000000004 1.9274762213270804 5.5000000000000009 14.500000000000002 1.70399734493703
decision_type=2 1 2 2 2 1 2 2 2 2 2 2
left_child=1 5 4 -4 -3 11 7 -2 9 -8 -10 -1
right_child=6 2 3 -5 -6 -7 8 -9 10 -11 -12 -13
leaf_value=0.04485108762933087 0.050763034109171247 -0.010659984419838058 0.01704321654661833 -0.020392046328020039 -0.035420034962544367 -0.011467576055083565 -0.030075224960797869 -0.016835511913900376 -0.017926037151758143 0.0088264555956734363 -0.001042149796303645 0.01342442352742809
leaf_weight=6.0099502578377724 8.4393084198236448 51.158088281750679 18.245547994971279 10.690527115017174 16.690200954675674 6.1883495822548875 9.7699951231479627 6.9055445939302436 28.80698399245739 106.29465702176094 65.022940121591091 7.2652282044291496
leaf_count=41 50 345 127 94 131 47 57 49 173 677 422 52
internal_value=-0.00112992 -0.00642636 -0.00985639 0.00301784 -0.0168675 0.0101747 0.00158307 0.0201063 0.000196147 0.00548571 -0.00629252 0.0282547
internal_weight=341.487 116.248 96.7844 28.9361 67.8483 19.4635 225.239 15.3449 209.895 116.065 93.8299 13.2752
internal_count=2265 837 697 221 476 140 1428 99 1329 734 595 93
cat_boundaries=0 1 2
cat_threshold=2 2
is_linear=0
shrinkage=0.05


Tree=90
num_leaves=7
num_cat=0
split_feature=0 0 0 6 0 0
split_gain=2.02477 2.54447 2.47345 5.04595 2.3943 1.99323
threshold=3.6981143503189862 3.1306372549019614 2.8538375350140059 2.9974874371858471 3.2509678762228549 1.6202406609195406
decision_type=2 2 2 2 2 2
left_child=1 2 5 -4 -3 -1
right_child=-2 4 3 -5 -6 -7
leaf_value=-0.0054649476751391819 -0.024512216675200389 0.043806286849135401 -0.040532629347410865 0.017330491223144746 0.0041925931783253646 0.0029549395546791569
leaf_weight=110.90633354336023 8.650538817048071 6.0122817903757122 10.55470445752144 5.6143681704998007 11.090599246323107 191.3910775333643
leaf_count=736 67 41 78 39 74 1247
internal_value=-0.000765134 -0.000130949 -0.00115715 -0.0201505 0.0185826 -0.000118385
internal_weight=344.22 335.569 318.466 16.1691 17.1029 302.297
internal_count=2282 2215 2100 117 115 1983
is_linear=0
shrinkage=0.05


Tree=91
num_leaves=5
num_cat=0
split_feature=1 2 2 1
split_gain=2.32548 2.06176 1.97034 1.56292
threshold=112.50000000000001 0.06550343249427916 0.12897764628533859 46.500000000000007
decision_type=2 2 2 2
left_child=1 -1 -3 -4
right_child=-2 2 3 -5
leaf_value=0.023612806995704633 0.028633930564558277 -0.023169173563013068 -0.0045445743725105779 0.0025650284301162105
leaf_weight=8.4942784458398801 6.8770352303981772 9.792255297303198 135.43798937276006 179.28797889500856
leaf_count=44 42 61 966 1143
internal_value=5.20381e-05 -0.000531615 -0.00118608 -0.000479081
internal_weight=339.89 333.013 324.518 314.726
internal_count=2256 2214 2170 2109
is_linear=0
shrinkage=0.05


Tree=92
num_leaves=8
num_cat=3
split_feature=0 0 10 1 10 1 7
split_gain=1.73855 1.45873 1.60295 1.06193 2.00755 1.42529 0.702578
threshold=0.89003703946505841 3.2981463649494462 0 15.500000000000002 1 26.500000000000004 2
decision_type=2 2 1 2 1 2 1
left_child=-1 3 6 4 -2 -5 -3
right_child=1 2 -4 5 -6 -7 -8
leaf_value=-0.027664539619078995 0.003275486161626498 -0.040675285365013421 0.0028163810331576899 0.0077672286144139279 -0.027136814119895453 -0.0014500671121425203 -0.013099598056805373
leaf_weight=6.3759455382823935 10.736272469162941 5.3133566528558722 6.9010861292481431 50.526404052972794 10.334810495376587 243.86065597087145 5.53119169920683
leaf_count=49 78 38 49 329 73 1590 45
internal_value=-0.00196243 -0.00144746 -0.0153673 -0.000643957 -0.0114625 0.000117043 -0.0273155
internal_weight=339.58 333.204 17.7456 315.458 21.0711 294.387 10.8445
internal_count=2251 2202 132 2070 151 1919 83
cat_boundaries=0 1 2 3
cat_threshold=1 1 1
is_linear=0
shrinkage=0.05


Tree=93
num_leaves=15
num_cat=2
split_feature=2 1 2 6 10 0 6 6 2 7 1 0 1 3
split_gain=1.51018 4.42666 5.08183 4.5195 3.86337 3.27772 3.14277 5.68595 7.40406 3.51306 3.50632 7.80087 3.40241 1.4399
threshold=3.0258779264214053 67.500000000000014 3.6396654579482983 1.0981922525107324 0 1.3456855319341552 2.7724344639817118 3.410317460317517 0.69388425251085251 1 63.500000000000007 3.1306372549019614 93.500000000000014 15.500000000000002
decision_type=2 2 2 2 1 2 2 2 2 1 2 2 2 2
left_child=6 2 13 -3 -5 -4 10 9 -9 -8 11 -1 -12 -2
right_child=1 3 5 4 -6 -7 7 8 -10 -11 12 -13 -14 -15
leaf_value=-0.0048560941002163144 0.041342644382693472 0.042101449390485435 0.0168313198424546 0.021946318995845995 -0.016924088819155862 -0.015635005199305229 0.0022507436546824935 0.021400629699701582 -0.017277197766057135 0.047059877303299906 -0.025339723858519597 0.049235800918006903 -0.00025220472213686394 0.0082302085851547295
leaf_weight=94.424681097269058 6.2191558554768545 12.802404910326002 9.1300541758537275 15.159488178789617 10.796536311507223 45.892814971506596 7.5360776707530022 19.815131902694702 32.457610532641411 11.233829751610758 37.911611877381802 7.0669433996081343 21.604030326008797 7.9578076004981995
leaf_count=632 43 76 63 98 67 335 49 116 209 72 249 50 140 61
internal_value=-0.000538272 0.00432646 -0.00319158 0.0178516 0.00558319 -0.0101363 -0.00282395 0.00589306 -0.00250718 0.0294413 -0.00670254 -0.000995658 -0.0163326 0.023294
internal_weight=340.008 107.958 69.1998 38.7584 25.956 55.0229 232.05 71.0426 52.2727 18.7699 161.007 101.492 59.5156 14.177
internal_count=2260 743 502 241 165 398 1517 446 325 121 1071 682 389 104
cat_boundaries=0 1 2
cat_threshold=1 2
is_linear=0
shrinkage=0.05


Tree=94
num_leaves=8
num_cat=0
split_feature=2 6 0 6 1 2 1
split_gain=2.43683 5.96132 3.27857 2.82083 3.54575 2.5556 2.37918
threshold=2.0233144806535601 5.4974226804122699 0.97047386507505895 4.7118205349438709 101.50000000000001 2.5035351407032826 63.500000000000007
decision_type=2 2 2 2 2 2 2
left_child=1 2 -1 4 5 -2 -4
right_child=3 -3 6 -5 -6 -7 -8
leaf_value=-0.037879593897882674 -0.020214545168241005 0.0358282661781716 0.0082370058469579833 -0.029667805536616167 0.024968241129548013 -0.0011472181934980448 -0.0038533292144153452
leaf_weight=4.8330369740724555 20.847339071333408 14.229389175772665 101.99791835993528 9.6849131062626821 11.208466932177542 113.72881515324116 66.928539916872978
leaf_count=36 146 71 663 69 72 797 429
internal_value=0.00096712 0.00480748 0.00221924 -0.00364449 -0.00186226 -0.0041509 0.0034178
internal_weight=343.458 187.989 173.759 155.47 145.785 134.576 168.926
internal_count=2283 1199 1128 1084 1015 943 1092
is_linear=0
shrinkage=0.05


Tree=95
num_leaves=7
num_cat=0
split_feature=0 3 6 2 2 3
split_gain=3.58352 2.34071 3.99712 3.4299 2.78147 2.1979
threshold=3.6313324819071955 30.500000000000004 3.7635620437956683 2.5332530442927879 0.092856275426558915 20.500000000000004
decision_type=2 2 2 2 2 2
left_child=1 4 3 -3 -1 -6
right_child=-2 2 -4 -5 5 -7
leaf_value=0.027856146340163458 -0.029415118603213771 -0.030596292255548982 0.022591994492688037 0.005909427463111341 -0.00020844873349592596 0.01463748290734174
leaf_weight=10.06295709311962 10.115809023380278 20.572457939386371 6.8433930054306975 8.9967281296849233 259.36271684616804 27.414519257843494
leaf_count=52 79 155 43 73 1711 179
internal_value=-0.00023472 0.000644604 -0.0112805 -0.019338 0.00212756 0.00119793
internal_weight=343.369 333.253 36.4126 29.5692 296.84 286.777
internal_count=2292 2213 271 228 1942 1890
is_linear=0
shrinkage=0.05


Tree=96
num_leaves=9
num_cat=1
split_feature=0 6 5 0 0 0 6 11
split_gain=3.7698 3.28335 3.84546 2.28385 2.40008 2.00398 1.89724 1.70025
threshold=2.5945970959647897 3.240198711063329 1.0000000180025095e-35 2.536186398403725 2.4572948328267485 3.1306372549019614 4.5376495425756529 0
decision_type=2 2 2 2 2 2 2 1
left_child=3 2 -2 4 7 -4 -3 -1
right_child=1 6 5 -5 -6 -7 -8 -9
leaf_value=0.0058356824538938496 0.0090724318035517119 0.02281133461892321 -0.034702442303292183 0.030135228549480149 -0.02440542631851398 -0.0098496153630118141 -0.010173299879039959 -0.0022279161430736132
leaf_weight=158.78280068933964 10.14301050454378 9.4178840741515177 22.318669907748699 7.3203634396195403 8.2340911999344808 13.913052618503569 7.721440188586711 101.60552931576967
leaf_count=1008 65 66 174 46 57 106 52 684
internal_value=0.000180712 -0.0107764 -0.0177102 0.00272383 0.00194728 -0.0253499 0.00768857 0.00280886
internal_weight=339.457 63.5141 46.3747 275.943 268.622 36.2317 17.1393 260.388
internal_count=2258 463 345 1795 1749 280 118 1692
cat_boundaries=0 1
cat_threshold=28
is_linear=0
shrinkage=0.05


Tree=97
num_leaves=13
num_cat=0
split_feature=1 1 3 3 0 0 3 6 6 0 1 3
split_gain=2.73042 2.6113 3.44873 3.33552 1.86222 1.3773 3.48924 5.40665 4.9853 3.31537 2.68318 1.20207
threshold=24.500000000000004 15.500000000000002 9.5000000000000018 14.500000000000002 1.7809068266727048 1.8152063373119953 18.500000000000004 0.68063171748201767 0.68063171748201767 1.7809068266727048 44.500000000000007 18.500000000000004
decision_type=2 2 2 2 2 2 2 2 2 2 2 2
left_child=1 3 -3 -1 -4 9 8 -8 -7 10 -2 -5
right_child=5 2 4 11 -6 6 7 -9 -10 -11 -12 -13
leaf_value=-0.034116248395067682 0.015515634790988199 0.054016560989882001 0.0018033082571628273 0.021849320084920711 0.024384349224477315 -0.029223799418412306 0.049206517625213386 0.0017065703677725944 -0.00194651318231589 0.039609096195977508 -0.001715913170403178 -0.0060060350228214729
leaf_weight=5.8146143332123783 30.449286386370659 6.1061915755271903 18.752753287553787 8.938558451831339 18.737754680216312 20.46777118742466 7.1266230493783942 36.58606344461441 93.110503457486629 6.3934502452611914 85.286102674901485 6.3252875208854666
leaf_count=41 213 34 130 64 121 146 52 250 613 37 536 47
internal_value=0.00295202 0.0122067 0.0191909 -0.0020251 0.0132572 0.000788411 -0.00228285 0.0096594 -0.00692748 0.00478345 0.00278392 0.0100168
internal_weight=344.095 64.6752 43.5967 21.0785 37.4905 279.42 157.291 43.7127 113.578 122.129 115.735 15.2638
internal_count=2284 437 285 152 251 1847 1061 302 759 786 749 111
is_linear=0
shrinkage=0.05


Tree=98
num_leaves=14
num_cat=1
split_feature=10 1 1 2 2 1 2 2 2 2 1 1 0
split_gain=1.41608 4.00821 3.11322 2.99982 4.40299 6.33871 4.60155 2.72092 2.43727 5.77386 2.82778 1.39077 0.458631
threshold=0 26.500000000000004 21.500000000000004 0.19754847671428308 1.6500434728605147 69.500000000000014 4.5946637426900594 2.0018450184501848 1.6365997979506426 1.9763104589694189 64.500000000000014 55.500000000000007 1.7618427353701758
decision_type=1 2 2 2 2 2 2 2 2 2 2 2 2
left_child=1 2 7 11 5 -5 -6 -1 10 -10 -3 -2 -4
right_child=3 8 12 4 6 -7 -8 -9 9 -11 -12 -13 -14
leaf_value=0.017895592848991223 -0.0035534191745625492 -0.0045439067838800463 0.017157732409961109 0.0037605406510404756 -0.011670047705041469 0.036622964432920888 0.014263259572689965 -0.014669711752738419 0.032020451001731648 -0.0068467026979520109 -0.025802242258070009 -0.034346415216716462 0.037267356476751862
leaf_weight=11.51335157454014 8.6605083942413312 34.265683583915234 6.7787128686904898 44.54907314479351 50.079433813691139 22.1058743968606 25.757931496948004 14.226586677134035 10.99200653284788 68.393401756882668 29.87608727812767 6.8725512251257888 8.0702416673302633
leaf_count=73 49 228 47 286 347 132 165 107 72 487 196 42 47
internal_value=-0.000363663 -0.00335595 0.0104492 0.00309096 0.0053956 0.0147727 -0.00278885 0 -0.00729937 -0.00136859 -0.0145482 -0.0176301 0.0285977
internal_weight=342.141 184.116 40.5889 158.025 142.492 66.6549 75.8374 25.7399 143.527 79.3854 64.1418 15.5331 14.849
internal_count=2278 1257 274 1021 930 418 512 180 983 559 424 91 94
cat_boundaries=0 1
cat_threshold=1
is_linear=0
shrinkage=0.05


Tree=99
num_leaves=6
num_cat=0
split_feature=0 2 2 1 2
split_gain=2.99673 1.93232 2.17515 4.55411 2.45292
threshold=3.6981143503189862 11.065097418178331 6.5216463654998424 64.500000000000014 5.2825630252100853
decision_type=2 2 2 2 2
left_child=1 2 4 -4 -1
right_child=-2 -3 3 -5 -6
leaf_value=4.3781807484855788e-05 -0.029736752067814766 -0.027011390527147541 -0.0029701246922442977 0.034218043037689605 -0.021188385616398207
leaf_weight=276.62258373200893 8.6897139474749547 6.4619959145784369 19.376000963151455 13.924172192811964 14.1821928396821
leaf_count=1835 71 57 121 74 106
internal_value=-0.000919663 -0.000138255 0.000390285 0.012486 -0.000981425
internal_weight=339.257 330.567 324.105 33.3002 290.805
internal_count=2264 2193 2136 195 1941
is_linear=0
shrinkage=0.05


Tree=100
num_leaves=8
num_cat=0
split_feature=0 4 3 6 2 6 1
split_gain=3.82776 2.19328 1.47109 3.66388 3.20207 2.94896 1.81625
threshold=1.0265853393468458 1.0000000180025095e-35 19.500000000000004 0.23201527469824404 0.092856275426558915 1.8308010330874447 92.500000000000014
decision_type=2 2 2 2 2 2 2
left_child=1 -1 4 -4 -2 -5 -6
right_child=2 -3 3 5 6 -7 -8
leaf_value=-0.041836929979859473 0.030548805720738828 -0.0013120152558949549 0.032238777785992913 -0.018540787167031021 -0.00036688560823132751 0.0022049321673058347 0.01218662127582581
leaf_weight=8.4466272294521314 9.7041345387697202 5.9204692356288424 5.7646154984831801 36.331162594258785 207.35169339925051 31.57001718878746 33.245073638856411
leaf_count=63 49 46 42 258 1365 217 208
internal_value=-0.000435153 -0.0256073 0.000673297 -0.00551155 0.002515 -0.00883267 0.0013513
internal_weight=338.334 14.3671 323.967 73.6658 250.301 67.9012 240.597
internal_count=2248 109 2139 517 1622 475 1573
is_linear=0
shrinkage=0.05


Tree=101
num_leaves=10
num_cat=0
split_feature=6 3 0 0 0 3 4 6 6
split_gain=3.46643 6.02024 3.09608 2.26669 4.4719 2.68159 2.19262 1.95526 1.10358
threshold=4.2451777957740537 20.500000000000004 1.5004409171075841 1.7509259259259262 1.8152063373119953 13.500000000000002 1.5000000000000002 0.73518437225641275 5.5661202185792158
decision_type=2 2 2 2 2 2 2 2 2
left_child=3 2 -2 6 -5 -6 7 -1 -4
right_child=1 -3 8 4 5 -7 -8 -9 -10
leaf_value=0.0078752559775486838 0.0038444351867937573 0.025038784815308208 -0.043117311619426786 0.036843155479979246 -0.0062571963607600577 0.0083433811952635644 -0.030610457184148648 -0.005613308427413778 -0.019739020016887696
leaf_weight=43.09087310731411 7.7737836614251163 8.153046563267706 11.786465749144556 11.497572794556616 41.72827585786581 123.32171285152435 6.2944817617535582 70.798626136034727 11.28988143801689
leaf_count=291 48 50 84 68 273 849 40 475 62
internal_value=0.00129922 -0.0126696 -0.0228454 0.00315581 0.00676668 0.0046202 -0.00210813 -0.000463522 -0.03203
internal_weight=335.735 39.0032 30.8501 296.732 176.548 165.05 120.184 113.889 23.0763
internal_count=2240 244 194 1996 1190 1122 806 766 146
is_linear=0
shrinkage=0.05


Tree=102
num_leaves=13
num_cat=0
split_feature=2 2 0 0 2 3 0 2 2 0 2 0
split_gain=2.1511 6.29671 4.95727 5.00739 3.51697 5.67455 1.6289 4.19008 3.23514 2.34317 2.65208 0.211971
threshold=2.2433587195043247 3.0258779264214053 1.1738216958752461 1.3456855319341552 2.7119252873563222 16.500000000000004 1.3456855319341552 0.52899159663865558 1.3035841274356423 1.4453836270190898 0.33037230172204707 1.9815664288141353
decision_type=2 2 2 2 2 2 2 2 2 2 2 2
left_child=6 4 -3 -4 5 -2 7 -1 -9 -8 -11 -6
right_child=1 2 3 -5 11 -7 9 8 -10 10 -12 -13
leaf_value=0.019648889760587741 -0.032966635027392402 -0.035275622386038881 0.041303938419060063 0.0025021326870665749 -0.032173140499451518 0.018679281972132946 0.030051163475613624 -0.037484273898014807 0.00065662756392640027 -0.0077079327186151195 0.0088021503015106878 -0.05007745082044468
leaf_weight=11.166199110448359 11.006849072873594 7.6558239720761767 9.1219390481710416 89.137429185211658 7.3275055065751058 10.00154948979616 10.504482887685297 10.576334178447725 11.069300159811972 29.771928831934929 125.41419139504433 6.3269662782549858
leaf_count=68 79 56 56 622 53 74 65 74 76 178 804 49
internal_value=0.00181038 -0.00289799 0.00311837 0.00619348 -0.0213814 -0.00817048 0.00516977 -0.00490681 -0.0178362 0.00719716 0.00559962 -0.0411366
internal_weight=339.08 140.578 105.915 98.2594 34.6629 21.0084 198.502 32.8118 21.6456 165.691 155.186 13.6545
internal_count=2254 989 734 678 255 153 1265 218 150 1047 982 102
is_linear=0
shrinkage=0.05


Tree=103
num_leaves=10
num_cat=1
split_feature=6 2 2 11 6 2 3 2 2
split_gain=2.14845 3.14784 2.59509 1.4942 2.42686 2.70879 1.88239 6.08835 2.71639
threshold=4.6423289261922713 1.896663330535288 1.0846689538634853 0 0.33040671805470107 0.89659123055162671 19.500000000000004 1.6808874024526201 0.11288430420711966
decision_type=2 2 2 1 2 2 2 2 2
left_child=3 2 -2 4 -1 -6 8 -8 -5
right_child=1 -3 -4 6 5 -7 7 -9 -10
leaf_value=0.013277291760093918 -0.017495358925681433 -0.036817509363299201 0.019418308934199487 0.034017242332846823 0.0048339007527566221 -0.020510550053266671 -0.021766462080612229 0.010286865274161866 0.0024677358630202169
leaf_weight=10.513751290738581 11.763280734419828 10.347473952919243 7.8010658621788016 7.0281316190958014 14.651035778224466 34.78484483808279 31.081999659538269 27.908289156854153 182.79205270856619
leaf_count=73 65 73 42 36 96 257 212 205 1201
internal_value=-0.00184151 -0.0146201 -0.00249828 -0.000583035 -0.00704187 -0.0129038 0.00119039 -0.00652568 0.00367949
internal_weight=338.672 29.9118 19.5643 308.76 59.9496 49.4359 248.81 58.9903 189.82
internal_count=2260 180 107 2080 426 353 1654 417 1237
cat_boundaries=0 1
cat_threshold=1
is_linear=0
shrinkage=0.05


Tree=104
num_leaves=13
num_cat=3
split_feature=1 1 3 9 11 9 6 2 0 0 0 1
split_gain=1.8729 4.22569 3.4374 4.6971 3.29157 6.71951 4.7022 3.19045 2.60349 2.8092 2.59361 2.32857
threshold=74.500000000000014 70.500000000000014 13.500000000000002 0 1 2 0.95751913779220399 0.84044692313529112 2.4802755267423016 3.02913719943423 1.8807416772018546 55.500000000000007
decision_type=2 2 2 1 1 1 2 2 2 2 2 2
left_child=1 2 11 -4 5 7 -7 -2 10 -10 -6 -1
right_child=4 -3 3 -5 8 6 -8 -9 9 -11 -12 -13
leaf_value=-0.0032226406448669451 0.018660834337534224 0.031648684728234101 -0.018026138512316544 0.0078959187627410145 -0.0087682385990626461 -0.00028920088745284562 0.054435880036632939 -0.021981232469276538 0.023960353742081261 -0.022109350339142183 -0.034172097841621576 -0.026985253695970768
leaf_weight=41.792280122637749 6.6393651291728046 12.176605626940725 19.501968663185835 155.20613909885287 23.53317242115736 6.3615492656826964 9.4396211430430395 16.271772250533104 7.9630771204829198 5.4477901980280876 18.537971712648869 13.890640571713446
leaf_count=274 43 72 134 1082 150 40 56 109 52 41 115 88
internal_value=0.000708499 0.00304503 0.00149851 0.00496508 -0.00525232 0.00570183 0.0322259 -0.00995646 -0.0118719 0.00485062 -0.0201351 -0.00927784
internal_weight=336.762 242.568 230.391 174.708 94.1943 38.7123 15.8012 22.9111 55.482 13.4109 42.0711 55.6829
internal_count=2256 1650 1578 1216 606 248 96 152 358 93 265 362
cat_boundaries=0 1 2 3
cat_threshold=2 20 4
is_linear=0
shrinkage=0.05


Tree=105
num_leaves=8
num_cat=1
split_feature=2 2 2 1 2 9 3
split_gain=1.70442 1.41127 4.82424 3.75425 2.79131 2.63225 1.66784
threshold=11.065097418178331 3.0770986342080757 2.6045279687204395 103.00000000000001 3.7248198198198201 0 14.500000000000002
decision_type=2 2 2 2 2 1 2
left_child=1 2 5 4 -3 -1 -4
right_child=-2 3 6 -5 -6 -7 -8
leaf_value=0.010493614141566687 -0.026333598202720628 0.017535481830700181 -0.044959717350140392 0.036925617190203819 -0.0029869811544504742 -0.0030984405521469632 -0.014271513900130756
leaf_weight=44.908735245466232 6.3398084044456473 21.328716218471527 7.2872124984860447 8.1501823812723142 72.198423758149147 170.35680088400841 13.322183288633822
leaf_count=292 57 149 55 48 492 1099 102
internal_value=-0.000842052 -0.000340812 -0.00247708 0.00456341 0.00165346 -0.000236091 -0.0255286
internal_weight=343.892 337.552 235.875 101.677 93.5271 215.266 20.6094
internal_count=2294 2237 1548 689 641 1391 157
cat_boundaries=0 1
cat_threshold=1
is_linear=0
shrinkage=0.05


Tree=106
num_leaves=10
num_cat=1
split_feature=2 2 1 2 1 8 1 2 1
split_gain=2.26352 2.95235 3.26135 2.27647 3.04662 3.88501 2.08974 2.0593 0.466772
threshold=6.6259864808251914 5.4702380952380967 96.500000000000014 7.3996611735715403 67.500000000000014 0 9.0000000000000018 0.63319895859578412 36.500000000000007
decision_type=2 2 2 2 2 1 2 2 2
left_child=1 2 6 -2 5 -5 -1 -4 -3
right_child=3 8 7 4 -6 -7 -8 -9 -10
leaf_value=0.029405037679309201 0.033999594415615168 -0.033656072329891699 -0.034835924241777387 -0.04178385265657597 0.025961414767380227 0.0086947025111223149 0.0014566849997154749 -0.0063851973091548601 -0.013667756775370474
leaf_weight=6.8018063679337493 9.1169067323207837 6.1705716252326956 9.0558533743023855 5.6160987988114393 10.530193135142325 11.077035345137121 251.23656282201409 23.111026033759117 8.3921888470649701
leaf_count=40 50 50 58 43 59 79 1684 151 59
internal_value=0.000637384 -0.000755099 0.000333809 0.0124227 0.00491577 -0.00813783 0.00222387 -0.0146329 -0.02265
internal_weight=341.108 304.768 290.205 36.3402 27.2233 16.6931 258.038 32.1669 14.5628
internal_count=2273 2042 1933 231 181 122 1724 209 109
cat_boundaries=0 1
cat_threshold=1
is_linear=0
shrinkage=0.05


Tree=107
num_leaves=11
num_cat=2
split_feature=6 6 2 11 1 3 0 8 1 0
split_gain=1.8588 4.97615 3.52702 4.1241 3.4952 3.41306 3.23668 2.48517 4.11637 3.36178
threshold=1.0430641657394955 1.0981922525107324 0.36270371097584925 0 93.500000000000014 18.500000000000004 1.9859019651137115 1 69.500000000000014 2.0420610349402923
decision_type=2 2 2 1 2 2 2 1 2 2
left_child=4 -2 5 -4 7 -3 -6 8 -1 -9
right_child=1 2 3 -5 6 -7 -8 9 -10 -11
leaf_value=-0.0064119925221794369 0.042480408034414031 -0.0032425922466160309 0.01090380423407834 -0.0034728567446564956 0.041696531144827777 -0.043436642179079082 -0.0082479018621871413 -0.022349863059992647 0.033384747902447769 0.0040875859171454216
leaf_weight=41.97830368578434 7.231534779071807 15.329449467360975 77.455360218882561 109.11168292164803 6.9676517769694311 8.2278235740959627 5.6876390501856804 44.944694794714451 7.582371585071086 15.959029309451578
leaf_count=287 41 85 488 753 42 56 40 311 49 117
internal_value=-0.000784282 0.00197909 0.000541885 0.00286972 -0.00570097 -0.0176167 0.0189694 -0.00858714 -0.000167773 -0.015345
internal_weight=340.476 217.356 210.124 186.567 123.12 23.5573 12.6553 110.464 49.5607 60.9037
internal_count=2269 1423 1382 1241 846 141 82 764 336 428
cat_boundaries=0 1 2
cat_threshold=12 2
is_linear=0
shrinkage=0.05


Tree=108
num_leaves=9
num_cat=0
split_feature=2 6 2 6 2 0 2 0
split_gain=1.30208 3.4967 1.89961 3.84984 1.76855 2.25935 1.58621 1.54548
threshold=8.3305749805749816 1.0334590986360048 6.6259864808251914 1.6852768352230576 3.4384559623051829 2.5815693701723119 3.0258779264214053 2.0011990407673865
decision_type=2 2 2 2 2 2 2 2
left_child=2 -2 4 -4 6 -6 -1 -3
right_child=1 7 3 -5 5 -7 -8 -9
leaf_value=0.0024557583118567684 -0.043250583831518585 0.019095904524380005 0.040716852934952592 -0.0062580957789837412 -0.011283256426432934 0.015890308071610997 0.019404026123002967 -0.014268013562775404
leaf_weight=233.65911578387022 5.6931951493024853 7.1160020865499956 9.1972081735730189 7.8726586848497382 44.023768454790115 9.0321312770247442 14.713436663150786 6.491597980260849
leaf_count=1531 42 49 47 49 315 71 103 47
internal_value=0.00186623 -0.01066 0.00264411 0.0188504 0.00170382 -0.00654203 0.00348729 0.00282669
internal_weight=337.799 19.3008 318.498 17.0699 301.428 53.0559 248.373 13.6076
internal_count=2254 138 2116 96 2020 386 1634 96
is_linear=0
shrinkage=0.05


Tree=109
num_leaves=9
num_cat=0
split_feature=0 1 0 3 2 1 2 0
split_gain=1.84456 1.67648 2.25739 2.2169 2.16335 5.27549 2.66291 1.77306
threshold=0.89003703946505841 25.500000000000004 2.3262425161978189 21.500000000000004 1.1729595547544511 101.50000000000001 0.8580320094842917 2.8538375350140059
decision_type=2 2 2 2 2 2 2 2
left_child=-1 2 3 -2 6 -6 -3 -4
right_child=1 4 7 -5 5 -7 -8 -9
leaf_value=-0.030092692518167985 0.0049645837421539475 -0.0040907662926946298 0.036051093003201799 -0.025239647363203246 -0.0024739214557579631 0.025633223424271781 -0.024007618286926252 0.0026833269424941606
leaf_weight=5.446690894663333 43.007020011544228 72.012689255177975 9.4992921501398104 6.9618621915578833 154.33793182298541 18.609003499150276 22.185811839997768 7.4212478585541239
leaf_count=44 283 452 62 51 1054 114 151 49
internal_value=-0.0014648 -0.00097417 0.00607583 0.000614543 -0.00275971 0.000534565 -0.00885513 0.0218117
internal_weight=339.482 334.035 66.8894 49.9689 267.145 172.947 94.1985 16.9205
internal_count=2260 2216 445 334 1771 1168 603 111
is_linear=0
shrinkage=0.05


Tree=110
num_leaves=11
num_cat=0
split_feature=0 2 3 2 2 2 2 0 6 3
split_gain=3.12161 4.2484 3.83932 3.55555 3.14617 2.81466 2.68048 2.01774 1.6186 1.70331
threshold=1.8807416772018546 0.33037230172204707 9.5000000000000018 3.3816280806572072 2.9848115299334812 1.9763104589694189 5.5501628001628012 2.3849306431273649 5.8470368744513035 12.500000000000002
decision_type=2 2 2 2 2 2 2 2 2 2
left_child=2 7 5 4 -4 -1 -5 -2 9 -3
right_child=1 8 3 6 -6 -7 -8 -9 -10 -11
leaf_value=0.0064089613621945395 -0.04326734171605006 -0.013056050120271057 0.0044778039434578741 -0.025603370694106814 0.040917841516573565 0.041814925374626402 0.0017187143578147491 -0.009756405307583281 0.023968657997673559 0.00016328872900731181
leaf_weight=11.836360760033132 9.3456273078918475 30.742302305996418 99.36832295358181 17.269356295466423 6.2592192813754073 11.371530078351496 17.897992186248302 9.6184950061142427 5.8274642080068579 112.6902042105794
leaf_count=64 56 202 651 126 44 67 121 68 32 790
internal_value=0.000337958 -0.0044301 0.00525893 0.00210671 0.0067211 0.0240769 -0.0115909 -0.0266734 -0.00155455 -0.00264234
internal_weight=332.227 168.224 164.003 140.795 105.628 23.2079 35.1673 18.9641 149.26 143.433
internal_count=2221 1148 1073 942 695 131 247 124 1024 992
is_linear=0
shrinkage=0.05


Tree=111
num_leaves=5
num_cat=0
split_feature=2 6 2 6
split_gain=1.60417 1.46382 1.44138 1.7662
threshold=11.065097418178331 6.2081524233117777 9.0250462962962974 1.5801927103362818
decision_type=2 2 2 2
left_child=1 2 3 -1
right_child=-2 -3 -4 -5
leaf_value=0.0037782507160872775 -0.024273691305803077 0.018538328623195977 0.019915780913649976 -0.0038125823869273982
leaf_weight=161.55713817477226 6.0618156455457202 11.990820266306399 9.4450754374265653 145.48541717603803
leaf_count=1074 57 60 60 985
internal_value=0.000957434 0.00144552 0.000776475 0.000165151
internal_weight=334.54 328.478 316.488 307.043
internal_count=2236 2179 2119 2059
is_linear=0
shrinkage=0.05


Tree=112
num_leaves=11
num_cat=0
split_feature=0 2 1 1 0 2 2 6 6 6
split_gain=2.56146 3.33605 3.71096 3.07006 2.78593 2.8315 2.34039 1.55472 3.24897 2.29875
threshold=2.1187193627450984 0.49209588597343706 30.500000000000004 84.500000000000014 2.0805405405405408 4.904938271604939 8.5271942110177417 2.3252906976742147 3.1597677215531359 1.8799293286219916
decision_type=2 2 2 2 2 2 2 2 2 2
left_child=1 2 -1 -4 5 -3 7 9 -9 -2
right_child=6 4 3 -5 -6 -7 -8 8 -10 -11
leaf_value=0.040020320005959835 -0.0047337833562543924 -0.0053380639847596442 -0.0062676663031288275 0.032503458927946378 0.030603418950755842 0.01032018272667827 -0.036204135828879706 -0.032420789278816337 -0.003365400144134785 0.020198223812167473
leaf_weight=10.889452092349527 60.321630157530308 141.62109959125519 17.488838955760006 7.0337758138775817 6.6374758109450331 36.023215439170599 6.5625778697431079 14.319667562842367 30.408862911164761 10.795611083507536
leaf_count=59 425 945 102 41 40 232 52 106 203 73
internal_value=-0.00144193 0.00176941 0.0158096 0.00473676 -0.000908595 -0.00213069 -0.00724306 -0.0055295 -0.0128305 -0.000855845
internal_weight=342.102 219.694 35.4121 24.5226 184.282 177.644 122.408 115.846 44.7285 71.1172
internal_count=2278 1419 202 143 1217 1177 859 807 309 498
is_linear=0
shrinkage=0.05


Tree=113
num_leaves=12
num_cat=0
split_feature=6 2 2 2 2 1 0 2 6 0 1
split_gain=2.34965 4.99975 5.81239 4.31503 3.177 1.96884 2.38485 4.56716 2.89437 0.982476 1.06927
threshold=3.039855591359331 0.66441441441441451 1.1941462021701885 2.5704088320838969 0.48059349266921075 15.500000000000002 1.5108746965200972 6.7912348588418636 0.076505016722586916 2.4572948328267485 10.500000000000002
decision_type=2 2 2 2 2 2 2 2 2 2 2
left_child=5 4 -3 -4 -2 9 7 -7 -8 10 -1
right_child=1 2 3 -5 -6 6 8 -9 -10 -11 -12
leaf_value=0.0038039996850809557 0.013720843408243855 -0.029533099923405422 0.025057790658926073 -0.0046833486952951994 0.054280149269297487 -0.011912572647174113 0.033814498994120749 0.029646413573384031 0.0021592016467280009 -0.033399887167190626 -0.021509796787129647
leaf_weight=8.114571645855909 13.029381826519968 11.961862854659556 22.76692870259285 25.600862260907888 8.134854279458521 61.508950926363468 7.4856948107480994 7.2554088905453673 167.73915565758944 5.6087023019790641 7.8874739520251742
leaf_count=54 77 78 143 184 46 420 45 43 1126 40 63
internal_value=0.00144114 0.00886757 0.00142983 0.00923559 0.0297276 -0.000821172 0.000442647 -0.00741835 0.00355857 -0.0152565 -0.00841885
internal_weight=347.094 81.4939 60.3297 48.3678 21.1642 265.6 243.989 68.7644 175.225 21.6107 16.002
internal_count=2319 528 405 327 123 1791 1634 463 1171 157 117
is_linear=0
shrinkage=0.05


Tree=114
num_leaves=12
num_cat=1
split_feature=2 2 1 3 9 2 1 2 3 3 2
split_gain=2.29213 4.00316 3.65828 3.66366 3.01139 3.6126 3.09261 2.50555 2.81078 2.71845 1.34888
threshold=1.2259169244365888 1.3397660571766399 25.500000000000004 16.500000000000004 0 7.0553012967200628 80.500000000000014 0.78487592219986591 13.500000000000002 18.500000000000004 0.66441441441441451
decision_type=2 2 2 2 1 2 2 2 2 2 2
left_child=2 -2 3 -1 5 -3 -6 8 -4 -9 -5
right_child=1 4 7 10 6 -7 -8 9 -10 -11 -12
leaf_value=0.033384458468488309 0.03041181584952168 -0.0028007387133680726 -0.023099381753674195 -0.018603241124007377 0.0092831705127945138 -0.042154417071101555 -0.0074139628800013822 -0.011710634902707441 0.0018585963974137179 -0.046180603478350624 0.012629581373591148
leaf_weight=11.347583405673506 13.41302105039358 33.56770571321249 14.114936389029024 7.7245484516024572 119.51006911322474 7.0548966228961936 35.691314607858658 23.76452720165253 53.357786536216736 7.7841570451855651 5.9434863477945328
leaf_count=64 80 250 84 48 821 49 231 162 339 59 41
internal_value=0.00085618 0.0040607 -0.00450814 0.0124598 0.00221566 -0.00984478 0.00540887 -0.00885342 -0.00331494 -0.0204926 -0.00466554
internal_weight=333.274 209.237 124.037 25.0156 195.824 40.6226 155.201 99.0214 67.4727 31.5487 13.668
internal_count=2228 1431 797 153 1351 299 1052 644 423 221 89
cat_boundaries=0 1
cat_threshold=1
is_linear=0
shrinkage=0.05


Tree=115
num_leaves=13
num_cat=0
split_feature=1 1 3 5 6 0 1 0 0 3 0 1
split_gain=4.0541 3.76605 7.38673 3.55014 3.73964 3.23367 3.12295 2.5821 2.14052 4.84446 3.12044 1.75181
threshold=36.500000000000007 48.500000000000007 10.500000000000002 1.0000000180025095e-35 1.3631332481905591 0.98608075093223613 46.500000000000007 1.1068080167298708 2.0271004700352528 17.500000000000004 1.8495283018867927 20.500000000000004
decision_type=2 2 2 2 2 2 2 2 2 2 2 2
left_child=3 2 -2 4 11 -3 -4 -7 10 -10 -5 -1
right_child=1 5 6 8 -6 7 -8 -9 9 -11 -12 -13
leaf_value=-0.022317237552241406 0.059832208881351025 0.037593585993259869 -0.00042075977316217663 -0.0016629279145128205 -0.00085128149048255362 -0.033047902219011167 0.034823811498844538 0.0015299503734375873 -0.024675393545999111 0.014220906628964343 0.028296317427108073 -0.059382175668432562
leaf_weight=7.6860471069812792 8.4651633873581869 5.9578956291079512 26.577209189534187 41.911989822983742 11.041188351809977 5.4743505641818038 8.0242600888013822 168.21345883607864 23.432472039014101 11.878357496112583 10.783282831311224 6.5681319311261177
leaf_count=52 47 44 186 298 72 38 53 1069 172 93 73 49
internal_value=0.000963194 0.00489288 0.018166 -0.00671465 -0.0232017 0.00167475 0.00768535 0.000392954 -0.00189812 -0.0114465 0.00441505 -0.0400393
internal_weight=336.014 222.712 43.0666 113.301 25.2954 179.646 34.6015 173.688 88.0061 35.3108 52.6953 14.2542
internal_count=2246 1437 286 809 173 1151 239 1107 636 265 371 101
is_linear=0
shrinkage=0.05


Tree=116
num_leaves=8
num_cat=0
split_feature=1 2 1 1 2 1 0
split_gain=2.80908 2.64505 2.55497 5.24483 2.52402 2.38232 1.31954
threshold=9.0000000000000018 0.93132201334141906 97.500000000000014 86.500000000000014 1.0846689538634853 21.500000000000004 1.8589252908756893
decision_type=2 2 2 2 2 2 2
left_child=-1 2 3 -2 6 -6 -3
right_child=1 4 -4 -5 5 -7 -8
leaf_value=0.0315162654473767 0.0053273627917490921 -0.042488162637838833 -0.0156699026462916 0.051059061582826686 -0.016450359751784892 -0.0006254026013076527 -0.0092626660718454559
leaf_weight=6.6510230377316466 72.683079041540623 6.0204244181513769 11.459169983863829 6.8190008848905554 27.144833981990814 193.8041157014668 6.9284744560718536
leaf_count=40 453 45 72 43 205 1307 51
internal_value=-0.000382823 -0.00106079 0.00614848 0.00937186 -0.00388723 -0.00259877 -0.0253008
internal_weight=331.51 324.859 90.9612 79.5021 233.898 220.949 12.9489
internal_count=2216 2176 568 496 1608 1512 96
is_linear=0
shrinkage=0.05


Tree=117
num_leaves=12
num_cat=2
split_feature=11 2 6 3 0 0 6 6 8 1 0
split_gain=3.41589 2.94892 2.93411 2.70871 2.69177 3.55632 4.49872 2.34082 2.2411 1.72474 1.91783
threshold=0 9.2724180802263607 0.27004464285713786 17.500000000000004 2.3709228601620294 2.0805405405405408 1.499999999999833 0.95751913779220399 1 80.500000000000014 2.5491454434911844
decision_type=1 2 2 2 2 2 2 2 1 2 2
left_child=1 2 3 -1 5 7 -7 -2 -4 10 -6
right_child=4 -3 8 -5 9 6 -8 -9 -10 -11 -12
leaf_value=0.010077058228309961 -0.01994256488380048 -0.023792875521224638 -0.0016823043925724319 0.048791648032074336 -0.050508160996563724 0.041708300378125035 -0.0067437724596469814 -0.0013775004876869792 0.010172866370602397 -0.00019441188171570914 -0.017666365329393179
leaf_weight=16.200136587023739 26.266950905323029 9.426215071231125 114.51983989775181 6.4868511632084838 6.2482407018542316 8.9976805597543734 9.7623879536986333 49.578656822443008 60.630194701254368 9.0362740755081159 18.769777752459049
leaf_count=106 184 74 751 44 47 59 65 324 388 64 144
internal_value=-0.00079796 0.00314662 0.00462579 0.0215316 -0.00689747 -0.00302324 0.0163276 -0.00789061 0.00239643 -0.0194931 -0.0262361
internal_weight=335.923 207.263 197.837 22.687 128.66 94.6057 18.7601 75.8456 175.15 34.0543 25.018
internal_count=2250 1363 1289 150 887 632 124 508 1139 255 191
cat_boundaries=0 1 2
cat_threshold=13 2
is_linear=0
shrinkage=0.05


Tree=118
num_leaves=11
num_cat=0
split_feature=3 0 2 0 0 2 0 0 0 2
split_gain=2.58732 3.93237 2.44472 1.80516 2.67987 3.82211 2.25319 1.67902 1.29461 0.45704
threshold=18.500000000000004 1.626744524132584 6.4101468749791097 3.518852247657795 2.1187193627450984 0.75497076023391829 2.0352318040842632 1.7809068266727048 1.1480551288970073 2.0018450184501848
decision_type=2 2 2 2 2 2 2 2 2 2
left_child=3 8 7 4 6 -6 -1 -3 -2 -10
right_child=1 2 -4 -5 5 -7 -8 -9 9 -11
leaf_value=0.0024034591575810334 -0.0060247960178446691 0.019362334133224943 0.026046382576544409 0.022769950063501954 -0.028098149540542568 -0.0010899794445748813 0.02384498571548465 -0.0084585969824117098 -0.038820828703781368 -0.020400957170341377
leaf_weight=154.36439599096775 7.3922313302755382 5.9552721157670012 6.9999202452599993 9.4661624133586866 16.848446287214756 59.657017342746258 13.318708904087542 46.5262994132936 11.127315826714041 7.6607695743441573
leaf_count=986 58 39 46 71 106 415 81 329 77 58
internal_value=-0.00107201 -0.00858822 -0.00137999 0.00144898 0.000593003 -0.00713205 0.00414951 -0.00517575 -0.0247075 -0.0317227
internal_weight=339.317 85.6618 59.4815 253.655 244.189 76.5055 167.683 52.4816 26.1803 18.7881
internal_count=2266 607 414 1659 1588 521 1067 368 193 135
is_linear=0
shrinkage=0.05


Tree=119
num_leaves=10
num_cat=1
split_feature=0 7 0 2 1 2 0 1 2
split_gain=2.06119 3.6788 2.24022 1.38684 2.38487 2.23029 2.84645 2.17823 1.20811
threshold=1.1480551288970073 0 1.0265853393468458 0.12445936796141992 55.500000000000007 0.2776175797951676 2.1978221415607986 9.0000000000000018 1.3035841274356423
decision_type=2 1 2 2 2 2 2 2 2
left_child=1 2 -1 4 -2 6 -5 -7 -3
right_child=3 8 -4 5 -6 7 -8 -9 -10
leaf_value=-0.026478828172955427 0.0030915605862466377 0.01421829090932953 0.015168403812845213 0.043106307535820544 -0.036134266610341172 0.028152044095266233 -0.0033204315992531861 -0.0011622506002306797 0.044477638320591643
leaf_weight=6.3819642700254917 7.9648626595735532 6.9390601962804794 6.2108664512634277 6.6808432936668378 7.0536162108182907 6.3753594979643813 6.0489448383450508 284.29380226135254 7.8524050489068031
leaf_count=54 43 46 41 38 43 38 43 1919 55
internal_value=0.000789122 0.0139308 -0.00558654 -0.000329401 -0.0151178 0.0003909 0.0208016 -0.000492632 0.0308088
internal_weight=345.802 27.3843 12.5928 318.417 15.0185 303.399 12.7298 290.669 14.7915
internal_count=2320 196 95 2124 86 2038 81 1957 101
cat_boundaries=0 1
cat_threshold=2
is_linear=0
shrinkage=0.05


Tree=120
num_leaves=8
num_cat=0
split_feature=6 6 6 3 2 2 2
split_gain=3.12775 3.45361 3.1387 1.88432 2.84346 1.88995 0.514601
threshold=0.16666666666676772 0.076505016722586916 0.2578411223303041 15.500000000000002 0.12897764628533859 0.11288430420711966 2.1517293072063395
decision_type=2 2 2 2 2 2 2
left_child=1 -1 -2 5 -5 -4 -3
right_child=2 6 3 4 -6 -7 -8
leaf_value=0.0011058902960731072 0.02855707052411759 -0.024102543138820209 0.032689054957880083 -0.02967271993575293 -0.00067222849219651529 0.0043458021090932676 -0.049586430731450651
leaf_weight=12.046607844531538 10.770237918943165 5.5656911954283697 6.1568270549178115 8.830344192683695 167.47450160607696 124.16740696132183 5.2778517194092274
leaf_count=75 71 39 32 57 1171 791 41
internal_value=0.000830121 -0.0169548 0.00213341 0.00117998 -0.00216908 0.00574718 -0.0373029
internal_weight=340.289 22.8902 317.399 306.629 176.305 130.324 10.8435
internal_count=2277 155 2122 2051 1228 823 80
is_linear=0
shrinkage=0.05


Tree=121
num_leaves=14
num_cat=4
split_feature=11 9 7 0 0 0 9 1 1 1 1 0 0
split_gain=1.77259 4.0031 4.71444 3.81817 4.49331 3.21719 2.88493 3.33717 4.97955 3.70236 3.09724 1.9445 0.922482
threshold=0 1 2 1.9656084209103504 2.096329417047071 1.7618427353701758 3 74.500000000000014 58.500000000000007 83.000000000000014 71.500000000000014 1.8412024756852345 1.9909292854498337
decision_type=1 1 1 2 2 2 1 2 2 2 2 2 2
left_child=1 2 -1 5 -5 -3 10 8 -8 -9 11 -2 -12
right_child=6 3 -4 4 -6 -7 7 9 -10 -11 12 -13 -14
leaf_value=0.045919654126115352 -0.015072435595300818 0.0038087595038536872 -0.00058355345177880035 -0.040595293668557506 -0.0015919016432708634 0.03099644017672766 -0.00092844777351959733 -0.038200524400488746 0.022841842218576307 -0.0033290126369954253 0.011554005260795907 -0.052277667751952042 -0.01217867033621099
leaf_weight=11.932397551834583 8.4006312154233473 48.746018722653389 9.5757714360952377 8.7658924385905248 46.172534618526697 14.146922230720518 98.714588977396488 10.104476168751715 28.133008867502213 31.625482074916363 7.6655549407005337 6.8297113925218573 8.5011487454175931
leaf_count=74 56 323 61 54 324 83 689 65 181 207 45 50 51
internal_value=0.000790321 0.00492473 0.0250774 0.00160324 -0.00796852 0.0100431 -0.00220256 0.000253258 0.00431792 -0.0119635 -0.0162054 -0.0323146 -0.000616431
internal_weight=339.314 139.34 21.5082 117.831 54.9384 62.8929 199.975 168.578 126.848 41.73 31.397 15.2303 16.1667
internal_count=2263 919 135 784 378 406 1344 1142 870 272 202 106 96
cat_boundaries=0 1 2 3 4
cat_threshold=20 2 2 2
is_linear=0
shrinkage=0.05


Tree=122
num_leaves=12
num_cat=0
split_feature=2 6 3 0 2 3 0 2 0 6 6
split_gain=1.48309 2.73933 5.07952 3.0052 2.61487 4.13306 3.19288 1.97174 1.89469 1.18893 0.897026
threshold=2.0233144806535601 2.3252906976742147 14.500000000000002 2.3155252589304589 2.9455536181342636 16.500000000000004 2.8270208604954372 1.8181818181818183 1.883424845573096 5.4974226804122699 3.3723340040241152
decision_type=2 2 2 2 2 2 2 2 2 2 2
left_child=7 4 8 -4 5 -2 -6 9 -3 10 -1
right_child=1 2 3 -5 6 -7 -8 -9 -10 -11 -12
leaf_value=0.0044488393111393699 -0.029035785321029319 -0.053108199204841139 -0.0098930024440375998 0.02398798488982154 0.011618619517719669 0.0083013591891473813 -0.020090699922774777 0.025201480278974904 -0.017479172966979227 0.018327257720996068 -0.0054413280698563261
leaf_weight=133.16413827612996 14.075671188533308 7.2295877709984806 20.622527904808525 9.4529843330383283 68.742874529212713 15.16289199143648 8.7803820110857469 11.716504991054533 9.1220702081918699 13.338821955025194 27.192034617066383
leaf_count=863 99 51 149 75 458 113 67 74 64 65 178
internal_value=0.00234336 -0.00127054 -0.0114193 0.000634582 0.00310258 -0.00954031 0.00794151 0.00535523 -0.0337629 0.00397401 0.00273823
internal_weight=338.6 153.189 46.4272 30.0755 106.762 29.2386 77.5233 185.411 16.3517 173.695 160.356
internal_count=2256 1076 339 224 737 212 525 1180 115 1106 1041
is_linear=0
shrinkage=0.05


Tree=123
num_leaves=12
num_cat=1
split_feature=1 2 0 6 0 2 2 0 2 8 2
split_gain=1.45405 4.4342 2.93681 3.28899 2.57537 2.67661 2.45277 2.17212 2.00456 5.18735 2.62036
threshold=98.500000000000014 4.2723445396277588 2.5306813088301219 1.8086080586082462 2.4572948328267485 0.40797035692679978 0.12897764628533859 2.0876096491228076 1.6808874024526201 0 1.0181623931623933
decision_type=2 2 2 2 2 2 2 2 2 1 2
left_child=4 2 3 -2 5 6 -1 -7 10 -10 -6
right_child=1 -3 -4 -5 8 7 -8 -9 9 -11 -12
leaf_value=0.00018782657638173733 -0.0090197055865094324 0.023256383499623317 0.0073939113322537518 -0.051838373637886917 -0.0060815223628747431 -0.0021078454278890923 0.028562430076304098 0.010781033286769846 0.010282675505374874 -0.038015891454027922 -0.034644939851798943
leaf_weight=14.165883086621763 9.1698846071958595 7.061171628534793 6.3902938142418853 9.4584978967905027 22.257450804114342 168.9645172059536 17.32999275624752 40.389426499605179 26.605842128396034 6.9196864962577811 13.022027492523192
leaf_count=77 56 41 43 61 157 1120 100 270 201 54 89
internal_value=-0.0010582 -0.011174 -0.0211444 -0.0311884 0 0.00243071 0.0159996 0.000358819 -0.00853104 8.17197e-05 -0.016834
internal_weight=341.735 32.0798 25.0187 18.6284 309.655 240.85 31.4959 209.354 68.805 33.5255 35.2795
internal_count=2269 201 160 117 2068 1567 177 1390 501 255 246
cat_boundaries=0 1
cat_threshold=2
is_linear=0
shrinkage=0.05


Tree=124
num_leaves=12
num_cat=0
split_feature=6 1 6 2 6 1 1 2 6 1 1
split_gain=3.30369 2.24946 2.08543 3.01216 2.94583 2.6592 2.76835 2.50967 2.21449 1.27165 1.59115
threshold=0.22408700322241967 72.500000000000014 2.0338030851266717 2.6045279687204395 2.7724344639817118 94.500000000000014 74.500000000000014 3.0258779264214053 1.6281908990011644 51.500000000000007 29.500000000000004
decision_type=2 2 2 2 2 2 2 2 2 2 2
left_child=1 9 5 4 -4 6 -2 -5 -7 10 -1
right_child=2 -3 3 7 -6 8 -8 -9 -10 -11 -12
leaf_value=-0.028302678728461886 0.0068007384663966684 0.0084995931225653673 -0.010511200961074378 -0.042179393728713863 0.0088969952859747955 0.032576948862227596 -0.011889477506317268 -0.0077191206968376799 -0.0013519981920419818 -0.040308555660540681 0.0018898082497888294
leaf_weight=8.8973136730492204 131.05507823079824 7.8356892839074126 27.783839643001556 6.3408867940306655 64.464831132441759 15.779330097138883 23.08595572412014 33.71951412782073 6.4903959631919852 6.8719121515750876 7.8891249038279048
leaf_count=63 888 46 189 50 400 98 147 245 42 45 59
internal_value=0.00119053 -0.0141839 0.00277924 -0.00193634 0.00299236 0.00634337 0.00396316 -0.0133895 0.0225032 -0.0219114 -0.0138899
internal_weight=340.214 31.494 308.72 132.309 92.2487 176.411 154.141 40.0604 22.2697 23.6584 16.7864
internal_count=2272 213 2059 884 589 1175 1035 295 140 167 122
is_linear=0
shrinkage=0.05


Tree=125
num_leaves=15
num_cat=1
split_feature=6 8 0 0 4 5 6 1 0 0 1 6 0 6
split_gain=2.185 4.16275 3.04116 6.64875 4.06391 2.85387 2.6393 3.41491 2.15004 1.80071 1.81933 1.74607 1.40531 0.755811
threshold=0.95751913779220399 0 1.28628692476944 1.3543973440440007 1.0000000180025095e-35 1.0000000180025095e-35 0.27004464285713786 33.500000000000007 1.9815664288141353 1.5626059322033901 55.500000000000007 0.36758421317237855 1.1588793412101686 2.2881085395052434
decision_type=2 1 2 2 2 2 2 2 2 2 2 2 2 2
left_child=1 9 4 -4 12 -5 7 -3 -8 10 -1 -11 -2 -6
right_child=2 6 3 5 13 -7 8 -9 -10 11 -12 -13 -14 -15
leaf_value=0.0056042796725246065 -0.014824181422872416 0.02637625741294411 0.052487099239386305 0.01789695165436676 -0.0018091866414274686 0.0019669819561932453 -0.028175913101299473 -0.012442496646833568 -0.0040680192298754077 0.016402888585924421 0.041573151689356269 -0.0080939170674907707 -0.046005797987899888 0.021331464941162573
leaf_weight=8.5182730481028539 10.754288204014307 8.4875865429639834 7.5193761885166159 34.21396204829216 6.2926051393151266 161.77161074802279 26.955940268933773 16.510676573961973 14.907595843076704 11.13342370837927 6.4322580546140662 20.474605195224285 6.126744106411933 6.972056083381176
leaf_count=56 78 64 45 202 40 1067 193 107 110 72 39 146 42 48
internal_value=0.00160844 -0.0040605 0.00438224 0.00659332 -0.0103512 0.00478115 -0.0120747 0.000590882 -0.0197404 0.00734264 0.021585 0.000401521 -0.0266399 0.0100483
internal_weight=347.071 113.42 233.651 203.505 30.1457 195.986 66.8618 24.9983 41.8635 46.5586 14.9505 31.608 16.881 13.2647
internal_count=2309 787 1522 1314 208 1269 474 171 303 313 95 218 120 88
cat_boundaries=0 1
cat_threshold=2
is_linear=0
shrinkage=0.05


Tree=126
num_leaves=8
num_cat=1
split_feature=6 2 4 6 11 3 3
split_gain=1.07992 1.15595 5.01366 2.16867 1.16079 3.25995 2.80626
threshold=6.6826388888890493 0.3862597670647207 1.0000000180025095e-35 0.97451333813978991 0 16.500000000000004 15.500000000000002
decision_type=2 2 2 2 1 2 2
left_child=1 2 3 -1 6 -6 -3
right_child=-2 4 -4 -5 5 -7 -8
leaf_value=0.019104178168148269 -0.017448867268268876 0.0086592402212811847 0.039701020879961781 -0.010038971294065453 -0.0135240187373917 0.0036097263258346307 -0.0039252951141262888
leaf_weight=8.7658234313130396 9.0465247184038144 77.167552709579468 9.3928860425949079 22.445265926420689 58.176452845335007 52.288377530872822 103.22936381772161
leaf_count=53 45 480 49 137 405 387 706
internal_value=-0.000499748 -1.69614e-05 0.00785968 -0.00165938 -0.00113604 -0.00492701 0.00135687
internal_weight=340.512 331.466 40.604 31.2111 290.862 110.465 180.397
internal_count=2262 2217 239 190 1978 792 1186
cat_boundaries=0 1
cat_threshold=14
is_linear=0
shrinkage=0.05


Tree=127
num_leaves=8
num_cat=1
split_feature=6 1 6 6 1 0 9
split_gain=2.00521 1.98681 2.48243 2.82599 1.48464 4.49513 3.02927
threshold=0.052158058345204504 15.500000000000002 1.3631332481905591 0.67182241317577673 74.500000000000014 1.3754194630872483 0
decision_type=2 2 2 2 2 2 1
left_child=-1 2 3 -2 6 -6 -3
right_child=1 4 -4 -5 5 -7 -8
leaf_value=-0.028167219713363018 -0.031701399354935926 -0.014195456240449308 -0.040108199443331161 0.014212206434610098 0.017780176484146617 -0.011572850113559397 0.0034431669679012623
leaf_weight=7.4639231935143462 5.4504376947879818 27.742122504860163 7.3903105519711962 8.2450413256883603 15.598243251442907 74.625627741217613 191.13664973899722
leaf_count=50 43 189 54 53 100 482 1284
internal_value=-0.00265957 -0.00205948 -0.0168876 -0.0037951 -0.00102665 -0.00642877 0.00117924
internal_weight=337.652 330.188 21.0858 13.6955 309.103 90.2239 218.879
internal_count=2255 2205 150 96 2055 582 1473
cat_boundaries=0 1
cat_threshold=2
is_linear=0
shrinkage=0.05


Tree=128
num_leaves=12
num_cat=1
split_feature=0 2 6 0 10 6 2 0 2 0 6
split_gain=2.97462 2.50976 3.32483 3.03028 3.02515 1.99941 2.18572 5.23816 2.70853 1.25124 0.925526
threshold=1.7509259259259262 4.7312460832302987 4.2451777957740537 1.1480551288970073 0 0.22408700322241967 0.51992989089763297 2.4572948328267485 2.0465025145320364 2.0633600917431196 1.3351449275362672
decision_type=2 2 2 2 1 2 2 2 2 2 2
left_child=1 2 3 -1 10 9 7 -7 -8 -2 -3
right_child=5 4 -4 -5 -6 6 8 -9 -10 -11 -12
leaf_value=0.0065804207958540311 0.0003904762636481689 -0.02107611020406791 0.015451514074920698 -0.015469561913303271 0.029257109385329362 0.008605186982775459 0.01531796512497104 -0.032134099018143611 0.0021200420831042526 -0.02943002335676978 0.0065264540715016224
leaf_weight=18.86558835208416 6.7281444668769819 5.9299213960766792 12.952963151037691 81.128914207220078 10.697717681527138 22.263592079281807 73.149434417486191 12.015263486653565 85.096930027008057 6.5943780392408371 5.6636734157800674
leaf_count=136 41 42 75 539 67 128 467 86 603 49 39
internal_value=0.000652976 -0.00508832 -0.00813894 -0.0112571 0.0101128 0.00444984 0.00576655 -0.00558105 0.00825818 -0.0141068 -0.00722369
internal_weight=341.087 135.239 112.947 99.9945 22.2913 205.848 192.525 34.2789 158.246 13.3225 11.5936
internal_count=2272 898 750 675 148 1374 1284 214 1070 90 81
cat_boundaries=0 1
cat_threshold=1
is_linear=0
shrinkage=0.05


Tree=129
num_leaves=7
num_cat=1
split_feature=1 7 0 0 6 3
split_gain=1.72319 2.24508 1.08388 1.58956 3.97341 1.76744
threshold=15.500000000000002 0 3.6981143503189862 2.9442857142857148 2.1395028029702012 13.500000000000002
decision_type=2 1 2 2 2 2
left_child=1 -1 3 5 -5 -2
right_child=2 -3 -4 4 -6 -7
leaf_value=-0.032953241162676651 -0.0073432844312004766 0 -0.017677820190768516 -0.0085781505397348554 0.031326324057922426 0.00161981531031295
leaf_weight=9.3838456943631172 74.274590983986855 11.170910738408566 8.4813401252031309 11.48783113434911 13.092512503266333 209.74406149238348
leaf_count=76 458 77 69 85 88 1407
internal_value=-0.00106646 -0.0150622 -0.000138955 0.000332446 0.0125148 -0.000708314
internal_weight=337.635 20.5548 317.08 308.599 24.5803 284.019
internal_count=2260 153 2107 2038 173 1865
cat_boundaries=0 1
cat_threshold=2
is_linear=0
shrinkage=0.05


Tree=130
num_leaves=7
num_cat=0
split_feature=1 1 3 1 4 6
split_gain=1.88939 2.60867 1.54952 4.2353 1.50275 0.883691
threshold=9.0000000000000018 15.500000000000002 9.5000000000000018 43.500000000000007 1.5000000000000002 1.2759291864975493
decision_type=2 2 2 2 2 2
left_child=-1 5 3 -3 -4 -2
right_child=1 2 4 -5 -6 -7
leaf_value=0.022808546347893848 -0.011451170786165364 0.027419461520982898 -0.0030852527122477297 -0.0038592252679300375 0.017224189872782843 -0.039509580510245772
leaf_weight=7.8405353352427474 7.4121124073863012 16.87071318924427 264.72469582036138 29.23508432507515 9.2721009999513608 5.4043051637709141
leaf_count=46 62 101 1794 171 62 45
internal_value=-0.00124946 -0.00183774 -0.000932245 0.00751241 -0.0023737 -0.023884
internal_weight=340.76 332.919 320.103 46.1058 273.997 12.8164
internal_count=2281 2235 2128 272 1856 107
is_linear=0
shrinkage=0.05


Tree=131
num_leaves=8
num_cat=0
split_feature=6 3 3 0 3 0 0
split_gain=2.70491 2.31923 2.77274 6.60228 3.07032 2.49977 2.63365
threshold=0.070882101056099669 29.500000000000004 20.500000000000004 1.9909292854498337 19.500000000000004 1.5173164566304409 1.8671380537974687
decision_type=2 2 2 2 2 2 2
left_child=-1 2 4 -4 -2 -3 -7
right_child=1 5 3 -5 -6 6 -8
leaf_value=-0.027306895337484094 0.00032880886075121411 -0.04143160120402592 -0.0050055424362643441 0.043769201179221583 -0.023881054610564577 0.019081285609091309 -0.015258490602978979
leaf_weight=9.8453860282897931 248.61785208061337 6.2610148414969435 16.094362244009975 11.869835227727888 13.706298582255839 7.2979958690702942 21.828703243285418
leaf_count=65 1636 53 105 76 99 53 164
internal_value=-0.0016049 -0.000804425 0.000654021 0.0156017 -0.000925709 -0.0128772 -0.00644738
internal_weight=335.521 325.676 290.288 27.9642 262.324 35.3877 29.1267
internal_count=2251 2186 1916 181 1735 270 217
is_linear=0
shrinkage=0.05


Tree=132
num_leaves=7
num_cat=1
split_feature=0 0 6 11 0 2
split_gain=1.92218 2.60627 1.80031 6.09295 2.69669 1.74055
threshold=3.6981143503189862 3.2128704972500146 0.43637477362319854 0 3.02913719943423 2.1999682648178891
decision_type=2 2 2 1 2 2
left_child=1 2 3 -1 -4 -3
right_child=-2 5 4 -5 -6 -7
leaf_value=0.023467937101919734 -0.021432039836123375 0.040421776295692366 0.0011973185273048597 -0.0064512612523507642 -0.02861241477704134 0.0023955449969496282
leaf_weight=25.066589690744877 8.1611141413450223 7.4822278544306737 260.35575795546174 29.685939189046621 7.7105354294180861 5.4991392940282822
leaf_count=160 68 45 1710 209 57 43
internal_value=0.00232469 0.00292315 0.00201905 0.0102751 0.00031089 0.0248369
internal_weight=343.961 335.8 322.819 54.7525 268.066 12.9814
internal_count=2292 2224 2136 369 1767 88
cat_boundaries=0 1
cat_threshold=5
is_linear=0
shrinkage=0.05


Tree=133
num_leaves=8
num_cat=0
split_feature=6 3 0 2 3 0 1
split_gain=1.91965 1.39539 2.40333 1.98798 1.46026 1.61108 1.4714
threshold=0.076505016722586916 5.5000000000000009 1.793351776605862 1.9763104589694189 9.5000000000000018 3.6981143503189862 59.500000000000007
decision_type=2 2 2 2 2 2 2
left_child=-1 2 -2 -4 6 -6 -3
right_child=1 4 3 -5 5 -7 -8
leaf_value=0.020138958440890926 0.002711554878450088 0.026383382855869275 -0.0080776559793667071 -0.046566623986532246 -0.00018510167080496378 -0.023919256159080377 -0.0019264904319737774
leaf_weight=11.052502997219561 14.226076222956182 10.113657236099245 7.8052048906683904 6.4210564866662025 273.57544750720263 7.2572450861334792 7.7537113279104224
leaf_count=71 78 60 47 43 1855 61 46
internal_value=-0.000240523 -0.000950245 -0.0115113 -0.0260025 4.25138e-05 -0.000824531 0.0138774
internal_weight=338.205 327.152 28.4523 14.2263 298.7 280.833 17.8674
internal_count=2261 2190 168 90 2022 1916 106
is_linear=0
shrinkage=0.05


Tree=134
num_leaves=10
num_cat=0
split_feature=3 0 1 1 0 6 6 6 1
split_gain=1.35788 1.50038 3.28867 1.47276 1.31165 1.58007 1.29357 1.00933 3.57611
threshold=30.500000000000004 3.518852247657795 63.500000000000007 25.500000000000004 3.0088662778100388 0.070882101056099669 2.3936066126856228 0.67182241317577673 55.500000000000007
decision_type=2 2 2 2 2 2 2 2 2
left_child=1 4 -3 -2 5 -1 -6 -5 -9
right_child=3 2 -4 7 6 -7 -8 8 -10
leaf_value=-0.018710892558692932 -0.031612319050403216 0.047440192375984208 -0.0061458332527294613 0.015675476432791376 -0.027732659101946305 0.0026557384698956098 0.0017631723467608684 -0.034254194531380219 0.0059853225262045708
leaf_weight=8.7964221462607366 5.7238932736217967 5.4211220368742925 5.6116833239793777 5.2166881039738682 7.4917615279555303 267.79161355644464 6.6793419867753983 8.4296763651072997 15.181290067732332
leaf_count=57 50 41 43 43 53 1746 43 72 102
internal_value=0.000792836 0.00188221 0.0199249 -0.00855601 0.00117378 0.00195162 -0.0135649 -0.00371175 -0.00825414
internal_weight=336.343 301.792 11.0328 34.5515 290.759 276.588 14.1711 28.8277 23.611
internal_count=2250 1983 84 267 1899 1803 96 217 174
is_linear=0
shrinkage=0.05


Tree=135
num_leaves=10
num_cat=1
split_feature=3 2 3 2 6 3 0 10 2
split_gain=1.5537 1.56293 7.12948 5.10276 3.24531 3.07942 1.94965 1.2654 0.566626
threshold=34.500000000000007 1.1729595547544511 27.500000000000004 1.3397660571766399 1.8941298462804517 29.500000000000004 1.6579629124625037 0 0.46456659973226244
decision_type=2 2 2 2 2 2 2 1 2
left_child=1 5 3 -3 -4 6 -1 -2 -7
right_child=7 2 4 -5 -6 8 -8 -9 -10
leaf_value=-0.010231174348379328 -0.030662159918758758 0.028306057927611396 0.066065237124389914 -0.00075647572550988453 0.015105745407263055 -0.015270794943730898 0.0043599471427099015 0.00049987189435180413 -0.040572008123606285
leaf_weight=34.488996505737305 6.8846091181039792 16.321847707033157 6.1198269985616189 185.18860673159361 7.0838839001953602 5.5330877639353258 67.381500087678432 5.5223464146256447 5.3686999157071114
leaf_count=215 57 97 46 1263 52 40 423 40 42
internal_value=0.000765258 0.00143942 0.00395274 0.00158559 0.03942 -0.00330079 -0.000536138 -0.016499 -0.0284406
internal_weight=339.893 327.486 214.714 201.51 13.2037 112.772 101.87 12.407 10.9018
internal_count=2275 2178 1458 1360 98 720 638 97 82
cat_boundaries=0 1
cat_threshold=1
is_linear=0
shrinkage=0.05


Tree=136
num_leaves=7
num_cat=0
split_feature=2 1 1 5 1 3
split_gain=1.80504 2.12973 6.77214 5.99476 3.84945 2.67535
threshold=0.052899819977618806 46.500000000000007 48.500000000000007 1.0000000180025095e-35 44.500000000000007 9.5000000000000018
decision_type=2 2 2 2 2 2
left_child=-1 4 -3 -4 5 -2
right_child=1 2 3 -5 -6 -7
leaf_value=0.025258884459632987 0.012632796645349834 0.047462687584696524 0.023987351369417622 -0.0021236308244709803 -0.040157347432497145 -0.0058030475850702964
leaf_weight=7.1453011929988852 23.527701459825039 8.2807556614279729 25.38108142465353 158.8517467007041 7.1242461875081053 114.97664067521691
leaf_count=37 140 51 146 1036 49 845
internal_value=0.000564677 2.07667e-05 0.00348595 0.00145752 -0.00452497 -0.00262843
internal_weight=345.287 338.142 192.514 184.233 145.629 138.504
internal_count=2304 2267 1233 1182 1034 985
is_linear=0
shrinkage=0.05


Tree=137
num_leaves=8
num_cat=2
split_feature=1 6 6 10 6 2 10
split_gain=1.0253 1.87445 5.30551 3.46697 3.85768 3.00641 2.03983
threshold=112.50000000000001 3.410317460317517 3.0983041296589451 0 4.0958101907752491 3.0770986342080757 1
decision_type=2 2 2 1 2 2 1
left_child=1 2 6 5 -5 -3 -1
right_child=-2 3 -4 4 -6 -7 -8
leaf_value=-0.0050432230615446169 0.017065692887147585 -0.006181591390256886 0.032737662734043688 -0.04605047972949259 -0.0084324469129551712 0.028521377620739748 0.0039468638634942458
leaf_weight=136.89219060912728 7.7457813397049895 24.014337591826916 12.191776022315024 10.05949481576681 22.280671626329422 8.2806517556309682 116.49329376220703
leaf_count=949 47 154 76 69 136 60 768
internal_value=-0.000757317 -0.00119557 0.000646272 -0.00882999 -0.0203937 0.00262271 -0.000890403
internal_weight=337.958 330.212 265.577 64.6352 32.3402 32.295 253.385
internal_count=2259 2212 1793 419 205 214 1717
cat_boundaries=0 1 2
cat_threshold=1 1
is_linear=0
shrinkage=0.05


Tree=138
num_leaves=13
num_cat=2
split_feature=1 0 10 2 2 3 2 2 2 8 1 0
split_gain=1.74822 4.90322 5.70998 3.89856 3.84399 3.15736 2.71974 4.85499 2.95326 1.90187 1.74167 1.3538
threshold=70.500000000000014 1.9297596457938015 0 1.3035841274356423 3.8790762902019451 13.500000000000002 7.3996611735715403 6.7912348588418636 5.3457784369179837 1 105.00000000000001 2.5613097226862682
decision_type=2 2 1 2 2 2 2 2 2 1 2 2
left_child=6 2 3 -2 -4 11 7 8 -1 -8 -7 -3
right_child=1 5 4 -5 -6 10 9 -9 -10 -11 -12 -13
leaf_value=-0.0010461098730026204 -0.026624873520801059 -0.00040193972020122009 0.020395353467985704 0.013869579382614752 0.0648128927335654 -0.007842105991493771 -0.045098810163623521 0.042488357023152304 -0.025550943091557855 -0.0086611845737160145 -0.035061790829833649 0.030245023026950348
leaf_weight=199.21424417570233 9.553854353725912 6.9864722788333875 21.351836957037452 15.298884496092795 6.5514775514602652 29.99374383687973 5.9187042750418186 6.0397030487656584 13.053568810224531 10.117205243557693 7.5230717211961737 6.7055358663201332
leaf_count=1352 61 43 127 99 36 201 45 32 100 74 50 43
internal_value=-0.000380556 0.00499564 0.0157061 -0.00154118 0.031197 -0.00595008 -0.00278811 -0.00129906 -0.00258792 -0.022616 -0.013512 0.0143551
internal_weight=338.308 103.965 52.7561 24.8527 27.9033 51.2088 234.343 218.308 212.268 16.0359 37.5168 13.692
internal_count=2263 660 323 160 163 337 1603 1484 1452 119 251 86
cat_boundaries=0 1 2
cat_threshold=1 1
is_linear=0
shrinkage=0.05


Tree=139
num_leaves=7
num_cat=0
split_feature=1 1 6 6 1 6
split_gain=3.04237 2.68953 2.24976 1.49455 0.790301 0.390268
threshold=110.50000000000001 101.50000000000001 5.4974226804122699 0.43637477362319854 106.50000000000001 6.3758662939846937
decision_type=2 2 2 2 2 2
left_child=1 2 3 -1 -3 -4
right_child=-2 4 5 -5 -6 -7
leaf_value=0.0036337946446666279 -0.031032500333551313 0.027293511407537281 0.021190539009177244 -0.0054888732693219892 0.0036903098353492053 0.0052457879347983516
leaf_weight=54.621379066258669 8.9777894169092161 9.6213445141911524 9.89807126671076 236.99684893339872 6.4881429597735396 8.0072121024131757
leaf_count=380 56 60 57 1619 40 39
internal_value=-0.00245053 -0.00163788 -0.00269086 -0.00376236 0.0181771 0.0144065
internal_weight=334.611 325.633 309.524 291.618 16.1095 17.9053
internal_count=2251 2195 2095 1999 100 96
is_linear=0
shrinkage=0.05


Tree=140
num_leaves=12
num_cat=1
split_feature=1 3 6 10 1 6 6 6 3 1 3
split_gain=2.45711 2.07292 1.37461 2.39463 1.27479 2.85025 5.07231 3.72364 1.22909 3.89294 1.89484
threshold=101.50000000000001 13.500000000000002 1.6143569934009934 0 25.500000000000004 1.0334590986360048 1.3771086522765481 0.70042735042721793 6.5000000000000009 69.500000000000014 12.500000000000002
decision_type=2 2 2 1 2 2 2 2 2 2 2
left_child=4 -2 -3 -4 5 7 -7 -1 9 -6 -10
right_child=1 2 3 -5 8 6 -8 -9 10 -11 -12
leaf_value=0.001481086840819293 0.035494299552747549 0.020539277347885566 -0.028126242875595099 0.013252270158580779 -0.0062867840951709416 0.047914509302114855 0.0024782384100487092 -0.039883290732488481 -0.01817853490742476 0.037523264892748022 -0.0042054937490779761
leaf_weight=20.971059754490856 7.0671685636043575 8.049392983317377 6.2388727068901009 7.5522953048348462 18.369208589196209 7.7140502706170073 30.079663537442684 7.1475102715194216 28.186291471123695 6.837632179260253 188.11066493391991
leaf_count=152 39 48 45 45 114 44 202 51 183 38 1299
internal_value=-0.00181397 0.0120622 0.00412497 -0.00517439 -0.00313856 0.00297448 0.0119861 -0.00896029 -0.0048282 0.00550091 -0.00605703
internal_weight=336.324 28.9077 21.8406 13.7912 307.416 65.9123 37.7937 28.1186 241.504 25.2068 216.297
internal_count=2260 177 138 90 2083 449 246 203 1634 152 1482
cat_boundaries=0 1
cat_threshold=1
is_linear=0
shrinkage=0.05


Tree=141
num_leaves=9
num_cat=0
split_feature=6 6 2 1 1 1 6 2
split_gain=1.40501 3.54514 2.16506 2.93607 1.74968 2.16343 3.41165 1.66941
threshold=0.22408700322241967 0.27004464285713786 7.2837022132796791 64.500000000000014 22.500000000000004 36.500000000000007 0.076505016722586916 2.0465025145320364
decision_type=2 2 2 2 2 2 2 2
left_child=4 -2 7 -4 -1 -6 -7 -3
right_child=1 2 3 -5 5 6 -8 -9
leaf_value=-0.034295472379632153 0.03869873566951465 0.0026553916842686244 0.0005732633394247862 0.035118174785808733 0.022187590809114921 0.010818228384843816 -0.032072246493362433 -0.0053892596826143517
leaf_weight=5.7488843165338066 6.2370086237788191 166.56627614051104 15.640181101858618 10.376687303185461 5.9483021944761303 8.3592602163553256 9.8769931867718679 104.91041370481253
leaf_count=43 40 1062 116 57 46 52 67 765
internal_value=0.000641028 0.00167467 0.000868907 0.0146245 -0.00965135 -0.00347024 -0.0121874 -0.000435841
internal_weight=333.664 303.731 297.494 26.0169 29.9334 24.1846 18.2363 271.477
internal_count=2248 2040 2000 173 208 165 119 1827
is_linear=0
shrinkage=0.05


Tree=142
num_leaves=8
num_cat=0
split_feature=6 0 2 0 3 0 0
split_gain=2.4418 2.30046 2.66369 3.95048 2.82092 1.9537 2.40622
threshold=6.6826388888890493 2.8538375350140059 1.7844677898909815 1.3754194630872483 29.500000000000004 2.9751222022125039 3.2509678762228549
decision_type=2 2 2 2 2 2 2
left_child=1 2 4 -4 -1 -3 -7
right_child=-2 5 3 -5 -6 6 -8
leaf_value=0.0086157549243035276 -0.026863979563576182 -0.031887093591433463 0.012001703126907235 -0.0078688682972078341 -0.013058266318417703 0.010817812099437564 -0.017445676078360589
leaf_weight=128.60381628572941 8.7581188306212407 9.0891643799841386 31.82700914144516 113.60655704885721 16.738873116672039 12.927062135189773 17.398012932389975
leaf_count=789 44 69 219 802 127 94 134
internal_value=-0.000952341 -0.000241985 0.00128037 -0.00348073 0.00607795 -0.0115745 -0.00523714
internal_weight=338.949 330.19 290.776 145.434 145.343 39.4142 30.3251
internal_count=2278 2234 1937 1021 916 297 228
is_linear=0
shrinkage=0.05


Tree=143
num_leaves=12
num_cat=1
split_feature=3 0 3 10 6 6 2 3 0 3 6
split_gain=3.04966 5.32621 3.47717 3.46285 2.44458 3.26004 2.41214 2.48764 1.4665 1.34971 0.930512
threshold=19.500000000000004 1.626744524132584 20.500000000000004 0 4.6423289261922713 6.2081524233117777 0.092856275426558915 5.5000000000000009 1.1068080167298708 25.500000000000004 5.3740196078431213
decision_type=2 2 2 1 2 2 2 2 2 2 2
left_child=4 8 -3 -4 6 10 -1 -8 -2 -10 -6
right_child=1 2 3 -5 5 -7 7 -9 9 -11 -12
leaf_value=0.027816816547596119 -0.006853368567005403 -0.032433594246235868 -0.0082518161546722649 0.018909015557498812 -0.043060990163164149 0.010300226741718366 -0.011514239364400465 0.0045167969009259528 -0.024817265603467108 -0.056539315793868866 -0.014989156600542604
leaf_weight=9.8197640106081945 5.5354093462228802 7.4335233643651 25.296841129660606 21.527920939028263 6.4489926286041754 8.3312817662954313 27.339296251535416 198.09851031377912 9.5764400213956815 6.3505387082695952 7.0602141693234444
leaf_count=49 41 55 188 142 50 42 167 1345 66 56 45
internal_value=-0.000452637 -0.00927742 -0.000826859 0.00414264 0.0021296 -0.0137867 0.00363369 0.00254627 -0.0303062 -0.0380516 -0.0289754
internal_weight=332.819 75.7207 54.2583 46.8248 257.098 21.8405 235.258 225.438 21.4624 15.927 13.5092
internal_count=2246 548 385 330 1698 137 1561 1512 163 122 95
cat_boundaries=0 1
cat_threshold=1
is_linear=0
shrinkage=0.05


Tree=144
num_leaves=12
num_cat=1
split_feature=3 3 0 3 2 10 0 0 3 2 2
split_gain=1.11124 1.9947 6.07897 2.83363 3.48746 1.88284 1.60858 1.9474 1.44315 1.1215 2.72001
threshold=29.500000000000004 20.500000000000004 1.9815664288141353 19.500000000000004 1.6582405935347113 0 1.9107592707966521 1.586743725918984 18.500000000000004 2.2169844222273896 0.69388425251085251
decision_type=2 2 2 2 2 1 2 2 2 2 2
left_child=1 3 5 8 -5 -3 7 -2 -1 10 -8
right_child=6 2 -4 4 -6 -7 9 -9 -10 -11 -12
leaf_value=-0.00066923159136124757 -0.014614115825801677 -0.022234375618599513 0.040266480259541965 -0.045890232434205057 0.0065748955281991111 0.010540579071727396 -0.031016195541063347 0.022417449323520695 0.021403956044202841 -0.033588624665754289 0.013296518502309061
leaf_weight=253.23637949675322 6.9180041439831239 8.8350804820656794 11.734627582132815 7.4673487916588766 5.1529385522007942 8.2921324223279971 6.7991654872894305 6.9760002233088017 7.5275989845395079 7.5141178593039504 6.688802745193243
leaf_count=1664 60 61 73 55 39 49 52 50 50 61 51
internal_value=-0.000803818 0.000156513 0.0126487 -0.00114818 -0.0241921 -0.00610708 -0.0092411 0.00364899 -4.90645e-06 -0.0179824 -0.00873703
internal_weight=337.142 302.246 28.8618 273.384 12.6203 17.1272 34.8961 13.894 260.764 21.0021 13.488
internal_count=2265 1991 183 1808 94 110 274 110 1714 164 103
cat_boundaries=0 1
cat_threshold=1
is_linear=0
shrinkage=0.05


Tree=145
num_leaves=8
num_cat=1
split_feature=6 6 2 6 10 1 2
split_gain=2.07373 1.66932 6.44452 4.33614 1.35092 5.6215 4.75836
threshold=0.070882101056099669 0.3394778570618624 1.1729595547544511 0.20577805590310583 0 26.500000000000004 1.6500434728605147
decision_type=2 2 2 2 1 2 2
left_child=-1 2 -2 -4 5 -3 -6
right_child=1 4 3 -5 6 -7 -8
leaf_value=-0.023182636811675383 -0.020625869396492694 0.013455068727249168 0.005257875274709679 0.049470440742373181 0.011756959224267373 -0.0093454196716206712 -0.0070647804878407952
leaf_weight=9.7125803381204587 10.87414253503084 34.554239630699158 12.370021034032108 10.435385324060915 68.92193828523159 121.22563552483916 65.024189088493586
leaf_count=64 75 233 90 68 423 847 446
internal_value=-0.000534906 0.000136755 0.0106693 0.0258348 -0.00107362 -0.00425048 0.00258419
internal_weight=333.118 323.406 33.6795 22.8054 289.726 155.78 133.946
internal_count=2246 2182 233 158 1949 1080 869
cat_boundaries=0 1
cat_threshold=1
is_linear=0
shrinkage=0.05


Tree=146
num_leaves=8
num_cat=1
split_feature=1 3 4 2 2 2 7
split_gain=1.64853 3.12336 1.9999 1.22356 2.96708 2.18518 1.10505
threshold=103.00000000000001 14.500000000000002 2.5000000000000004 2.0233144806535601 1.9075742279516452 2.1323471400394483 0
decision_type=2 2 2 2 2 2 1
left_child=2 -2 3 4 -1 -5 -3
right_child=1 6 -4 5 -6 -7 -8
leaf_value=0.0019765539565679865 0.01557405591187876 -0.035316991239527022 0.030103445087398612 -0.031007357988403917 0.035252454735588204 -0.0015006143412619093 -0.009727154660545613
leaf_weight=164.4895084053278 7.0760510563850429 9.2735861092805827 5.7471368871629229 6.535130374133586 6.9172339886426917 128.5323446393013 9.1155515313148534
leaf_count=1057 40 61 38 43 42 941 57
internal_value=0.000106637 -0.0120839 0.00112048 0.000551023 0.00336835 -0.00298715 -0.0230237
internal_weight=337.687 25.4652 312.221 306.474 171.407 135.067 18.3891
internal_count=2279 158 2121 2083 1099 984 118
cat_boundaries=0 1
cat_threshold=1
is_linear=0
shrinkage=0.05


Tree=147
num_leaves=11
num_cat=0
split_feature=0 0 6 2 1 2 0 2 6 2
split_gain=1.80526 3.5633 3.56739 2.35879 2.3121 2.30364 1.38867 1.0674 3.00926 2.07182
threshold=1.7509259259259262 1.8152063373119953 1.6538302277432124 0.34543689320388354 25.500000000000004 0.1729792353622672 1.7177187535931935 4.7312460832302987 2.1395028029702012 3.3816280806572072
decision_type=2 2 2 2 2 2 2 2 2 2
left_child=6 2 -2 5 -5 -3 7 9 -9 -1
right_child=1 3 -4 4 -6 -7 -8 8 -10 -11
leaf_value=-0.0033443674538166076 0.050869408862593495 -0.0030987431155116143 0.00071306516841141614 0.015043626539093783 1.982378393022658e-05 -0.038270716521457769 -0.028561365003314174 0.017787219587690754 -0.022305947725464164 -0.026689722546046121
leaf_weight=94.203381292521954 7.3102126196026784 15.058995444327595 7.1981412470340729 31.600065894424915 136.77644852548838 6.8987431526184073 5.8296667486429206 16.121852122247223 6.4065573513507834 10.606962583959101
leaf_count=625 41 95 42 210 947 50 37 101 45 82
internal_value=-0.000237111 0.00269311 0.0265025 0.000839012 0.00287635 -0.0144993 -0.00478061 -0.00363111 0.0061165 -0.0057778
internal_weight=338.011 204.843 14.5084 190.334 168.377 21.9577 133.168 127.339 22.5284 104.81
internal_count=2275 1385 83 1302 1157 145 890 853 146 707
is_linear=0
shrinkage=0.05


Tree=148
num_leaves=9
num_cat=0
split_feature=0 6 2 6 6 2 6 2
split_gain=3.93658 2.45938 2.7188 2.57649 2.94198 1.98144 1.93711 1.13686
threshold=1.0265853393468458 0.16666666666676772 1.4673076923076926 4.6423289261922713 6.2081524233117777 3.7526824034334769 0.2578411223303041 1.5196930946291565
decision_type=2 2 2 2 2 2 2 2
left_child=7 2 -2 6 -5 -4 -3 -1
right_child=1 3 5 4 -6 -7 -8 -9
leaf_value=-0.0087003116334928403 0.0073099870069576189 0.025869029094915948 -0.046058637567669314 -0.025168705776320813 0.0075936341953147498 -0.0057206617821301334 0.0038046098397160298 -0.038440188752385203
leaf_weight=6.6485714688897115 8.4401896893978137 10.350983232259749 7.2052615061402303 16.033367518335584 11.530194990336893 5.812024712562561 260.29762714356184 7.4387928880751133
leaf_count=48 57 65 53 112 58 41 1757 62
internal_value=0.00082957 0.00198726 -0.014281 0.00317898 -0.0113051 -0.0286104 0.00467618 -0.0249171
internal_weight=333.757 319.67 21.4575 298.212 27.5636 13.0173 270.649 14.0874
internal_count=2253 2143 151 1992 170 94 1822 110
is_linear=0
shrinkage=0.05


Tree=149
num_leaves=11
num_cat=3
split_feature=2 9 1 9 10 6 2 1 6 6
split_gain=1.43379 6.43403 4.31073 2.86126 2.21553 4.49972 3.33134 1.61326 1.54982 2.45118
threshold=0.34543689320388354 0 86.500000000000014 1 2 0.19312988353247962 1.6500434728605147 64.500000000000014 4.3983471074379645 1.6281908990011644
decision_type=2 1 2 1 1 2 2 2 2 2
left_child=1 -1 7 8 5 -5 -6 -3 9 -2
right_child=3 2 -4 4 6 -7 -8 -9 -10 -11
leaf_value=0.031260813974057451 -0.0031967168575440584 -0.018903629952211481 0.019357901937605934 -0.043092276310640193 0.01983710865052429 0.0020815274111410059 0.0020726925379902475 -0.047770364422170961 0.015785848284518178 -0.025766531781666477
leaf_weight=8.0188184231519699 42.531931307166815 18.094873189926155 5.8574066795408717 5.6848994866013518 46.72330778837204 116.92987043038011 62.184194449335337 7.2968754433095446 6.3569158539175978 17.068225059658289
leaf_count=41 312 112 39 40 284 804 420 50 36 126
internal_value=0.000734323 -0.00820913 -0.0185644 0.00193404 0.00456455 -5.57067e-06 0.00975103 -0.0275501 -0.00721679 -0.00977632
internal_weight=336.747 39.268 31.2492 297.479 231.522 122.615 108.908 25.3917 65.9571 59.6002
internal_count=2264 242 201 2022 1548 844 704 162 474 438
cat_boundaries=0 1 2 3
cat_threshold=1 1 1
is_linear=0
shrinkage=0.05


Tree=150
num_leaves=15
num_cat=1
split_feature=0 0 6 6 0 6 2 2 2 6 2 2 2 10
split_gain=2.87063 2.37336 3.09034 3.21031 1.87905 3.41258 1.75884 5.12128 2.2892 2.23902 2.36814 1.70301 1.67785 1.64608
threshold=2.0352318040842632 1.8807416772018546 1.7779459807665623 3.1597677215531359 1.7509259259259262 0.74291890280257011 1.2546699153033998 0.78487592219986591 0.53924939120469861 0.6440234271008255 2.0233144806535601 1.8006622516556294 2.6527623997288452 0
decision_type=2 2 2 2 2 2 2 2 2 2 2 2 2 1
left_child=1 4 11 -4 12 -6 7 8 -2 13 -11 -3 -1 -8
right_child=6 2 3 -5 5 -7 9 -9 -10 10 -12 -13 -14 -15
leaf_value=-0.0079367976317018703 0.0013123461678801642 -0.049178485334664408 0.022146437306424308 -0.0247597629135725 -0.019214933367835137 0.020707819160723787 0.0055330727036866645 -0.024662175386061556 0.031006404329604526 0.028323477217668119 0.0077228947583629212 -0.016852697409822325 0.0038388923963985065 -0.02736944583451334
leaf_weight=87.355638541281223 25.150740914046764 7.0341811254620579 8.0637243762612325 6.4788630604743949 7.0009991675615337 20.703400865197182 9.6710832640528661 16.395046532154083 8.8430381938815099 20.305299069732428 47.960409913212061 11.633975289762018 45.518961500376463 5.963749933987855
leaf_count=575 170 43 52 42 47 119 74 118 56 126 354 77 326 43
internal_value=-1.36877e-05 -0.00392148 -0.0160816 0.000881423 -0.00136697 0.0104065 0.00558707 -0.00171077 0.00925181 0.0100263 0.013956 -0.0294966 -0.00386534 -0.00679368
internal_weight=328.079 193.79 33.2107 14.5426 160.579 27.7044 134.289 50.3888 33.9938 83.9005 68.2657 18.6682 132.875 15.6348
internal_count=2222 1281 214 94 1067 166 941 344 226 597 480 120 901 117
cat_boundaries=0 1
cat_threshold=1
is_linear=0
shrinkage=0.05


Tree=151
num_leaves=9
num_cat=0
split_feature=6 6 3 3 0 0 0 6
split_gain=1.70994 2.20906 2.06916 1.68619 1.52991 0.991904 2.95991 2.45481
threshold=0.19312988353247962 0.27004464285713786 18.500000000000004 15.500000000000002 1.6579629124625037 1.6328158923143727 1.8152063373119953 1.0981922525107324
decision_type=2 2 2 2 2 2 2 2
left_child=2 -2 3 4 -1 7 -7 -3
right_child=1 5 -4 -5 -6 6 -8 -9
leaf_value=0.0072859656131112052 0.022768946483867809 0.0050357416705101854 0.010946175418182011 -0.040453046235568321 -0.027366168780199509 0.014617464767335948 -0.0020830289383928472 -0.011751941467168249
leaf_weight=6.1080917865037971 9.5669417232274991 33.339587524533272 5.9972639232873908 7.6326753981411448 6.1354129835963249 31.145413309335709 175.07694222405553 60.77009204402566
leaf_count=39 60 225 44 56 46 188 1189 419
internal_value=-0.00177594 -0.000725849 -0.0141096 -0.021937 -0.00975472 -0.00149824 0.000420847 -0.00575258
internal_weight=335.772 309.899 25.8734 19.8762 12.2435 300.332 206.222 94.1097
internal_count=2266 2081 185 141 85 2021 1377 644
is_linear=0
shrinkage=0.05


Tree=152
num_leaves=13
num_cat=0
split_feature=3 1 2 1 1 1 2 2 2 2 2 2
split_gain=1.94313 2.52137 1.4844 4.22 2.5393 4.71021 2.31057 2.2264 1.818 1.42675 2.76123 1.31854
threshold=25.500000000000004 21.500000000000004 1.3397660571766399 25.500000000000004 70.500000000000014 74.500000000000014 1.3966462492437997 1.1941462021701885 0.65613918439716323 1.155711206896552 2.0018450184501848 0.4551839464882943
decision_type=2 2 2 2 2 2 2 2 2 2 2 2
left_child=2 -2 3 8 6 -6 -4 -5 -1 11 -11 -3
right_child=1 9 4 7 5 -7 -8 -9 -10 10 -12 -13
leaf_value=0.0094208195987599969 -0.0463452040926014 0 -0.041551757965055794 -0.0034879049040374682 0.041607626288654317 -8.3566852623238348e-05 -0.0056836635804449302 0.019411151246011959 0.039169501368966311 0.03203979881452431 -0.0097054180983306808 -0.031427994431443756
leaf_weight=11.350688867270948 4.6849518828093997 5.759707383811473 4.6290642172098151 80.610965348780155 7.7618410512804976 47.293924234807491 119.25681292638183 12.110695466399191 10.36771599948406 5.2987564839422729 14.669516690075396 8.6256454512476903
leaf_count=62 43 45 28 517 44 309 857 71 63 39 114 68
internal_value=-0.00166341 -0.0121309 -0.000249867 0.00417672 -0.00310952 0.00576825 -0.00709665 -0.000425423 0.0239656 -0.00719883 0.00122735 -0.0191681
internal_weight=332.42 39.0386 293.382 114.44 178.942 55.0558 123.886 92.7217 21.7184 34.3536 19.9683 14.3854
internal_count=2260 309 1951 713 1238 353 885 588 125 266 153 113
is_linear=0
shrinkage=0.05


Tree=153
num_leaves=9
num_cat=0
split_feature=2 6 0 3 6 0 0 6
split_gain=2.90603 3.45042 1.67503 1.73162 3.71676 1.55819 1.48477 0.0668456
threshold=0.18844696969696967 1.2618667917450166 3.6313324819071955 20.500000000000004 3.528114478114619 2.1693766937669383 1.9445113788487285 1.6852768352230576
decision_type=2 2 2 2 2 2 2 2
left_child=1 -1 3 5 -5 -2 -3 -4
right_child=2 6 7 4 -6 -7 -8 -9
leaf_value=0.0072881527895216833 0.0042087188449821773 -0.013438448382519619 -0.023540621698017867 0.0049122266587536996 0.037422432834778759 -0.0043553593642306409 -0.047451511135388577 -0.011257191576812611
leaf_weight=9.569009296596052 171.77782931178808 6.9486102238297445 4.4292249977588636 46.685271929949522 10.904318265616892 76.32658339291811 7.0849935449659824 5.2254788354039192
leaf_count=57 1116 37 38 342 67 531 49 42
internal_value=0.00144635 -0.0154072 0.00272811 0.00339166 0.0112088 0.00155324 -0.0311783 -0.0175885
internal_weight=338.951 23.6026 315.349 305.694 57.5896 248.104 14.0336 9.6547
internal_count=2279 143 2136 2056 409 1647 86 80
is_linear=0
shrinkage=0.05


Tree=154
num_leaves=12
num_cat=1
split_feature=2 3 11 2 6 6 2 2 6 6 2
split_gain=1.81503 2.03528 2.67454 3.85783 2.4398 2.19816 1.9454 1.70847 2.92942 2.59854 2.08484
threshold=1.1941462021701885 9.5000000000000018 0 1.6500434728605147 2.3079002079000284 0.75984923107123881 2.072515723270441 0.092856275426558915 0.6326071513142647 1.3059697041982721 0.43473354688410015
decision_type=2 2 1 2 2 2 2 2 2 2 2
left_child=7 5 4 -4 -3 -2 -7 -1 10 -10 -9
right_child=1 2 3 -5 -6 6 -8 8 9 -11 -12
leaf_value=0.010318820906610966 -0.0064059849911216153 0.01287916227064323 0.012050464280309961 -0.011156049395925627 -0.0060279241261037286 0.041842103517565676 0.010707961675813712 -0.0021561966027639008 0.010960606465718769 -0.0094182290025963747 -0.037404209699607067
leaf_weight=13.245898135006426 10.467103153467177 52.049448721110821 22.493327926844358 83.810531169176102 24.874202214181423 7.517883367836478 17.012944415211678 6.6233598589897182 20.4475933983922 63.679118048399687 13.105898410081862
leaf_count=72 68 348 146 622 175 40 102 43 135 412 99
internal_value=-0.00134057 0.00133539 -0.000751395 -0.00566004 0.00593056 0.012374 0.0205837 -0.00636689 -0.00855098 -0.00439851 -0.0258937
internal_weight=335.327 218.225 183.228 106.304 76.9237 34.9979 24.5308 117.102 103.856 84.1267 19.7293
internal_count=2262 1501 1291 768 523 210 142 761 689 547 142
cat_boundaries=0 1
cat_threshold=6
is_linear=0
shrinkage=0.05


Tree=155
num_leaves=7
num_cat=0
split_feature=0 0 2 6 3 6
split_gain=1.70913 5.80282 3.91006 1.40384 1.41827 0.202413
threshold=3.2981463649494462 3.1306372549019614 0.86542087936673673 6.2081524233117777 6.5000000000000009 1.9592214663641683
decision_type=2 2 2 2 2 2
left_child=1 3 -2 4 -1 -4
right_child=2 -3 5 -5 -6 -7
leaf_value=-0.011163972476938492 0.015431004116626812 0.045003603486464351 -0.041143329554210746 0.017924861261101054 0.00022158738288083801 -0.02297597241637641
leaf_weight=30.200506448745728 6.3439893536269691 7.1376847252249709 5.763781435787676 10.133029416203497 273.86337935552001 5.4344817474484444
leaf_count=181 48 45 46 50 1874 41
internal_value=-8.08257e-05 0.000736014 -0.0152463 -0.000267714 -0.00089612 -0.0330507
internal_weight=338.877 321.335 17.5423 314.197 304.064 11.1983
internal_count=2285 2150 135 2105 2055 87
is_linear=0
shrinkage=0.05


Tree=156
num_leaves=12
num_cat=1
split_feature=11 2 2 0 0 0 0 2 0 2 0
split_gain=2.04063 2.84942 3.77104 6.10893 3.30775 2.54294 2.40741 2.37908 2.27336 2.08138 1.77687
threshold=0 0.48059349266921075 1.4518849206349207 1.4912197376842664 2.7110366600090203 1.9345630215195435 2.5945970959647897 3.7526824034334769 3.0657667091604446 9.2724180802263607 1.2462384909050082
decision_type=1 2 2 2 2 2 2 2 2 2 2
left_child=6 5 3 -3 -4 -2 9 8 -8 10 -1
right_child=1 2 4 -5 -6 -7 7 -9 -10 -11 -12
leaf_value=-0.0061283174195551644 -0.0069017391669116109 -0.028363889414972809 -0.013771755364640989 0.022079223050819767 0.015732853475847745 -0.043964431662111975 -0.013957518088998167 -0.033635095513200784 0.013760630900209082 -0.023053194639191404 0.0081876724818561036
leaf_weight=25.287155114114285 10.765379488468172 7.5774137154221526 62.931415613740683 26.629711627960205 10.950341399759052 8.6292788088321668 18.040615461766723 7.7761358954012385 12.296323992311953 6.290014721453189 136.26378825306892
leaf_count=172 62 55 455 178 81 62 135 67 87 48 851
internal_value=-0.000987828 -0.00570968 -0.00292812 0.0107094 -0.00931581 -0.0237895 0.00208781 -0.00909457 -0.00255008 0.00478508 0.00591349
internal_weight=333.438 127.484 108.089 34.2071 73.8818 19.3947 205.954 38.1131 30.3369 167.841 161.551
internal_count=2253 893 769 233 536 124 1360 289 222 1071 1023
cat_boundaries=0 1
cat_threshold=28
is_linear=0
shrinkage=0.05


Tree=157
num_leaves=14
num_cat=1
split_feature=0 3 0 0 6 10 3 6 2 6 2 6 0
split_gain=2.71539 2.74126 3.33146 2.40986 2.38781 2.43287 4.08675 3.64173 2.16018 1.591 1.08925 0.629201 0.218858
threshold=1.6820105820105822 11.500000000000002 1.6007518796992481 1.5045400238948627 4.5376495425756529 0 14.500000000000002 2.9974874371858471 3.3816280806572072 5.8470368744513035 2.5332530442927879 2.1238352043436071 2.2030788457168828
decision_type=2 2 2 2 2 1 2 2 2 2 2 2 2
left_child=1 8 3 -3 5 7 -7 -2 11 12 -4 -1 -6
right_child=4 2 10 -5 9 6 -8 -9 -10 -11 -12 -13 -14
leaf_value=-0.0094615321090590482 -0.0056117908790678152 -0.011820327369691944 -0.051865253859459087 0.010135353856030467 -0.034955775696775972 -0.0065672092656249284 0.017243572036951 0.017701808527534467 0.029638220040294025 0.0025876602138747151 -0.019142781279363807 0.0094611459118805492 -0.017618757478318019
leaf_weight=11.45750673860312 91.233697149902582 68.554281001910567 5.9321256428956968 14.955830506980417 5.5362770557403582 25.610641501843929 58.419053599238396 20.376592628657818 7.3340692594647399 7.2822514027357093 5.8667869418859482 6.828910067677497 5.9794346541166306
leaf_count=67 642 495 41 103 38 162 384 138 41 39 42 38 46
internal_value=-0.00151828 -0.00751438 -0.011435 -0.00782106 0.00184176 0.00350034 0.00992789 -0.00129865 0.00686365 -0.0150826 -0.0363124 -0.00211005 -0.0266133
internal_weight=335.367 120.93 95.309 83.5101 214.438 195.64 84.0297 111.61 25.6205 18.798 11.7989 18.2864 11.5157
internal_count=2276 827 681 598 1449 1326 546 780 146 123 83 105 84
cat_boundaries=0 1
cat_threshold=1
is_linear=0
shrinkage=0.05


Tree=158
num_leaves=11
num_cat=1
split_feature=3 1 1 6 6 1 1 6 11 1
split_gain=2.74268 2.17023 2.86998 2.30112 2.09411 3.32263 3.82036 3.22537 1.39373 0.984302
threshold=9.5000000000000018 9.0000000000000018 19.500000000000004 1.9592214663641683 0.72301587301585613 48.500000000000007 35.500000000000007 0.36758421317237855 0 78.500000000000014
decision_type=2 2 2 2 2 2 2 2 1 2
left_child=4 -2 3 -3 7 6 -6 -1 -4 -7
right_child=1 2 8 -5 5 9 -8 -9 -10 -11
leaf_value=0.022342838344592306 0.026980522121121248 -0.0061099553971962588 0.0041700783700610962 -0.039322208033776333 0.013396489869781725 -0.0055276381140003245 0.060708199680288677 -0.02679717597012481 -0.0030984593899181265 0.018172014761528334
leaf_weight=6.1540782451629621 7.4144012033939353 18.200956530869011 156.08765692263842 7.5274984315037718 10.054649829864504 10.52566083520651 7.8975236490368834 6.9987374171614647 100.35613102093339 7.1607245653867713
leaf_count=38 43 141 1044 58 58 63 43 47 709 38
internal_value=0.00232226 0.000454857 -0.000233733 -0.0161352 0.0132798 0.0195799 0.0347078 -0.00343265 0.00134781 0.0038348
internal_weight=338.378 289.587 282.172 25.7285 48.7914 35.6386 17.9522 13.1528 256.444 17.6864
internal_count=2282 1995 1952 199 287 202 101 85 1753 101
cat_boundaries=0 1
cat_threshold=13
is_linear=0
shrinkage=0.05


Tree=159
num_leaves=5
num_cat=0
split_feature=0 1 1 0
split_gain=2.40703 1.93186 1.78906 1.36038
threshold=3.6981143503189862 9.0000000000000018 112.50000000000001 0.97047386507505895
decision_type=2 2 2 2
left_child=1 -1 3 -3
right_child=-2 2 -4 -5
leaf_value=0.024989523616294668 -0.027183054947393682 -0.020160453830210735 0.02317691154022717 -0.00046064804253856639
leaf_weight=7.5413374155759803 8.1608348786830884 8.9486139193177205 7.7071848437190047 307.83691948279738
leaf_count=43 74 76 47 2061
internal_value=-0.00051993 0.000128337 -0.000441563 -0.0010391
internal_weight=340.195 332.034 324.493 316.786
internal_count=2301 2227 2184 2137
is_linear=0
shrinkage=0.05


Tree=160
num_leaves=13
num_cat=0
split_feature=6 2 6 2 2 2 6 0 6 2 2 3
split_gain=1.57828 3.11386 2.92801 3.66498 8.0766 2.92482 2.55681 2.49581 2.41287 3.10284 2.10653 1.1856
threshold=3.240198711063329 0.67768173520884789 3.4472292015635624 0.69388425251085251 1.0846689538634853 0.9099517335396633 2.8860593848435339 2.2030788457168828 1.7519997269997083 0.3862597670647207 0.36270371097584925 15.500000000000002
decision_type=2 2 2 2 2 2 2 2 2 2 2 2
left_child=1 8 -2 10 -5 7 -7 -3 9 -1 -4 -10
right_child=2 5 3 4 -6 6 -8 -9 11 -11 -12 -13
leaf_value=0.0052391930346988753 0.036370710862930991 0.0033411757793944973 0.0014919279458096455 -0.054354587401780313 0.0034525304208645421 -0.00052751977622151041 -0.025275006994666446 0.042499382849801141 -0.011753073254573081 -0.024251622852587345 0.035435372824389376 -0.041077447242172292
leaf_weight=21.933206159621477 6.8379403278231612 10.461831390857698 8.6756545156240481 7.0847963169217101 37.260439284145832 181.84603153169155 11.008983261883257 6.9231674447655669 6.3482823893427875 14.687899902462958 10.403994850814341 9.7368571013212186
leaf_count=133 43 73 53 49 257 1266 77 46 37 101 60 70
internal_value=-0.0011399 -0.00293121 0.00548734 0.00202703 -0.00577202 -0.000180615 -0.00197849 0.0193748 -0.0137873 -0.00648658 0.02035 -0.0299571
internal_weight=333.209 262.946 70.2628 63.4249 44.3452 210.24 192.855 17.385 52.7062 36.6211 19.0796 16.0851
internal_count=2265 1803 462 419 306 1462 1343 119 341 234 113 107
is_linear=0
shrinkage=0.05


Tree=161
num_leaves=8
num_cat=0
split_feature=3 6 4 2 1 6 1
split_gain=1.5762 1.88284 2.2714 2.22584 2.13505 1.94019 1.19486
threshold=34.500000000000007 0.22408700322241967 1.5000000000000002 3.8790762902019451 34.500000000000007 0.43637477362319854 61.500000000000007
decision_type=2 2 2 2 2 2 2
left_child=1 3 5 4 -1 -3 -2
right_child=6 2 -4 -5 -6 -7 -8
leaf_value=0.0010838780340465498 -0.03715696053249231 0.013951372293513682 0.027129817318159583 0.011803006140595833 -0.033756613237457864 -0.00091129996152144912 -0.001652341600004264
leaf_weight=6.3243911489844384 5.0152241773903352 23.83270526304841 8.0306534916162473 6.3515234626829615 12.511255234479902 263.92305536568165 5.0138699114322662
leaf_count=47 47 162 51 47 87 1769 35
internal_value=-0.000671229 -4.27616e-05 0.00106079 -0.013153 -0.0218503 0.000306716 -0.0200922
internal_weight=331.003 320.974 295.786 25.1872 18.8356 287.756 10.0291
internal_count=2245 2163 1982 181 134 1931 82
is_linear=0
shrinkage=0.05


Tree=162
num_leaves=11
num_cat=0
split_feature=6 6 2 6 2 6 2 0 6 0
split_gain=1.40984 2.97724 2.8249 3.5118 2.68885 2.68834 1.75022 1.57751 2.55285 2.46463
threshold=1.3930982989222598 1.2353418872826487 1.5349172932330828 0.19312988353247962 1.3397660571766399 1.4870680044593254 1.6500434728605147 2.9193076871968642 2.9097693351424572 2.6599804726761058
decision_type=2 2 2 2 2 2 2 2 2 2
left_child=1 2 4 -4 -1 -2 -3 9 -9 -7
right_child=5 6 3 -5 -6 7 -8 8 -10 -11
leaf_value=-0.0041527220405674524 -0.033835447901921438 0.037837519132570857 -0.016898525411087727 0.011061865782226208 -0.03788691553021116 -0.0025169724550475323 0.0064019494057638727 0.0011950463546636105 -0.031012369240850681 0.020463964810957982
leaf_weight=51.923926092684269 7.057324916124343 8.6820358484983462 13.301877688616512 66.403433807194233 6.6614307537674895 135.41103367693722 9.9583613872528058 12.277828171849253 11.671399418264626 12.654192045331
leaf_count=347 48 48 101 458 46 892 58 89 86 91
internal_value=-0.00071068 0.00272973 0.000158749 0.00631763 -0.00813168 -0.00375346 0.0214341 -0.00247128 -0.0143567 -0.000506706
internal_weight=336.003 156.931 138.291 79.7053 58.5854 179.072 18.6404 172.014 23.9492 148.065
internal_count=2264 1058 952 559 393 1206 106 1158 175 983
is_linear=0
shrinkage=0.05


Tree=163
num_leaves=9
num_cat=2
split_feature=0 6 0 2 8 0 11 0
split_gain=1.13821 0.996578 3.01947 2.9121 2.32209 5.13467 3.39174 1.77719
threshold=0.89003703946505841 1.222006052745326 1.1838849414111194 0.81620924231761682 0 1.9815664288141353 1 1.078310230777807
decision_type=2 2 2 2 1 2 1 2
left_child=-1 2 7 -4 6 -6 -3 -2
right_child=1 4 3 -5 5 -7 -8 -9
leaf_value=-0.02180184048338733 0.0021174904778662493 0.0081478169477565872 -0.019015087705468961 -0.00064015534128387475 0.0026167849796020649 0.039751470232450854 -0.0062271894393756888 0.040066109736773291
leaf_weight=5.5358058884739867 6.8286533169448358 62.54797899723053 27.964144457131624 95.823716647922993 34.949756992980838 12.767577141523359 84.192729853093624 6.0350222773849964
leaf_count=49 48 407 188 673 227 82 578 40
internal_value=0.000447 0.000840544 -0.00240999 -0.00484348 0.00315056 0.0127197 0 0.0204786
internal_weight=336.645 331.11 136.652 123.788 194.458 47.7173 146.741 12.8637
internal_count=2292 2243 949 861 1294 309 985 88
cat_boundaries=0 1 2
cat_threshold=2 10
is_linear=0
shrinkage=0.05


Tree=164
num_leaves=11
num_cat=1
split_feature=0 9 2 2 2 3 0 4 4 0
split_gain=1.26645 1.59201 2.78783 4.00949 1.52163 2.46767 2.5018 1.50987 2.70374 1.33721
threshold=1.4093741271512368 0 6.0644930446529637 0.66441441441441451 0.34543689320388354 12.500000000000002 1.9345630215195435 1.0000000180025095e-35 1.5000000000000002 1.5173164566304409
decision_type=2 1 2 2 2 2 2 2 2 2
left_child=1 -1 3 -3 5 -2 -7 9 -9 -6
right_child=4 2 -4 -5 7 6 -8 8 -10 -11
leaf_value=-0.012237803856160526 -0.037529977431894603 0.028613913141289634 0.036201184877803119 -0.0032442436224406415 -0.011840012713516158 0.017665300441491238 -0.016784341471878014 -0.013971411092828298 0.018228677878520973 0.0037295592748329215
leaf_weight=8.7899483703076839 6.783344283699992 13.486419774591921 8.7663773782551271 35.384097564965487 14.646620921790598 8.6219856292009371 13.063617259263991 34.114869389683008 7.8474342525005332 190.24095262959599
leaf_count=60 41 81 54 268 100 50 92 256 52 1266
internal_value=0.00103191 0.00722748 0.0102987 0.00548578 -0.000446843 -0.0113829 -0.00283977 0.000798255 -0.00780173 0.00258693
internal_weight=341.746 66.4268 57.6369 48.8705 275.319 28.4689 21.6856 246.85 41.9623 204.888
internal_count=2320 463 403 349 1857 183 142 1674 308 1366
cat_boundaries=0 1
cat_threshold=2
is_linear=0
shrinkage=0.05


Tree=165
num_leaves=6
num_cat=0
split_feature=6 6 6 1 0
split_gain=1.68886 2.3538 2.63921 2.00421 1.07663
threshold=0.076505016722586916 0.19312988353247962 0.27004464285713786 112.50000000000001 1.5550213675213675
decision_type=2 2 2 2 2
left_child=-1 4 -3 -4 -2
right_child=1 2 3 -5 -6
leaf_value=0.018406656980652251 -0.0051048137269625029 0.025318952338359121 -0.0023204346553129733 0.024328689507006465 -0.036305691938268207
leaf_weight=10.668792352080343 5.3522131927311403 9.236875928938387 290.93307612836361 7.1063550040125838 6.8409450054168701
leaf_count=71 43 58 1982 44 56
internal_value=-0.0010302 -0.00170051 -0.000825054 -0.0016603 -0.0231697
internal_weight=330.138 319.469 307.276 298.039 12.1932
internal_count=2254 2183 2084 2026 99
is_linear=0
shrinkage=0.05


Tree=166
num_leaves=9
num_cat=2
split_feature=0 0 2 0 11 11 2 1
split_gain=2.59399 2.68513 1.92538 2.51898 3.08558 1.7895 3.91697 2.8108
threshold=2.5945970959647897 2.536186398403725 0.34543689320388354 2.6802777777777784 0 1 9.0250462962962974 41.500000000000007
decision_type=2 2 2 2 1 1 2 2
left_child=1 5 -2 -4 -5 7 -7 -1
right_child=2 -3 3 4 -6 6 -8 -9
leaf_value=-0.0026196860510282437 -0.034516234006608172 0.035126219242219446 -0.032648447497627547 -0.01355921572989046 0.0080408313502369003 -0.0057250873129805506 0.035866546323633106 0.010812196192414478
leaf_weight=62.743324209004641 6.2621961012482634 6.2832994610071173 7.1819623261690131 17.824517272412777 30.511534709483385 94.705133516341448 5.899864748120307 100.32583522796631
leaf_count=434 52 39 53 142 218 660 42 611
internal_value=0.000899277 0.0030284 -0.00831329 -0.00521106 -0.000972087 0.00223153 -0.00291381 0.00529075
internal_weight=331.738 269.957 61.7802 55.518 48.3361 263.674 100.605 163.069
internal_count=2251 1786 465 413 360 1747 702 1045
cat_boundaries=0 1 2
cat_threshold=24 28
is_linear=0
shrinkage=0.05


Tree=167
num_leaves=12
num_cat=2
split_feature=7 0 0 6 1 0 6 11 2 6 6
split_gain=1.38232 5.49407 6.11132 4.72889 4.50625 3.4241 3.86778 3.71781 2.7131 1.77745 0.2636
threshold=0 1.1175167741515213 1.5004409171075841 0.33040671805470107 78.500000000000014 1.1480551288970073 0.6440234271008255 1 0.12897764628533859 1.0430641657394955 1.2618667917450166
decision_type=1 2 2 2 2 2 2 1 2 2 2
left_child=1 10 4 -4 -3 9 7 -7 -8 -2 -1
right_child=5 2 3 -5 -6 6 8 -9 -10 -11 -12
leaf_value=-0.047589729840604417 0.046830264023517885 0.0086566875800016749 0.022052335358164178 -0.0087806698004347632 0.053695797052864896 0.0069646061918311923 -0.022276765219537396 -0.021392442948809723 0.0079155640382702046 0.010703276277598575 -0.027054026711731294
leaf_weight=4.8249830156564695 6.2451415508985511 25.581063143908978 13.79563496634364 113.55794408172369 7.1650125831365576 16.004738785326481 7.8187199346721163 20.540118340402842 108.45137924700975 8.5411002151668054 6.1035024411976337
leaf_count=39 42 168 95 778 41 108 47 152 710 60 51
internal_value=0.000361529 -0.00278362 -0.000400426 -0.00538676 0.0187972 0.00360055 0.00133528 -0.0127892 0.00582488 0.0265099 -0.0369233
internal_weight=338.629 171.028 160.1 127.354 32.7461 167.601 152.815 36.5449 116.27 14.7862 10.9285
internal_count=2291 1172 1082 873 209 1119 1017 260 757 102 90
cat_boundaries=0 1 2
cat_threshold=2 20
is_linear=0
shrinkage=0.05


Tree=168
num_leaves=13
num_cat=1
split_feature=2 6 2 6 11 6 6 1 2 2 2 1
split_gain=1.75511 4.1942 2.66551 3.3039 2.15601 2.87239 3.05002 1.74467 2.59146 1.52667 4.61008 2.04948
threshold=4.904938271604939 1.6426346528227194 5.826088984236546 1.0073344947736407 0 5.5661202185792158 4.0152187759357671 29.500000000000004 9.0250462962962974 3.7248198198198201 3.198591549295775 58.500000000000007
decision_type=2 2 2 2 1 2 2 2 2 2 2 2
left_child=4 2 -2 -4 9 6 -6 -3 -9 10 -1 -11
right_child=1 7 3 -5 5 -7 -8 8 -10 11 -12 -13
leaf_value=0.00048395004190013503 0.04771560437479147 0.015924684390268156 -0.0027898614651728961 0.033311466434371523 -0.0078810175291377724 0.021482183807408045 -0.040644923738516747 -0.026515358556917629 0.012504636673106842 -0.034968987368225124 0.035278054826774694 0.0052631622053372316
leaf_weight=147.84960788860917 6.6023630052804938 5.7997853010892895 15.305753465741875 10.438194818794726 87.010621801018715 7.3156143948435775 7.7637581303715697 13.982903230935337 5.8281445056200019 6.3714796602725965 10.101324856281279 5.7912247627973557
leaf_count=963 46 47 102 62 631 38 58 100 40 54 69 39
internal_value=-0.000509027 0.0073641 0.019351 0.0117266 -0.00220581 -0.00754825 -0.0106577 -0.00759725 -0.0147799 0.00133835 0.00276166 -0.0155182
internal_weight=330.161 57.9571 32.3463 25.7439 272.204 102.09 94.7744 25.6108 19.811 170.114 157.951 12.1627
internal_count=2249 397 210 164 1852 727 689 187 140 1125 1032 93
cat_boundaries=0 1
cat_threshold=28
is_linear=0
shrinkage=0.05


Tree=169
num_leaves=12
num_cat=1
split_feature=6 6 6 2 2 2 0 2 2 10 2
split_gain=2.17183 3.53636 2.37091 2.52206 5.93854 3.31749 1.55406 4.65093 3.42798 1.34591 0.21949
threshold=3.1208291203237661 2.5382088987403155 3.410317460317517 0.66441441441441451 1.2057937715403486 0.48059349266921075 1.7509259259259262 5.0165789473684219 5.1945179052802386 0 1.7844677898909815
decision_type=2 2 2 2 2 2 2 2 2 1 2
left_child=1 6 -2 5 -5 -4 8 -8 -1 10 -3
right_child=2 9 3 4 -6 -7 7 -9 -10 -11 -12
leaf_value=-0.0096014529457579354 0.027450022811347272 -0.02143186453479809 0.0014415440850685602 -0.042941291020724977 0.0052978465040785438 0.044952548599830125 0.0071849563184570482 -0.016980087519523873 0.015597583899217185 -0.0068483028148543712 -0.038328727452237338
leaf_weight=81.183933399617672 12.133186317980288 5.9769675955176353 11.741824835538866 7.7292161583900443 33.928305774927139 7.1423898562788954 112.09167699143291 24.036922734230757 15.967256437987087 10.821538858115673 7.3476547002792358
leaf_count=571 73 41 73 54 235 38 761 166 104 74 60
internal_value=-0.000292447 -0.00246221 0.0073173 0.00316143 -0.0036142 0.0183118 -0.000550983 0.00287198 -0.00539668 -0.0206422 -0.0313379
internal_weight=330.101 257.426 72.6749 60.5417 41.6575 18.8842 233.28 136.129 97.1512 24.1462 13.3246
internal_count=2250 1777 473 400 289 111 1602 927 675 175 101
cat_boundaries=0 1
cat_threshold=1
is_linear=0
shrinkage=0.05


Tree=170
num_leaves=8
num_cat=1
split_feature=2 6 3 6 11 2 0
split_gain=2.91516 1.79808 3.35139 3.56888 1.09912 2.8565 2.72043
threshold=10.711400247831476 0.28170360712719533 18.500000000000004 0.22408700322241967 0 9.0250462962962974 2.7005391795315248
decision_type=2 2 2 2 1 2 2
left_child=1 2 3 -1 6 -6 -3
right_child=-2 4 -4 -5 5 -7 -8
leaf_value=-0.0060937954194871637 -0.030703922871339048 0.011599535118804972 0.041674902512434615 0.037127035590570796 -0.0022566423690537243 0.03237528495069885 -0.017604001631761214
leaf_weight=20.31432614475489 7.0309160873293868 49.496078386902809 7.5521425679326049 6.1009407788515082 227.14974215999246 6.0027505010366431 9.2955378815531713
leaf_count=147 63 301 56 34 1559 40 70
internal_value=0.000887053 0.00159311 0.0124672 0.00380241 0.000306972 -0.0012754 0.00587724
internal_weight=332.942 325.912 33.9674 26.4153 291.944 233.152 58.7916
internal_count=2270 2207 237 181 1970 1599 371
cat_boundaries=0 1
cat_threshold=8
is_linear=0
shrinkage=0.05


Tree=171
num_leaves=13
num_cat=2
split_feature=11 2 2 2 2 6 6 6 0 6 10 0
split_gain=1.28383 1.81727 2.91355 2.81518 1.81537 1.78252 6.49631 2.80988 2.60372 2.41501 1.88637 1.17425
threshold=0 1.4518849206349207 1.8181818181818183 1.1941462021701885 0.3862597670647207 3.410317460317517 3.0983041296589451 4.4688059701492726 1.8877597542832463 2.8209288767974181 1 1.224744897959184
decision_type=1 2 2 2 2 2 2 2 2 2 1 2
left_child=1 3 -3 4 -1 6 9 10 -9 -2 -7 -4
right_child=5 2 11 -5 -6 7 -8 8 -10 -11 -12 -13
leaf_value=0.020392193516267726 0.00018141817008380062 -0.02374652008247229 0.023177064873587172 0.035116703255803537 0 -0.010052085173631745 0.043600745058967008 0.018685510833110538 -0.014650359493201771 -0.030500335229082822 -0.043026744471370268 0.001614410025867311
leaf_weight=16.025342721492052 149.67806122079492 10.797723121941088 7.2381025440990916 10.703085608780382 32.83812678232789 10.529314883053303 8.4674007669091207 11.093266263604166 12.142101831734179 6.5876961573958388 8.0681087374687195 50.72188013792038
leaf_count=103 983 77 57 65 233 71 50 65 82 47 53 383
internal_value=0.00140811 0.00511801 0 0.0119014 0.00665287 -0.00106963 0.00119357 -0.0103378 0.00106279 -0.00109873 -0.0247785 0.00442858
internal_weight=334.89 128.324 68.7577 59.5666 48.8635 206.566 164.733 41.8328 23.2354 156.266 18.5974 57.96
internal_count=2269 918 517 401 336 1351 1080 271 147 1030 124 440
cat_boundaries=0 1 2
cat_threshold=17 1
is_linear=0
shrinkage=0.05


Tree=172
num_leaves=10
num_cat=2
split_feature=3 1 10 0 1 1 5 1 10
split_gain=1.9744 2.00984 3.61642 5.83948 3.0039 1.56162 3.07282 2.23843 1.3034
threshold=34.500000000000007 25.500000000000004 0 1.8539126016260166 21.500000000000004 38.500000000000007 1.0000000180025095e-35 44.500000000000007 1
decision_type=2 2 1 2 2 2 2 2 1
left_child=1 2 4 -4 -1 6 -3 -7 -2
right_child=8 5 3 -5 -6 7 -8 -9 -10
leaf_value=0.011028993406974981 -0.033731963997913464 -0.034660302457623388 -0.025856771032451566 0.018198758854703762 0.042545154691678549 0.018689152686939506 -0.00076184345134671825 0.0014530141112739968 0
leaf_weight=21.915939915925264 5.912658639252184 8.1327176019549352 13.38200978934765 16.881865151226521 12.066217638552187 20.936176046729088 37.370856743305922 190.68031156808138 5.5927749499678612
leaf_count=154 54 66 93 107 70 135 302 1233 41
internal_value=0.0026231 0.00336687 0.0112808 -0.00113794 0.0224583 0.00136638 -0.00699277 0.0031899 -0.0175708
internal_weight=332.872 321.366 64.246 30.2639 33.9822 257.12 45.5036 211.616 11.5054
internal_count=2255 2160 424 200 224 1736 368 1368 95
cat_boundaries=0 1 2
cat_threshold=1 1
is_linear=0
shrinkage=0.05


Tree=173
num_leaves=10
num_cat=1
split_feature=2 6 2 0 6 11 0 2 1
split_gain=2.46064 3.61242 1.83287 1.39393 3.56572 2.03396 5.79373 2.39348 1.99962
threshold=7.5429419718972319 1.0208695652175572 10.112712606898652 1.1480551288970073 1.8799293286219916 0 2.7922063903281527 2.0018450184501848 53.500000000000007
decision_type=2 2 2 2 2 1 2 2 2
left_child=3 -2 -3 4 8 6 -5 -7 -1
right_child=1 2 -4 5 -6 7 -8 -9 -10
leaf_value=0.047405695074310639 -0.040795229091832926 -0.016713076028615142 0.017424388064926827 -0.017415959565748412 -0.0095118569914084128 0.0063776249014488411 0.025871926916137596 -0.003901263972366089 0.0093627582217449597
leaf_weight=7.0814311578869837 8.8007152341306227 8.3444734662771207 7.2376701571047297 42.575394734740257 10.466945905238388 140.39680863171816 9.2706584073603135 94.199752442538738 7.5424252599477768
leaf_count=50 63 55 54 296 79 882 62 684 53
internal_value=-9.68704e-05 -0.0153734 -0.000527907 0.00108729 0.012365 7.8005e-05 -0.00800367 0.00213794 0.028321
internal_weight=335.916 24.3829 15.5821 311.533 25.0908 286.443 51.8461 234.597 14.6239
internal_count=2278 172 109 2106 182 1924 358 1566 103
cat_boundaries=0 1
cat_threshold=2
is_linear=0
shrinkage=0.05


Tree=174
num_leaves=14
num_cat=0
split_feature=0 2 3 2 1 2 6 6 2 6 1 6 6
split_gain=1.81282 3.90728 3.48431 3.32024 3.09748 2.99207 2.72763 3.35335 3.3229 3.29442 2.78907 2.13615 2.11717
threshold=2.0511512297226591 4.904938271604939 14.500000000000002 3.5785203373545431 16.500000000000004 7.1973328688112117 1.3631332481905591 3.1898375339463549 0.51992989089763297 1.2019723360655514 80.500000000000014 0.43637477362319854 1.5239109697932121
decision_type=2 2 2 2 2 2 2 2 2 2 2 2 2
left_child=1 3 -3 4 -1 -4 9 8 -8 11 -9 -2 -5
right_child=6 2 5 12 -6 -7 7 10 -10 -11 -12 -13 -14
leaf_value=0.019882757942013218 0.021796403262240371 0.032763884014262994 0.018123365396855544 -0.044175984873468188 -0.0072535651065928908 -0.017357334234939178 -0.038898077684959516 0.0013257477391848628 -0.0044717955562142177 0.041504285717660967 0.034545737705870661 -0.0011586983105398325 -0.006210925801014522
leaf_weight=11.241471759974955 15.244590520858763 11.834160499274729 11.284207779914142 9.4948267340660113 132.86248336732388 12.319532744586466 8.4233642593026143 25.05726820603013 42.588446244597435 8.1071731671690923 8.5138713903725129 28.734892908483744 6.5573496446013442
leaf_count=77 109 68 78 72 874 82 59 169 300 47 57 214 52
internal_value=-0.00110492 -0.00420249 0.0107423 -0.00754518 -0.00508968 -0.000179289 0.00329143 -0.00220247 -0.0103193 0.0122958 0.00997664 0.00671618 -0.0291112
internal_weight=332.264 195.594 35.4379 160.156 144.104 23.6037 136.67 84.583 51.0118 52.0867 33.5711 43.9795 16.0522
internal_count=2258 1303 228 1075 951 160 955 585 359 370 226 323 124
is_linear=0
shrinkage=0.05


Tree=175
num_leaves=9
num_cat=1
split_feature=2 4 0 2 6 0 11 0
split_gain=2.33857 3.67435 2.38962 1.85158 1.70337 1.6848 2.69751 2.34972
threshold=0.43473354688410015 1.0000000180025095e-35 1.6202406609195406 0.48059349266921075 1.3200017716361059 1.2905906532034674 0 1.3543973440440007
decision_type=2 2 2 2 2 2 1 2
left_child=1 2 -1 -2 -4 6 -5 -7
right_child=3 -3 4 5 -6 7 -8 -9
leaf_value=-0.018897495670485626 -0.028057374734021218 0.036069609650578829 0.030599278726058832 0.0072414862632360008 0.0018402398576085816 0.02628910967170868 -0.016260031481018174 0.00062910128910635601
leaf_weight=8.7690103873610479 5.8671348243951789 11.488494418561457 7.7241523303091553 14.534503258764742 16.328226458281279 9.2021937295794469 24.009759269654751 233.94901301711798
leaf_count=54 38 62 51 105 108 55 180 1603
internal_value=0.00113915 0.0118225 0.0030996 -0.000493184 0.0113714 7.29309e-05 -0.00960648 0.00163118
internal_weight=331.872 44.3099 32.8214 287.563 24.0524 281.695 38.5443 243.151
internal_count=2256 275 213 1981 159 1943 285 1658
cat_boundaries=0 1
cat_threshold=6
is_linear=0
shrinkage=0.05


Tree=176
num_leaves=12
num_cat=2
split_feature=6 3 1 11 3 7 2 2 2 2 2
split_gain=1.15021 2.68961 3.02285 2.17129 3.07424 3.81246 2.97586 2.19029 4.33997 3.80084 1.61803
threshold=0.33040671805470107 18.500000000000004 63.500000000000007 0 17.500000000000004 1 1.9275445002282068 1.3397660571766399 1.0965594562399275 1.5523437500000001 1.1941462021701885
decision_type=2 2 2 1 2 1 2 2 2 2 2
left_child=1 2 10 4 5 -2 -6 8 -5 -9 -1
right_child=3 -3 -4 7 6 -7 -8 9 -10 -11 -12
leaf_value=-0.023257010648506448 0.0032827577317354468 0.015520659628920241 -0.035810534591712469 -0.00041066246196352603 -0.016657182117454417 0.025149315746807496 0.011761408435239337 -0.03705606007242844 0.034892081303855467 -0.003663939731997429 0.0067733912834918976
leaf_weight=6.5221934765577378 49.57680294662714 9.4491768889129144 10.870129153132437 57.957299023866653 22.182977974414825 34.000647082924843 15.436245158314703 9.3125477135181409 10.090589351952074 97.568192079663277 13.501328900456427
leaf_count=45 327 69 71 376 154 213 116 59 59 700 99
internal_value=0.000433214 -0.00745551 -0.0146718 0.00152697 0.00637671 0.0122576 -0.0048634 -0.00205327 0.00479441 -0.00665206 -0.00282681
internal_weight=336.468 40.3428 30.8937 296.125 121.197 83.5775 37.6192 174.929 68.0479 106.881 20.0235
internal_count=2288 284 215 2004 810 540 270 1194 435 759 144
cat_boundaries=0 1 2
cat_threshold=24 2
is_linear=0
shrinkage=0.05


Tree=177
num_leaves=8
num_cat=0
split_feature=0 3 3 1 1 2 1
split_gain=2.16373 0.958003 2.29422 2.28976 3.53901 2.26097 2.23286
threshold=3.6981143503189862 9.5000000000000018 10.500000000000002 45.500000000000007 85.500000000000014 2.7119252873563222 89.000000000000014
decision_type=2 2 2 2 2 2 2
left_child=1 3 -3 5 -5 -1 -4
right_child=-2 2 6 4 -6 -7 -8
leaf_value=0.033113698801554861 -0.02550647474142663 -0.021552955504997445 0.0030953031641875951 -0.014531115114008706 0.026076621708338805 -0.00077053289255240914 -0.0093827470895429168
leaf_weight=12.784441255033018 7.6587859392166129 11.621994413435457 220.50949417427182 17.509955942630771 7.5908177495002738 7.5026057660579673 42.612162567675114
leaf_count=70 68 76 1527 108 41 48 285
internal_value=0.000555078 0.00120196 7.07756e-05 0.00792414 -0.00199763 0.020395 0.00105271
internal_weight=327.79 320.131 274.744 45.3878 25.1008 20.287 263.122
internal_count=2223 2155 1888 267 149 118 1812
is_linear=0
shrinkage=0.05


Tree=178
num_leaves=14
num_cat=0
split_feature=1 1 0 3 6 1 0 0 1 1 3 6 2
split_gain=2.39069 2.71369 2.71146 2.74523 2.54472 1.57176 3.66788 3.60788 2.70608 5.13497 2.70849 2.60148 0.0565629
threshold=38.500000000000007 35.500000000000007 1.7509259259259262 15.500000000000002 0.68063171748201767 53.500000000000007 1.6091892233746521 1.9386860007160762 58.500000000000007 63.500000000000007 19.500000000000004 0.95751913779220399 1.6952837140751662
decision_type=2 2 2 2 2 2 2 2 2 2 2 2 2
left_child=1 2 4 -4 -1 6 11 -8 10 -10 -7 -2 -3
right_child=5 12 3 -5 -6 8 7 -9 9 -11 -12 -13 -14
leaf_value=0.00017011008194095224 0.0009933795798203924 -0.038822866440203586 -0.0099446571908311313 0.01093128911927997 -0.024918697489238285 -0.031190470009870977 -0.03133494485366143 0.0084942858668509737 0.02824894553309526 -0.0013281608226247154 0.0084727935686012331 0.038791131367295152 -0.023613962836368331
leaf_weight=16.650697454810143 7.2784908115863827 4.9776440411806089 27.527579672634602 36.295596472918987 24.157781453803182 12.799413040280344 7.4741771742701557 22.565345514565706 16.39267522841692 131.23874012008309 6.1490430161356917 13.455747887492178 4.5754575133323669
leaf_count=125 47 39 191 262 182 87 47 150 102 852 43 83 43
internal_value=-0.00105724 -0.00692178 -0.00452126 0.00184759 -0.0145843 0.00200241 0.00969777 -0.00132087 -0.000317556 0.00193907 -0.0180798 0.0258312 -0.0323766
internal_weight=331.538 114.185 104.632 63.8232 40.8085 217.354 50.7738 30.0395 166.58 147.631 18.9485 20.7342 9.5531
internal_count=2253 842 760 453 307 1411 327 197 1084 954 130 130 82
is_linear=0
shrinkage=0.05


Tree=179
num_leaves=6
num_cat=1
split_feature=1 2 6 9 3
split_gain=2.51098 1.84265 1.58772 4.73974 1.90721
threshold=112.50000000000001 10.711400247831476 0.58730958781352538 0 15.500000000000002
decision_type=2 2 2 1 2
left_child=1 2 3 -1 -4
right_child=-2 -3 4 -5 -6
leaf_value=0.0092120933785692638 0.028279101624469394 -0.027714891357937539 0.0060117303905214458 -0.018243223453620817 -0.0027153641628380595
leaf_weight=25.154124155640602 7.2035926058888426 6.4054946899414054 108.50980168581009 40.878262840211391 146.98266282305121
leaf_count=170 43 59 676 299 1020
internal_value=-0.000686513 -0.00134647 -0.000797147 -0.00771078 0.000972446
internal_weight=335.134 327.93 321.525 66.0324 255.492
internal_count=2267 2224 2165 469 1696
cat_boundaries=0 1
cat_threshold=4
is_linear=0
shrinkage=0.05


Tree=180
num_leaves=15
num_cat=0
split_feature=1 2 6 2 2 1 1 2 6 0 0 0 6 1
split_gain=1.82111 3.39725 7.17004 3.98557 5.14144 2.76706 2.5195 2.28268 3.59373 5.37352 3.0341 2.93484 2.19597 1.89768
threshold=63.500000000000007 3.150598340088786 1.0981922525107324 0.63319895859578412 0.18844696969696967 72.500000000000014 69.500000000000014 2.7119252873563222 0.68063171748201767 1.3275605988593158 1.3456855319341552 1.6579629124625037 2.0641051982740741 36.500000000000007
decision_type=2 2 2 2 2 2 2 2 2 2 2 2 2 2
left_child=7 3 -3 4 -2 -4 -5 8 11 -10 13 -1 -12 -9
right_child=1 2 5 6 -6 -7 -8 10 9 -11 12 -13 -14 -15
leaf_value=0.038067269502754512 -0.022888729419752788 0.039869393714763127 0.022437127461261003 -0.034865945877056874 0.020925740953189484 -0.014017330833132014 -0.0097462302564484196 0 -0.024131908655001668 0.0089499418941123947 -0.013179361941575965 0.007633687482864907 0.007516587305855648 0.040721818512813708
leaf_weight=16.651880718767643 9.6721416935324687 13.096368499100207 6.7737123519182232 12.910175688564776 20.832991905510426 20.764385662972927 48.389550324529409 5.541693698614834 14.189139761030672 85.172122702002525 41.071145672351122 16.080798722803593 18.20205294713378 5.9010173641145229
leaf_count=116 65 77 43 90 132 133 325 44 102 540 315 111 142 40
internal_value=0.00208962 -0.00244412 0.00952252 -0.00779976 0.00684089 -0.00482076 -0.0151662 0.00507464 0.00896088 0.00415595 -0.00211646 0.023337 -0.00673773 0.0212395
internal_weight=335.249 132.439 40.6345 91.8049 30.5051 27.5381 61.2997 202.81 132.094 99.3613 70.7159 32.7327 59.2732 11.4427
internal_count=2275 865 253 612 197 176 415 1410 869 642 541 227 457 84
is_linear=0
shrinkage=0.05


Tree=181
num_leaves=14
num_cat=3
split_feature=8 5 1 10 2 2 3 6 3 3 2 6 10
split_gain=1.17509 2.55633 4.92725 3.45675 3.12159 3.3717 2.55673 2.45709 4.64374 4.10632 2.69682 2.05276 1.84917
threshold=0 1.0000000180025095e-35 51.500000000000007 1 0.54485842026825637 0.9099517335396633 13.500000000000002 0.89543561263446148 26.500000000000004 11.500000000000002 6.7912348588418636 1.0981922525107324 2
decision_type=1 2 2 1 2 2 2 2 2 2 2 2 1
left_child=1 2 3 -1 6 -6 -3 8 9 -2 11 -9 -4
right_child=7 4 12 -5 5 -7 -8 10 -10 -11 -12 -13 -14
leaf_value=0.013813700858722839 0.016085674804971802 -0.04853361873027625 0.011061543671780111 -0.026644474740726027 0.018652395661625899 -0.006049304736093164 -0.012815753188167868 0.035049187144346024 0.034263944156763752 -0.017237660865193377 -0.020589369958830313 0.0084782105913985741 0.046934622135788369
leaf_weight=9.7411663867533225 11.621572900563477 6.7118312790989902 7.6358541548252088 11.09180563688278 15.321654111146925 127.70037716254592 22.109291236847639 8.7291986867785436 6.5671023130416861 41.904108267277479 6.6235683113336554 48.431861184537411 7.7136712148785591
leaf_count=60 78 43 45 77 98 890 148 54 54 315 44 311 42
internal_value=-0.0015669 -0.00387093 0.00813189 -0.0075124 -0.00643052 -0.00335694 -0.0214456 0.00226189 -0.00493518 -0.00989271 0.00911777 0.0126774 0.0295998
internal_weight=331.903 208.026 36.1825 20.833 171.843 143.022 28.8211 123.877 60.0928 53.5257 63.7846 57.1611 15.3495
internal_count=2259 1403 224 137 1179 988 191 856 447 393 409 365 87
cat_boundaries=0 1 2 3
cat_threshold=2 1 1
is_linear=0
shrinkage=0.05


Tree=182
num_leaves=11
num_cat=1
split_feature=0 11 0 6 0 0 0 1 1 0
split_gain=3.74244 1.98851 2.53134 1.7326 1.82773 1.45819 1.31376 2.01213 1.67355 0.877341
threshold=2.5945970959647897 0 3.4448062015503882 0.070882101056099669 2.508855158507898 2.1467001434720236 2.9888727624576688 75.500000000000014 46.500000000000007 2.9193076871968642
decision_type=2 1 2 2 2 2 2 2 2 2
left_child=3 6 9 -1 5 -5 8 -8 -2 -3
right_child=1 2 -4 4 -6 -7 7 -9 -10 -11
leaf_value=-0.019185262977187222 -0.027160570721493266 -0.022994124784152591 0.0046404264464139635 0.0054959257654627544 0.026447912920866297 -0.0045587682813761172 0.018851616181125113 -0.015858757130217099 0.0029874139968167767 -0.046671848635419046
leaf_weight=7.7446816489100447 7.7479754313826588 10.832110967487102 5.2729676179587832 204.87268058210611 9.1769288107752782 43.134444292634726 14.464271433651449 5.6209382936358443 10.484209716320036 8.1667522639036161
leaf_count=52 61 88 45 1345 61 292 105 43 71 66
internal_value=0.00123407 -0.00973005 -0.017813 0.00384589 0.00456606 0.00372589 0 0.00885961 -0.00962984 -0.033625
internal_weight=327.518 62.5892 24.2718 264.929 257.184 248.007 38.3174 20.0852 18.2322 18.9989
internal_count=2229 479 199 1750 1698 1637 280 148 132 154
cat_boundaries=0 1
cat_threshold=7
is_linear=0
shrinkage=0.05


Tree=183
num_leaves=10
num_cat=1
split_feature=1 6 7 2 2 1 1 3 3
split_gain=3.42228 4.20955 5.47565 4.10387 3.978 2.68149 1.85565 1.41747 0.921357
threshold=15.500000000000002 0.53472296645588746 0 2.4452991452991459 5.2825630252100853 112.50000000000001 74.500000000000014 15.500000000000002 18.500000000000004
decision_type=2 2 1 2 2 2 2 2 2
left_child=7 2 4 -4 -2 6 -3 -1 -9
right_child=1 5 3 -5 -6 -7 -8 8 -10
leaf_value=-0.037039608138565536 0.040784523206388229 -0.0007714090755123695 0.0057717397989635044 -0.040980480629728838 0.0025806976292204313 0.028483839070651058 -0.01064211046987947 0.0021892062942473613 -0.024768844824805476
leaf_weight=8.1711970344185847 19.258753541857008 173.18638350442052 25.950133420526985 5.6085433587431899 10.984953753650187 6.5991748720407477 66.267264042049646 6.8374942615628225 5.3466331399977207
leaf_count=58 137 1174 175 44 71 38 440 49 42
internal_value=-0.0010224 0.000277365 0.0119472 -0.00248223 0.0271274 -0.00263716 -0.00352724 -0.0208298 -0.00933882
internal_weight=328.211 307.855 61.8024 31.5587 30.2437 246.053 239.454 20.3553 12.1841
internal_count=2228 2079 427 219 208 1652 1614 149 91
cat_boundaries=0 1
cat_threshold=2
is_linear=0
shrinkage=0.05


Tree=184
num_leaves=10
num_cat=1
split_feature=0 0 0 11 1 2 0 6 0
split_gain=2.06958 2.44345 2.10011 2.07789 5.84762 2.66756 1.38723 2.0761 1.64885
threshold=2.5945970959647897 2.536186398403725 2.6599804726761058 0 31.500000000000004 2.1999682648178891 1.7509259259259262 1.2618667917450166 1.8152063373119953
decision_type=2 2 2 1 2 2 2 2 2
left_child=1 6 -2 4 -4 -5 7 -1 -8
right_child=2 -3 3 5 -6 -7 8 -9 -10
leaf_value=0.0057588670815634799 -0.0342504690045176 0.033132257651020493 0.042847306462280868 -0.0049362265880869491 -0.0050265951710354931 -0.043149561329545449 0.022465361479640608 -0.006750354918310596 0.0046575044162985189
leaf_weight=65.652870342135429 5.9551524370908728 6.8891989216208449 8.099759139120577 13.359939455986025 28.15046127513051 7.1619221530854693 14.780506089329718 66.695873517543077 118.58739439025521
leaf_count=445 47 43 52 103 207 69 83 461 771
internal_value=0.00197825 0.00387383 -0.00617325 -0.0030851 0.00440848 -0.0125659 0.00308427 -0.000507621 0.00668388
internal_weight=335.333 272.606 62.7272 56.7721 36.2502 20.5219 265.717 132.349 133.368
internal_count=2281 1803 478 431 259 172 1760 906 854
cat_boundaries=0 1
cat_threshold=7
is_linear=0
shrinkage=0.05


Tree=185
num_leaves=12
num_cat=1
split_feature=2 2 1 1 1 11 1 1 2 3 2
split_gain=1.9363 1.43122 2.46985 5.7501 1.52411 3.21876 2.65026 1.19615 2.47508 1.73597 0.0389752
threshold=6.6259864808251914 0.77391578089700397 97.500000000000014 85.500000000000014 33.500000000000007 0 86.500000000000014 45.500000000000007 7.5429419718972319 16.500000000000004 10.112712606898652
decision_type=2 2 2 2 2 1 2 2 2 2 2
left_child=1 2 3 -1 5 -3 -6 8 -2 -9 -10
right_child=7 4 -4 -5 6 -7 -8 9 10 -11 -12
leaf_value=0.00034846535022415442 0.04629071919354364 0.0033066640283784645 -0.021874335716990739 0.049990103636419175 0.00051236055053285987 -0.019284772221542412 -0.015145620932917199 0.017820638883673644 0 -0.011035887647041956 0.0062386183530699357
leaf_weight=66.078639045357704 5.2995603531599036 25.349533203989267 9.7169700339436513 6.3217527084052554 109.425441801548 37.853148944675922 35.546538189053535 8.6967653557658213 4.7166163995861989 12.643723677843807 4.467397253960371
leaf_count=415 28 191 64 38 757 284 244 47 36 79 46
internal_value=-0.00260131 -0.00396696 0.00157321 0.00481494 -0.00617607 -0.0126779 -0.00330024 0.00830596 0.0193545 0.00051891 0.00294146
internal_weight=326.116 290.292 82.1174 72.4004 208.175 63.2027 144.972 35.8241 14.4836 21.3405 9.18401
internal_count=2229 1993 517 453 1476 475 1001 236 110 126 82
cat_boundaries=0 1
cat_threshold=5
is_linear=0
shrinkage=0.05


Tree=186
num_leaves=15
num_cat=1
split_feature=3 1 1 3 1 0 0 3 0 0 1 3 11 3
split_gain=1.60033 4.41415 5.30858 4.27871 3.07687 2.68448 1.5956 1.47003 1.33105 3.58343 2.2295 1.97254 1.84451 3.63087
threshold=15.500000000000002 38.500000000000007 25.500000000000004 14.500000000000002 44.500000000000007 1.8495283018867927 1.9445113788487285 9.5000000000000018 2.3155252589304589 2.1693766937669383 72.500000000000014 17.500000000000004 0 25.500000000000004
decision_type=2 2 2 2 2 2 2 2 2 2 2 2 1 2
left_child=1 2 6 4 -3 -5 -1 -4 9 10 -2 -11 13 -10
right_child=8 3 7 5 -6 -7 -8 -9 12 11 -12 -13 -14 -15
leaf_value=0.014961281917552147 -0.0090774338298641854 0.032122673822564729 -0.011312840612411099 0.011209740038068357 -0.0002395748165740788 0.048922253772268269 -0.0092243368659610716 -0.039471900850159773 0.0024586718964976911 -0.052904333123907132 0.0055822451533519609 -0.012191565784145089 -0.0053564685430853715 0.04689413412399418
leaf_weight=16.031718060374264 82.217850020155311 8.1325304582715017 8.419701352715494 10.372974500060083 65.43992355465889 9.4162171557545644 11.482243999838827 12.564573183655737 17.625031523406509 6.1117445081472379 37.343566998839378 6.6308440491557121 33.988236054778099 6.2591967917978755
leaf_count=105 591 47 57 64 410 57 74 106 124 42 241 46 262 45
internal_value=-0.00142511 0.00257072 -0.00960455 0.00895237 0.00330855 0.0295615 0.00469012 -0.0285178 -0.00443182 -0.00720449 -0.00445604 -0.0323679 0.0018221 0.0102044
internal_weight=332.036 141.86 48.4982 93.3616 73.5725 19.7892 27.514 20.9843 190.176 132.304 119.561 12.7426 57.8725 23.8842
internal_count=2271 920 342 578 457 121 179 163 1351 920 832 88 431 169
cat_boundaries=0 1
cat_threshold=5
is_linear=0
shrinkage=0.05


Tree=187
num_leaves=8
num_cat=1
split_feature=2 2 6 6 3 2 9
split_gain=2.24162 3.32973 1.67869 2.25574 1.62266 1.2363 1.00076
threshold=8.3305749805749816 6.7912348588418636 1.499999999999833 1.4075189647476833 15.500000000000002 10.112712606898652 0
decision_type=2 2 2 2 2 2 1
left_child=1 2 3 -1 -4 -2 -3
right_child=5 6 4 -5 -6 -7 -8
leaf_value=-0.0018659476045699169 -0.029381109386821633 0.036688273279068782 0.010086198821078411 -0.031231973352474081 -0.00020823135477406781 -0.0025742920197934409 0.010170355276328862
leaf_weight=137.81774115934968 9.0046135187149066 7.9887981973588467 66.346669901162386 6.8082743883132926 88.115678232163191 9.0424435939639789 7.7294242456555349
leaf_count=947 62 44 426 48 625 78 41
internal_value=0.000748068 0.0017469 0.00054721 -0.00330353 0.00418488 -0.0163133 0.0241109
internal_weight=332.854 314.807 299.088 144.626 154.462 18.0471 15.7182
internal_count=2271 2131 2046 995 1051 140 85
cat_boundaries=0 1
cat_threshold=4
is_linear=0
shrinkage=0.05


Tree=188
num_leaves=11
num_cat=2
split_feature=1 6 2 6 10 2 6 2 10 2
split_gain=1.74475 2.14683 5.34188 2.42571 4.03407 1.73349 2.41379 1.92381 1.34218 0.755566
threshold=96.500000000000014 5.4974226804122699 1.6500434728605147 3.410317460317517 0 4.2723445396277588 1.8651351678992161 1.4673076923076926 1 1.6500434728605147
decision_type=2 2 2 2 1 2 2 2 1 2
left_child=1 3 -3 8 -5 6 7 -2 -1 -8
right_child=5 2 -4 4 -6 -7 9 -9 -10 -11
leaf_value=7.1746156635187975e-05 0.015637783151760658 0.045417617875274381 -0.012579601135682348 0.0042695855211509403 -0.028369787173631408 0.012000035107433277 -0.039558375832496231 -0.021210719589634865 0.0076012728786066745 -0.0133229538656237
leaf_weight=132.20934287086129 8.0375997647643107 9.1140858829021436 6.7273172363638869 21.073038958013058 16.744536988437176 7.3737057670950881 8.2822134867310506 6.1672029532492152 109.09160347096622 5.3421845808625212
leaf_count=939 50 44 42 153 121 44 54 42 723 39
internal_value=0.00140653 0.0026761 0.0205501 0.00163675 -0.010087 -0.00906684 -0.0148508 -4.73872e-05 0.00349828 -0.0298077
internal_weight=330.163 294.96 15.8414 279.119 37.8176 35.2029 27.8292 14.2048 241.301 13.6244
internal_count=2251 2022 86 1936 274 229 185 92 1662 93
cat_boundaries=0 1 2
cat_threshold=1 1
is_linear=0
shrinkage=0.05


Tree=189
num_leaves=10
num_cat=1
split_feature=3 0 2 0 0 2 0 2 9
split_gain=1.73014 3.75339 2.35651 1.66695 3.10354 2.72799 1.36644 2.06198 1.33063
threshold=19.500000000000004 1.4604218880534672 0.092856275426558915 2.5945970959647897 2.2850926804349418 0.79539508110936696 3.518852247657795 0.82721855907083686 0
decision_type=2 2 2 2 2 2 2 2 1
left_child=2 8 -1 4 -3 -5 7 -4 -2
right_child=1 3 6 5 -6 -7 -8 -9 -10
leaf_value=0.02550063159536899 -0.048258124365322695 -0.0034165114823907689 -0.009585549776717505 0.012394179436484267 0.029489501230686395 -0.029098596783784354 0.019646988434273403 0.0019135403804673653 -0.016409528392643504
leaf_weight=9.4694255441427213 6.0358545444905758 33.603395234793425 49.534586675465107 5.7615596689283874 8.9500818774104101 11.440114997327326 8.5928895995020849 180.69948063790798 8.9508894588798267
leaf_count=47 54 229 306 44 61 94 70 1235 68
internal_value=-0.000823287 -0.00749638 0.00116752 -0.00177792 0.00344015 -0.0149206 0.000171523 -0.000541855 -0.0298027
internal_weight=323.038 74.7419 248.296 59.7552 42.5535 17.2017 238.827 230.234 14.9867
internal_count=2208 550 1658 428 290 138 1611 1541 122
cat_boundaries=0 1
cat_threshold=4
is_linear=0
shrinkage=0.05


Tree=190
num_leaves=11
num_cat=2
split_feature=1 3 1 11 0 0 3 9 6 0
split_gain=1.43819 3.74884 1.73058 2.30355 3.49957 3.35408 2.14951 2.89895 1.64251 1.6092
threshold=15.500000000000002 16.500000000000004 74.500000000000014 0 1.7037999037999039 1.6885425211922345 29.500000000000004 1 1.2759291864975493 2.3849306431273649
decision_type=2 2 2 1 2 2 2 1 2 2
left_child=1 -1 6 5 -5 -4 7 -2 -3 -8
right_child=2 8 3 4 -6 -7 9 -9 -10 -11
leaf_value=-0.038890617623037381 -0.012430449399145109 0.020417459419041897 -0.014447036997278903 0.0020360373371286636 -0.025270228443373257 0.016196867917854858 -0.023475783630541949 0.0051004090457034117 -0.016398960477235436 0.0019450713547221159
leaf_weight=9.0836673378944415 27.058967508375645 6.4939508363604528 14.818003483116625 17.873641349375248 32.280268080532551 21.906898677349091 14.586169298738243 174.08126543089747 5.4207214768975973 10.191926710307596
leaf_count=67 183 49 94 117 218 142 115 1164 42 85
internal_value=-0.00217959 -0.0148382 -0.00130935 -0.00730914 -0.0128898 0.00290277 0.000978004 0.00271217 0.00325416 -0.0128527
internal_weight=333.795 20.9983 312.797 86.8788 50.1539 36.7249 225.918 201.14 11.9147 24.7781
internal_count=2276 158 2118 571 335 236 1547 1347 91 200
cat_boundaries=0 1 2
cat_threshold=20 2
is_linear=0
shrinkage=0.05


Tree=191
num_leaves=8
num_cat=0
split_feature=4 3 3 0 2 1 0
split_gain=1.73214 1.09021 2.3889 2.23704 2.18736 1.51517 1.08544
threshold=2.5000000000000004 5.5000000000000009 9.5000000000000018 2.2637486485000644 2.4452991452991459 9.0000000000000018 2.1293576275913364
decision_type=2 2 2 2 2 2 2
left_child=1 3 6 4 -1 -4 -3
right_child=-2 2 5 -5 -6 -7 -8
leaf_value=-0.011649292608498729 0.028347989731367641 0.029018934332439652 0.024567581479827617 -0.028875558534893632 0.020627964582556283 0.0010453268219978028 0.0046723873459964677
leaf_weight=12.770277120172983 6.2738334201276293 12.039184123277666 6.9529080688953391 8.3741969875991327 8.7269024327397329 274.51047342270613 8.3004093542695028
leaf_count=71 40 66 39 57 53 1927 53
internal_value=0.00247002 0.00195706 0.00287128 -0.00709163 0.00125717 0.00165267 0.0193994
internal_weight=337.948 331.674 301.803 29.8714 21.4972 281.463 20.3396
internal_count=2306 2266 2085 181 124 1966 119
is_linear=0
shrinkage=0.05


Tree=192
num_leaves=8
num_cat=0
split_feature=4 1 6 1 2 1 6
split_gain=1.26466 1.42266 3.70375 3.83165 2.66796 2.54392 5.0256
threshold=2.5000000000000004 70.500000000000014 4.9774381095273332 63.500000000000007 1.3966462492437997 74.500000000000014 4.6423289261922713
decision_type=2 2 2 2 2 2 2
left_child=1 2 3 -1 -4 -3 -7
right_child=-2 5 4 -5 -6 6 -8
leaf_value=-0.0012026515650191306 0.023260727077734633 0.026029815200296205 0.043666158924365484 -0.022513177068274094 0.00060512394799149482 0.0066451736661832369 -0.029852167131072811
leaf_weight=182.56218238174915 6.0130148865282527 12.763361901044844 7.2091232985258085 23.854276746511459 7.5624527856707573 76.6255196146667 10.633646499365566
leaf_count=1289 37 74 36 167 51 504 66
internal_value=0.000721879 0.000277286 -0.00194393 -0.0036993 0.0221092 0.00523621 0.00211119
internal_weight=327.224 321.211 221.188 206.416 14.7716 100.023 87.2592
internal_count=2224 2187 1543 1456 87 644 570
is_linear=0
shrinkage=0.05


Tree=193
num_leaves=9
num_cat=1
split_feature=3 3 5 2 1 11 1 1
split_gain=2.1601 1.17511 3.67575 3.42249 2.35305 6.22018 3.18955 1.59794
threshold=35.500000000000007 13.500000000000002 1.0000000180025095e-35 4.904938271604939 35.500000000000007 0 42.500000000000007 43.500000000000007
decision_type=2 2 2 2 2 1 2 2
left_child=1 2 7 -4 5 -3 -6 -1
right_child=-2 4 3 -5 6 -7 -8 -9
leaf_value=0.0004991005287161538 -0.024943925061069502 0.024433423730381845 -0.015326342974046395 0.01105616334965483 -0.022651274584203251 -0.0028795457875669186 0.0010954852054156547 0.033080443414670938
leaf_weight=7.8102564699947816 8.5431359857320768 26.545590296387672 55.324285548180342 15.492810681462286 15.541173145174978 49.261156219989061 145.01773734018207 7.7913706079125404
leaf_count=48 72 201 367 98 122 356 954 40
internal_value=-0.000267101 0.000378058 -0.00458926 -0.00947663 0.0022165 0.009478 -0.00118461 0.0171955
internal_weight=331.328 322.784 86.4187 70.8171 236.366 75.8067 160.559 15.6016
internal_count=2258 2186 553 465 1633 557 1076 88
cat_boundaries=0 1
cat_threshold=3
is_linear=0
shrinkage=0.05


Tree=194
num_leaves=5
num_cat=0
split_feature=0 1 0 0
split_gain=1.96605 1.10924 0.907852 0.949549
threshold=3.6981143503189862 112.50000000000001 3.2981463649494462 1.7509259259259262
decision_type=2 2 2 2
left_child=1 2 3 -1
right_child=-2 -3 -4 -5
leaf_value=-0.0032544580218068554 -0.025372057021238282 0.019011747867585218 -0.016415911082842388 0.0023321968752726212
leaf_weight=130.35230877622962 7.7141276001930228 7.40063552558422 8.5522993914782983 182.31609186157584
leaf_count=900 70 45 62 1222
internal_value=-0.000585007 0 -0.000439302 0
internal_weight=336.335 328.621 321.221 312.668
internal_count=2299 2229 2184 2122
is_linear=0
shrinkage=0.05


Tree=195
num_leaves=6
num_cat=0
split_feature=6 1 3 0 3
split_gain=1.64443 1.14859 0.993223 4.53149 2.07516
threshold=0.076505016722586916 112.50000000000001 30.500000000000004 1.7618427353701758 23.500000000000004
decision_type=2 2 2 2 2
left_child=-1 2 4 -4 -2
right_child=1 -3 3 -5 -6
leaf_value=0.018674831712060035 -0.0015944679101827629 0.017875344190582197 -0.040735656794730388 0.0010654546819169231 0.023562146161363769
leaf_weight=10.496493283659218 275.99309896677732 7.4612382277846327 8.706020796671508 23.748252380639315 8.3344826027750951
leaf_count=69 1854 44 81 186 56
internal_value=-0.000677188 -0.00132464 -0.00179814 -0.010085 -0.000831449
internal_weight=334.74 324.243 316.782 32.4543 284.328
internal_count=2290 2221 2177 267 1910
is_linear=0
shrinkage=0.05


Tree=196
num_leaves=8
num_cat=0
split_feature=2 1 1 1 1 4 1
split_gain=1.17181 2.11427 1.76946 1.74189 3.99287 4.19536 1.27181
threshold=0.43473354688410015 9.0000000000000018 13.500000000000002 86.500000000000014 67.500000000000014 1.0000000180025095e-35 91.000000000000014
decision_type=2 2 2 2 2 2 2
left_child=3 -2 -3 4 5 -1 -4
right_child=1 2 6 -5 -6 -7 -8
leaf_value=-0.00098715959687572445 0.024767397252703906 -0.027579333290566124 0.00025831942943307668 0.028728119407300908 -0.029435350583065786 0.03907096173426336 -0.0089982527810193429
leaf_weight=21.305851187556986 7.5296394675970069 6.4602832347154608 225.36762912198901 7.9008518680930129 7.4996040016412726 9.1827919781208021 44.111569441854954
leaf_count=134 43 59 1571 54 51 48 292
internal_value=3.38826e-05 -0.00115156 -0.00188564 0.00745196 0.00283183 0.0110027 -0.00124114
internal_weight=329.358 283.469 275.939 45.8891 37.9882 30.4886 269.479
internal_count=2252 1965 1922 287 233 182 1863
is_linear=0
shrinkage=0.05


Tree=197
num_leaves=12
num_cat=0
split_feature=2 6 4 0 0 6 1 6 6 6 6
split_gain=1.26771 2.40478 1.80065 3.29284 2.15408 1.66688 1.57568 2.70719 2.73064 2.17168 1.44922
threshold=2.072515723270441 3.6228653721080391 1.0000000180025095e-35 1.2905906532034674 1.6091892233746521 4.1944247578549261 96.500000000000014 0.11000126538228762 2.7724344639817118 2.5967229151380891 5.3740196078431213
decision_type=2 2 2 2 2 2 2 2 2 2 2
left_child=6 2 3 -2 -4 -3 7 -1 -9 -8 -7
right_child=1 5 4 -5 -6 10 9 8 -10 -11 -12
leaf_value=0.035413218176357938 -0.026579105411265853 -0.038256939917993865 0.0013112800753593082 0.0058235005855311371 -0.026147846525304948 0.0066061272521162478 0.0018863731198941157 -0.00088349867764775988 0.013380259812925328 -0.033030497613085262 -0.024886264125557937
leaf_weight=6.8310687243938437 8.4837616309523565 7.1527773216366795 14.709384486079218 87.018387109041214 13.196163777261971 7.435908552259205 12.107204109430315 111.02653020992875 47.636986510828137 6.7209720462560645 6.7098041847348213
leaf_count=45 64 55 113 611 112 61 79 729 295 44 46
internal_value=0.00040262 -0.00308148 -0.000356751 0.00286798 -0.0115422 -0.01856 0.00316518 0.00474656 0.00337328 -0.0104222 -0.00805066
internal_weight=329.029 144.706 123.408 95.5021 27.9055 21.2985 184.323 165.495 158.664 18.8282 14.1457
internal_count=2254 1062 900 675 225 162 1192 1069 1024 123 107
is_linear=0
shrinkage=0.05


Tree=198
num_leaves=13
num_cat=2
split_feature=6 6 11 0 3 8 0 3 3 3 3 2
split_gain=1.45303 2.04819 3.14568 3.43915 3.04485 5.91006 3.27876 2.47855 1.62418 2.10114 3.45588 2.99948
threshold=2.0338030851266717 0.49276348484270233 0 1.4453836270190898 16.500000000000004 1 1.6202406609195406 8.5000000000000018 7.5000000000000009 14.500000000000002 15.500000000000002 2.072515723270441
decision_type=2 2 1 2 2 1 2 2 2 2 2 2
left_child=1 4 7 -4 6 -6 -1 -3 -2 11 -11 -10
right_child=8 2 3 -5 5 -7 -8 -9 9 10 -12 -13
leaf_value=0.003307130033524236 0.014627189461690707 -0.0076682497457090555 0.021868826443587057 -0.0083323538316524733 -0.0096406775513025889 0.035569255410243292 -0.029861110522986581 0.018147692232306428 0 0.022279043921744096 -0.0044668224135878797 -0.033451694367168584
leaf_weight=13.503341007977726 12.987732052803038 10.283993117511271 11.744581365957854 45.542467460036278 18.050482988357544 11.81185380369425 15.832237668335436 73.929369680583477 14.377833627164366 14.262967452406881 75.711891755461693 12.886502649635075
leaf_count=85 76 63 78 311 140 76 117 491 88 95 537 99
internal_value=0.00208317 0.0047585 0.00803354 -0.00172559 -0.00298583 0.00813397 -0.0144643 0.0133474 -0.00200201 -0.0038977 -0.000151486 -0.0160321
internal_weight=330.925 200.698 141.5 57.287 59.1979 29.8623 29.3356 84.2134 130.227 117.239 89.9749 27.2643
internal_count=2256 1361 943 389 418 216 202 554 895 819 632 187
cat_boundaries=0 1 2
cat_threshold=26 1
is_linear=0
shrinkage=0.05


Tree=199
num_leaves=10
num_cat=0
split_feature=1 6 5 1 1 6 0 0 6
split_gain=1.65422 2.05747 2.27967 3.1905 3.11888 2.23296 3.40283 1.2624 1.39882
threshold=101.50000000000001 4.9774381095273332 1.0000000180025095e-35 33.500000000000007 48.500000000000007 6.6826388888890493 2.01600664835959 1.8495283018867927 2.0338030851266717
decision_type=2 2 2 2 2 2 2 2 2
left_child=1 2 3 -1 -4 6 -3 -2 -9
right_child=7 5 4 -5 -6 -7 -8 8 -10
leaf_value=-0.0278426646237406 -0.00054669772330335239 0.046946491456815259 0.0057145321067584593 -0.0021011032889107287 -0.0060116782955777284 -0.0094415595110767404 -0.0011945005592409186 0.035259315263606462 0.0042719838106502076
leaf_weight=19.485520113259554 11.441612862050535 7.8176790550351161 110.85584359802306 32.512618247419596 115.79572352394462 6.7053832039237014 6.4671875983476639 8.0753151699900609 7.3652613647282115
leaf_count=138 70 46 801 199 793 34 44 47 52
internal_value=-0.000208362 -0.00129076 -0.00244486 -0.0118783 -0.000254318 0.0137319 0.0249472 0.0116313 0.0209225
internal_weight=326.522 299.64 278.65 51.9981 226.652 20.9902 14.2849 26.8822 15.4406
internal_count=2224 2055 1931 337 1594 124 90 169 99
is_linear=0
shrinkage=0.05


Tree=200
num_leaves=10
num_cat=0
split_feature=2 6 2 0 0 1 1 2 1
split_gain=2.05542 1.90208 1.33808 2.07133 5.10939 1.75446 2.94777 2.6278 0.832834
threshold=0.18844696969696967 2.6822172619046234 6.6259864808251914 2.508855158507898 1.9759001161440188 77.000000000000014 70.500000000000014 4.5946637426900594 48.500000000000007
decision_type=2 2 2 2 2 2 2 2 2
left_child=1 8 5 4 -4 6 -2 -7 -1
right_child=2 -3 3 -5 -6 7 -8 -9 -10
leaf_value=0.0052906979692224042 -0.00069395994833216059 -0.03675638569928124 0.019558709285953314 0.034470588947047617 -0.022295160287158593 -0.011562571951224473 0.020903805460780103 0.022523202251834934 -0.017473480070578383
leaf_weight=8.1764712892472762 186.10871476307511 7.1566667146980754 18.783401489257816 6.4924514703452578 11.729776151478289 59.25337490439415 17.134725920855999 6.0696780011057845 7.347807925194501
leaf_count=45 1313 48 117 49 78 400 104 39 52
internal_value=-0.00100962 -0.0154989 5.41989e-05 0.0089699 0.00328578 -0.00115856 0.00111167 -0.00828938 -0.00520669
internal_weight=328.253 22.6809 305.572 37.0056 30.5132 268.566 203.243 65.3231 15.5243
internal_count=2245 145 2100 244 195 1856 1417 439 97
is_linear=0
shrinkage=0.05


Tree=201
num_leaves=11
num_cat=0
split_feature=6 6 6 3 1 2 2 1 3 2
split_gain=1.03069 4.44131 4.205 2.11304 2.33533 2.02476 2.72651 2.30339 1.74665 1.87887
threshold=2.3252906976742147 3.0983041296589451 2.1886217948717435 21.500000000000004 75.500000000000014 2.9620426274823601 4.1532217782217797 63.500000000000007 27.500000000000004 0.69388425251085251
decision_type=2 2 2 2 2 2 2 2 2 2
left_child=2 3 5 4 -2 7 -7 -1 9 -3
right_child=1 8 -4 -5 -6 6 -8 -9 -10 -11
leaf_value=0.0043257452957565804 -0.019974527604358944 0.016155608720694745 0.03953726251553992 -0.046200267053992973 0.011338265573787297 0.023092060092076351 0.0026936109706627537 -0.0087835647624472588 0.023725703588796079 -0.0028312894623791045
leaf_weight=90.323914710432291 20.800000656396154 17.269016586244106 8.0808694288134557 5.1406075824052087 8.0307746864855272 24.981011439114809 49.293904140591621 53.060480754822493 10.624188147485254 51.218748759478331
leaf_count=608 150 100 53 50 57 181 331 360 69 354
internal_value=0.0023375 -0.00152539 0.00429455 -0.0166532 -0.0110705 0.0029456 0.00964331 -0.000493348 0.00492031 0.00189988
internal_weight=338.824 113.083 225.74 33.9714 28.8308 217.659 74.2749 143.384 79.112 68.4878
internal_count=2313 780 1533 257 207 1480 512 968 523 454
is_linear=0
shrinkage=0.05


Tree=202
num_leaves=6
num_cat=0
split_feature=0 6 0 1 1
split_gain=1.9834 1.79877 1.44643 1.81873 1.57252
threshold=3.6981143503189862 0.070882101056099669 3.2128704972500146 59.500000000000007 101.50000000000001
decision_type=2 2 2 2 2
left_child=1 -1 4 -4 -3
right_child=-2 2 3 -5 -6
leaf_value=-0.02177589387467941 -0.025055879778706016 -0.0005417527587354209 -0.00019428183114778586 0.036817844003365199 0.012185861565382398
leaf_weight=8.5758835636079294 7.582796173170208 273.45706895552576 6.417083911597727 6.2324580959975719 26.488403130322695
leaf_count=59 72 1862 47 41 163
internal_value=3.42379e-05 0.00064979 0.00128778 0.0177953 0.000569255
internal_weight=328.754 321.171 312.595 12.6495 299.945
internal_count=2244 2172 2113 88 2025
is_linear=0
shrinkage=0.05


Tree=203
num_leaves=10
num_cat=1
split_feature=3 3 2 2 6 6 6 9 6
split_gain=1.58506 2.40705 2.48209 2.94435 1.54308 1.88049 3.67788 3.42388 1.24877
threshold=9.5000000000000018 8.5000000000000018 0.54485842026825637 1.4134182908545732 0.14424014095068968 0.69166115520282878 1.0073344947736407 0 0.085867895545034212
decision_type=2 2 2 2 2 2 2 1 2
left_child=1 2 -1 -4 8 7 -7 -6 -2
right_child=4 -3 3 -5 5 6 -8 -9 -10
leaf_value=0.026806458237530219 -0.0054268335128677854 0.033790355780631574 -0.030232990572672466 0.0047175784402862285 -0.016802688614199313 -0.021508614819092702 -0.00097724961364985762 0.014154320305362379 -0.034288924968387292
leaf_weight=8.4141920730471593 10.161794472485782 7.3154880106449118 7.7522529587149611 25.309237457811832 11.267573274672031 24.675697490572929 188.21981037966907 40.092516258358955 6.411678619682788
leaf_count=47 72 43 45 154 85 180 1286 283 57
internal_value=-0.000793769 0.00749175 0.00266281 -0.0033933 -0.00225324 -0.00130141 -0.0033894 0.00724624 -0.0170311
internal_weight=329.62 48.7912 41.4757 33.0615 280.829 264.256 212.896 51.3601 16.5735
internal_count=2252 289 246 199 1963 1834 1466 368 129
cat_boundaries=0 1
cat_threshold=2
is_linear=0
shrinkage=0.05


Tree=204
num_leaves=6
num_cat=0
split_feature=4 1 6 2 0
split_gain=1.45614 1.40397 1.50464 2.79425 1.85271
threshold=2.5000000000000004 112.50000000000001 2.0338030851266717 0.67768173520884789 1.1480551288970073
decision_type=2 2 2 2 2
left_child=1 2 4 -4 -1
right_child=-2 -3 3 -5 -6
leaf_value=0.017547631140916547 0.02410118843890172 0.020838422420976211 0.0069406201171774559 -0.010022060393902178 0
leaf_weight=16.306785386055708 5.9017503932118407 7.2416894435882559 32.52439477853477 92.067923750728369 178.9376253709197
leaf_count=117 35 43 199 663 1220
internal_value=-0.000279636 -0.000742074 -0.00125268 -0.0055519 0.00146664
internal_weight=332.98 327.078 319.837 124.592 195.244
internal_count=2277 2242 2199 862 1337
is_linear=0
shrinkage=0.05


Tree=205
num_leaves=15
num_cat=1
split_feature=3 11 2 2 0 2 3 2 2 0 2 2 2 4
split_gain=1.26079 2.20019 4.35503 2.59739 5.01752 2.04969 1.18213 1.03666 5.06506 5.71716 3.16197 3.26015 2.26458 2.19198
threshold=16.500000000000004 0 0.43473354688410015 1.1941462021701885 2.7110366600090203 0.65613918439716323 13.500000000000002 1.9075742279516452 2.7119252873563222 1.9386860007160762 0.93132201334141906 0.48059349266921075 1.3316006497563417 1.0000000180025095e-35
decision_type=2 1 2 2 2 2 2 2 2 2 2 2 2 2
left_child=1 2 -1 6 -5 -4 -3 10 9 -9 11 -2 -12 -10
right_child=7 3 5 4 -6 -7 -8 8 13 -11 12 -13 -14 -15
leaf_value=0.030536472524308297 -0.0056300429646775028 -0.039321773902863594 -0.028390810816350993 -0.011663098703089604 0.037636909680798442 -0.00020140438953423275 -0.01430571995606407 0.0025851131057594325 0.0038419575784446585 0.055956013442078102 -0.026529032555242738 0.019000300677506701 -0.0013788055647752141 -0.020849422835952425
leaf_weight=11.149296961724756 26.679316747933626 9.7613349333405512 6.9117096066474906 36.660265792161226 5.8789588883519164 85.180873047560453 11.128993179649113 10.923179011791946 42.966015875339508 9.5369730293750745 16.058945264667273 26.455508798360825 21.099527448415756 11.226870035752652
leaf_count=62 175 63 43 261 42 554 75 83 318 65 120 179 144 91
internal_value=-0.000729291 -0.00380667 0.00103466 -0.0102967 -0.00466024 -0.0023998 -0.0263647 0.0023504 0.00671601 0.0278569 -0.00120714 0.00655199 -0.0124243 -0.00121012
internal_weight=331.618 166.671 103.242 63.4296 42.5392 92.0926 20.8903 164.946 74.653 20.4602 90.2933 53.1348 37.1585 54.1929
internal_count=2275 1100 659 441 303 597 138 1175 557 148 618 354 264 409
cat_boundaries=0 1
cat_threshold=28
is_linear=0
shrinkage=0.05


Tree=206
num_leaves=8
num_cat=1
split_feature=1 1 3 1 10 3 1
split_gain=1.63524 1.32094 2.08482 1.88042 2.02714 1.62397 1.54743
threshold=109.00000000000001 15.500000000000002 14.500000000000002 25.500000000000004 0 17.500000000000004 92.500000000000014
decision_type=2 2 2 2 1 2 2
left_child=1 2 -1 4 -3 -4 -5
right_child=-2 3 5 6 -6 -7 -8
leaf_value=-0.039720205342867007 -0.018143080466595869 0.019443555033357041 0.010033684597233602 -0.0021869677343252162 -0.0010719880163979126 -0.022308763185349759 0.0095176370510049232
leaf_weight=5.0127084553241756 12.487509056925772 26.358487963676453 9.5615172833204252 215.02877170406282 21.272601611912251 6.316822722554206 32.343161523342133
leaf_count=40 78 164 70 1489 139 53 218
internal_value=-0.000465251 0.000223263 -0.0118759 0.00110076 0.0101933 -0.00257916 -0.000633193
internal_weight=328.382 315.894 20.891 295.003 47.6311 15.8783 247.372
internal_count=2251 2173 163 2010 303 123 1707
cat_boundaries=0 1
cat_threshold=1
is_linear=0
shrinkage=0.05


Tree=207
num_leaves=12
num_cat=0
split_feature=6 6 2 1 1 0 0 0 2 2 2
split_gain=2.19491 5.03117 3.23154 5.01305 5.28185 2.30812 2.53058 1.7164 2.1358 1.75555 1.09194
threshold=2.7724344639817118 2.5116799806343875 2.6045279687204395 95.500000000000014 72.500000000000014 2.536186398403725 2.01600664835959 2.5945970959647897 2.4603773004246947 3.0258779264214053 1.7113247863247867
decision_type=2 2 2 2 2 2 2 2 2 2 2
left_child=1 7 3 4 -2 6 -4 9 -9 -1 -3
right_child=2 10 5 -5 -6 -7 -8 8 -10 -11 -12
leaf_value=-0.0010560309594176275 0.010899454915705917 -0.050949083703513587 -0.0031020878760706048 -0.025447992664501456 0.048087937929440175 0.017474610262171075 -0.042188378151988691 0 -0.024631392574377593 0.0089215322461029933 -0.015799033608243841
leaf_weight=130.33988635614514 42.215133691206574 5.4244495183229429 14.671946357935672 6.7941091656684867 12.512552499771116 7.4617953561246386 5.8661713115870944 22.257258452475071 14.160777818411587 65.982909888029099 4.7767522111535072
leaf_count=863 265 41 113 45 79 57 45 167 122 442 41
internal_value=0.0013603 -0.00108832 0.00805491 0.01448 0.0195654 -0.0058857 -0.0146587 0.000403737 -0.00952422 0.00227475 -0.0352885
internal_weight=332.464 242.942 89.5217 61.5218 54.7277 27.9999 20.5381 232.741 36.418 196.323 10.2012
internal_count=2280 1676 604 389 344 215 158 1594 289 1305 82
is_linear=0
shrinkage=0.05


Tree=208
num_leaves=9
num_cat=1
split_feature=0 2 2 2 0 7 6 6
split_gain=1.58375 1.47801 2.44028 3.94545 2.3526 1.32223 1.11738 3.1704
threshold=1.0265853393468458 4.904938271604939 2.6259513142980526 2.9455536181342636 1.1338308457711446 0 0.49276348484270233 1.2618667917450166
decision_type=2 2 2 2 2 1 2 2
left_child=5 2 4 -4 -2 -1 -3 -8
right_child=1 6 3 -5 -6 -7 7 -9
leaf_value=-0.037334279858117589 0.028702617729074176 -0.0062775455357555916 -0.038671078582243203 -0.0044718769398841189 -0.00012884562863606369 -0.0045849055467271733 0.031678191329381669 0.0021023029315715464
leaf_weight=5.1346426941454411 7.2254510149359694 11.438844177871941 10.318193878978489 47.11066360771656 198.54176988080144 8.6059875488281232 12.9615461230278 31.012747582048178
leaf_count=48 45 70 89 353 1297 64 82 220
internal_value=-0.000805975 -7.09067e-05 -0.00164962 -0.0107599 0.000872725 -0.0173654 0.0073269 0.0109854
internal_weight=332.35 318.609 263.196 57.4289 205.767 13.7406 55.4131 43.9743
internal_count=2268 2156 1784 442 1342 112 372 302
cat_boundaries=0 1
cat_threshold=2
is_linear=0
shrinkage=0.05


Tree=209
num_leaves=8
num_cat=0
split_feature=0 0 2 2 0 6 1
split_gain=1.84759 1.63018 2.47461 2.89723 1.3662 1.35234 0.255328
threshold=3.6981143503189862 2.9442857142857148 1.2546699153033998 2.1517293072063395 2.7763743631000275 1.1608664155316617 61.500000000000007
decision_type=2 2 2 2 2 2 2
left_child=1 4 -3 -4 5 -1 -6
right_child=-2 2 3 -5 6 -7 -8
leaf_value=-0.0043029018350368552 -0.024576280044594244 -0.0090155976268696692 0.049897541631062935 0.0072991592998144636 -0.025450177745543884 0.0027082156645948947 -0.0077952361438685426
leaf_weight=116.38127774372697 7.5811548028141251 8.9436412192881125 6.3092796504497555 11.623641427606342 6.0032333321869356 167.65397409535944 4.8199427947402
leaf_count=804 74 61 37 94 50 1114 36
internal_value=-0.000335448 0.00022767 0.0120047 0.0227573 -0.000832572 -0.000147442 -0.0181889
internal_weight=329.316 321.735 26.8766 17.9329 294.858 284.035 10.8232
internal_count=2270 2196 192 131 2004 1918 86
is_linear=0
shrinkage=0.05


Tree=210
num_leaves=14
num_cat=2
split_feature=2 2 1 3 0 1 5 9 7 6 3 0 1
split_gain=1.23737 3.6056 3.48649 3.42676 2.29638 1.93343 2.79416 2.86671 1.79961 3.76848 2.93377 1.44788 1.44752
threshold=3.0258779264214053 3.4384559623051829 67.500000000000014 15.500000000000002 1.9186335566254973 56.500000000000007 1.0000000180025095e-35 0 1 2.1660671462828511 20.500000000000004 1.6455406911928656 28.500000000000004
decision_type=2 2 2 2 2 2 2 1 1 2 2 2 2
left_child=5 4 12 -4 -2 6 11 -8 10 -10 -7 -1 -3
right_child=1 2 3 -5 -6 8 7 -9 9 -11 -12 -13 -14
leaf_value=-0.026946612975860307 0.046228850138905778 0.0022092761310689413 0.032855350522708306 0 0.0058808795514905558 -0.022250864805227921 0 0.0184182066246854 -0.011802079109699501 0.012572737017803544 0.015171584695204798 -0.0032353699787871851 -0.013970463520184781
leaf_weight=9.6480065584182757 7.6549679748713952 23.52904480881989 13.421696268022059 19.921132057905197 7.1145295724272728 31.012917626649141 60.905638016760349 32.374442670494318 39.986769616603851 26.038218438625336 6.0588465780019751 20.848462089896202 31.795486558228731
leaf_count=71 53 183 77 130 50 211 407 225 275 165 40 135 256
internal_value=-7.98202e-06 0.00450645 0.000626952 0.0134272 0.0272996 -0.00208933 0.00209165 0.00642063 -0.00715457 -0.00210931 -0.0159758 -0.0109637 -0.00700758
internal_weight=330.31 103.437 88.6674 33.3428 14.7695 226.873 123.777 93.2801 103.097 66.025 37.0718 30.4965 55.3245
internal_count=2278 749 646 207 103 1529 838 632 691 440 251 206 439
cat_boundaries=0 1 2
cat_threshold=4 2
is_linear=0
shrinkage=0.05


Tree=211
num_leaves=9
num_cat=0
split_feature=4 2 6 3 6 2 2 6
split_gain=1.96119 2.97358 2.80344 2.74412 2.5404 2.12392 2.36389 1.94687
threshold=1.0000000180025095e-35 0.19754847671428308 3.039855591359331 16.500000000000004 0.076505016722586916 6.7912348588418636 5.2825630252100853 1.499999999999833
decision_type=2 2 2 2 2 2 2 2
left_child=4 -2 3 -3 -1 6 -6 -7
right_child=1 2 -4 -5 5 7 -8 -9
leaf_value=0.029085852490206149 0.025783520023042322 -0.005889320887641632 0.0095868094483940423 -0.028887284434083005 -0.00044681934645880478 0.027718982650077779 -0.02263797901864378 0.00013880251424006499
leaf_weight=7.5553184002637854 5.5937602072954169 28.727819852530956 12.240288224071262 24.717803929001093 213.19454595446587 12.279040649533274 12.655871435999869 14.010650742799042
leaf_count=45 28 207 78 197 1449 70 97 100
internal_value=-0.00129246 -0.00863812 -0.0116802 -0.016653 0.00070703 -0.000134706 -0.00172193 0.0132663
internal_weight=330.975 71.2797 65.6859 53.4456 259.695 252.14 225.85 26.2897
internal_count=2271 510 482 404 1761 1716 1546 170
is_linear=0
shrinkage=0.05


Tree=212
num_leaves=15
num_cat=0
split_feature=3 1 1 3 2 2 0 0 5 1 3 0 0 0
split_gain=1.16643 3.62083 2.98688 6.05072 4.01988 3.13334 2.7139 5.62312 2.48794 4.98756 2.92051 2.38278 3.34273 0.199382
threshold=15.500000000000002 35.500000000000007 38.500000000000007 14.500000000000002 1.5716297786720326 7.0553012967200628 2.6732023991188107 1.9759001161440188 1.0000000180025095e-35 57.500000000000007 20.500000000000004 2.7763743631000275 1.7509259259259262 3.1510869565217394
decision_type=2 2 2 2 2 2 2 2 2 2 2 2 2 2
left_child=2 11 6 5 -5 -4 7 -1 9 -3 -10 12 -2 -13
right_child=1 8 3 4 -6 -7 -8 -9 10 -11 -12 13 -14 -15
leaf_value=0.0016806512098909256 -0.00071961602290130777 -0.020786884670750835 -0.00063986682593108633 0.0093271238005742524 0.054714819267675019 0.034257590746061987 0.026691810145856556 -0.037692742792403172 -0.01525692779926266 0.028201866677671245 0.0020098128664758521 -0.020188130359433027 0.025458455255246561 -0.0046112147775871516
leaf_weight=29.304534841328859 22.320473225787282 8.3444814980030078 66.364734228700399 9.5947012007236498 10.636561058461664 6.995021164417266 5.4684525169432154 12.886796578764914 73.061609957367182 13.174823313951491 36.061818085610867 5.1180535964667779 25.841735746711493 5.2407498974353075
leaf_count=196 184 58 420 56 64 36 45 99 514 80 260 42 176 43
internal_value=0.00077629 -0.00177197 0.00422315 0.00942889 0.0335873 0.00266173 -0.00589318 -0.0102879 -0.00642256 0.00896608 -0.00950843 0.00851797 0.0132464 -0.0129049
internal_weight=330.415 189.164 141.251 93.591 20.2313 73.3598 47.6598 42.1913 130.643 21.5193 109.123 58.521 48.1622 10.3588
internal_count=2273 1357 916 576 120 456 340 295 912 138 774 445 360 85
is_linear=0
shrinkage=0.05


Tree=213
num_leaves=7
num_cat=0
split_feature=6 6 1 0 2 2
split_gain=1.79773 1.3728 2.57196 1.34465 2.64839 1.83636
threshold=6.6826388888890493 4.9774381095273332 55.500000000000007 3.1855221518987347 1.3397660571766399 3.0258779264214053
decision_type=2 2 2 2 2 2
left_child=1 3 -3 5 -5 -1
right_child=-2 2 -4 4 -6 -7
leaf_value=-0.0026217232587585591 -0.022550626959275549 0.037914078474165572 -0.0012313290698851924 0.034843895434889464 -0.002505427520925967 0.0058516646359461936
leaf_weight=191.99644476547837 7.627574034035205 7.2620926983654526 9.1965918093919736 8.3355093784630316 10.308699630200861 95.685303783044219
leaf_count=1313 39 46 58 62 85 667
internal_value=0.00123489 0.00181925 0.0158636 0.00104341 0.0140229 0.000180275
internal_weight=330.412 322.785 16.4587 306.326 18.6442 287.682
internal_count=2270 2231 104 2127 147 1980
is_linear=0
shrinkage=0.05


Tree=214
num_leaves=6
num_cat=0
split_feature=6 4 6 3 6
split_gain=1.9464 1.68727 2.03352 4.08616 2.11727
threshold=6.2081524233117777 2.5000000000000004 0.25221682473588097 18.500000000000004 0.6440234271008255
decision_type=2 2 2 2 2
left_child=1 2 3 -1 -4
right_child=-2 -3 4 -5 -6
leaf_value=0 0.019670970652441611 0.025933528122098311 -0.012487478424159327 0.042263974742558989 -0.0004857597500608074
leaf_weight=20.231518298387531 12.26290303468704 5.7898331843316546 43.50324135646224 7.7869876101613036 240.50704192370176
leaf_count=146 62 36 316 55 1648
internal_value=0.000195509 -0.000546168 -0.00106168 0.0117357 -0.00234547
internal_weight=330.082 317.819 312.029 28.0185 284.01
internal_count=2263 2201 2165 201 1964
is_linear=0
shrinkage=0.05


Tree=215
num_leaves=9
num_cat=1
split_feature=6 11 6 6 2 6 6 0
split_gain=1.16453 1.01519 3.78407 2.98281 2.30184 2.92306 2.524 1.68432
threshold=0.070882101056099669 0 0.60781749491429859 1.0858019281330422 9.0250462962962974 1.2909799051704181 0.2578411223303041 1.5550213675213675
decision_type=2 1 2 2 2 2 2 2
left_child=-1 2 7 -4 6 -6 -3 -2
right_child=1 4 3 -5 5 -7 -8 -9
leaf_value=-0.016670965693418201 0.0013414674858508117 0.016774049691986079 0.034196220742778269 0.0061514197178207169 -0.0040463082298266414 0.045620004212554265 -0.0030658483868549018 -0.033895267476269288
leaf_weight=9.5340138971805555 5.9719462282955629 17.101350121200085 12.207437556236981 44.719923514872789 5.5290085934102517 5.8577594719827175 226.80207841284573 7.0091396979987621
leaf_count=67 39 122 75 286 41 43 1571 53
internal_value=0.000433202 0.000954994 0.0058588 0.0123024 -0.000576867 0.0212433 -0.00164797 -0.0174161
internal_weight=334.733 325.199 69.9084 56.9274 255.29 11.3868 243.903 12.9811
internal_count=2297 2230 453 361 1777 84 1693 92
cat_boundaries=0 1
cat_threshold=8
is_linear=0
shrinkage=0.05


Tree=216
num_leaves=12
num_cat=1
split_feature=1 0 0 1 1 3 3 3 1 2 7
split_gain=1.50958 1.49761 2.8161 1.33237 2.13393 6.20907 1.32413 1.31106 0.890927 1.28575 0.800511
threshold=20.500000000000004 1.8495283018867927 2.01600664835959 25.500000000000004 33.500000000000007 17.500000000000004 15.500000000000002 15.500000000000002 16.500000000000004 2.6045279687204395 0
decision_type=2 2 2 2 2 2 2 2 2 2 1
left_child=1 8 -3 10 5 -5 -6 -4 9 -1 -2
right_child=3 2 7 4 6 -7 -8 -9 -10 -11 -12
leaf_value=-0.023573006985387106 0.0043453325049136226 0.02898048015500403 -0.026453931275713018 -0.02985137705699702 0.0064838981435007843 0.017737747450491431 -0.0010265879244034733 0.00012806408910955925 -0.031558005753414116 0.0095045281473048991 0.025118176219024398
leaf_weight=6.5480428636074084 11.127603121101856 6.1089161001145866 7.1921525858342674 18.382368002086881 100.83013700321317 10.674644727259873 138.0179616548121 11.737184882164 8.1047191843390447 4.9249129872769117 8.9157897979021072
leaf_count=48 69 37 54 148 633 88 967 83 57 44 53
internal_value=0.000159139 -0.00837134 -5.7793e-05 0.00150069 0.000548588 -0.0121962 0.00212444 -0.00979489 -0.0186953 -0.00898257 0.0139126
internal_weight=332.564 44.6159 25.0383 287.949 267.905 29.057 238.848 18.9293 19.5777 11.473 20.0434
internal_count=2281 323 174 1958 1836 236 1600 137 149 92 122
cat_boundaries=0 1
cat_threshold=2
is_linear=0
shrinkage=0.05


Tree=217
num_leaves=12
num_cat=0
split_feature=0 0 0 2 2 2 1 3 0 2 2
split_gain=1.33917 2.32092 2.29308 2.04506 1.45864 2.75608 1.89229 1.55799 1.39122 0.591441 0.191417
threshold=1.3754194630872483 1.2905906532034674 1.2040356548143798 3.3506247211066493 5.2825630252100853 4.6552170566143376 97.500000000000014 10.500000000000002 3.1306372549019614 1.6582405935347113 1.896663330535288
decision_type=2 2 2 2 2 2 2 2 2 2 2
left_child=1 2 3 -1 5 8 7 -6 -2 -4 -3
right_child=4 10 9 -5 6 -7 -8 -9 -10 -11 -12
leaf_value=0.016813304114886077 -0.00032223211344902805 0.019069838460203117 -0.0022788382108925981 -0.011541402949776194 -0.034644393886171111 0.031063950836588541 0.017599805355807394 -0.0073304191359342356 0.01305430680434122 -0.025252317327120861 0.03478049413119344
leaf_weight=26.400113921612501 201.63051978498697 6.7917978391051275 5.7964259386062604 8.0729300044476968 6.453778348863124 7.7849756404757491 5.9609029814600936 30.713506832718849 21.346002802252769 6.5303842686116695 6.3212676122784615
leaf_count=187 1354 42 41 60 43 53 33 227 160 46 39
internal_value=0.00189803 0.00866677 0.00331254 0.0100144 0.000396512 0.00199209 -0.00800998 -0.0122877 0.000941196 -0.0149571 0.0272276
internal_weight=333.803 59.9129 46.7999 34.473 273.89 230.761 43.1282 37.1673 222.977 12.3268 13.1131
internal_count=2285 415 334 247 1870 1567 303 270 1514 87 81
is_linear=0
shrinkage=0.05


Tree=218
num_leaves=5
num_cat=0
split_feature=6 6 4 1
split_gain=1.47672 2.5768 1.46955 1.46604
threshold=6.6826388888890493 5.4974226804122699 2.5000000000000004 92.500000000000014
decision_type=2 2 2 2
left_child=1 2 3 -1
right_child=-2 -3 -4 -5
leaf_value=-0.0033078272958075856 -0.020618259800990996 0.022482684899162386 0.022997310742865387 0.0066334837696034044
leaf_weight=256.42388303205371 9.2752766534686071 11.665878675878046 5.9428000450134268 42.998969204723835
leaf_count=1798 48 68 35 287
internal_value=-0.00104914 -0.000454523 -0.00135423 -0.00186176
internal_weight=326.307 317.032 305.366 299.423
internal_count=2236 2188 2120 2085
is_linear=0
shrinkage=0.05


Tree=219
num_leaves=5
num_cat=0
split_feature=4 2 6 2
split_gain=2.24755 2.39785 1.97491 1.63925
threshold=2.5000000000000004 11.065097418178331 0.076505016722586916 3.0258779264214053
decision_type=2 2 2 2
left_child=1 2 -1 -4
right_child=-2 -3 3 -5
leaf_value=0.021220742467872745 0.029444931889402233 -0.032756695285316856 -0.0035346157388816465 0.0043927113756663822
leaf_weight=10.100300483405588 6.0732767544686785 5.7407083660364142 215.81542923301458 92.964043006300926
leaf_count=67 37 57 1464 646
internal_value=-0.000415568 -0.000998517 -0.000401018 -0.0011311
internal_weight=330.694 324.62 318.88 308.779
internal_count=2271 2234 2177 2110
is_linear=0
shrinkage=0.05


Tree=220
num_leaves=14
num_cat=0
split_feature=3 1 1 1 6 3 3 0 0 2 3 0 0
split_gain=2.25709 2.47649 3.37311 6.64217 2.18637 1.23189 2.97799 2.8635 2.83037 2.41837 3.62919 2.25294 0.310668
threshold=12.500000000000002 83.000000000000014 45.500000000000007 36.500000000000007 2.8548804947351254 15.500000000000002 16.500000000000004 1.28628692476944 2.1613449935597591 2.0233144806535601 14.500000000000002 2.0569219440353472 1.9186335566254973
decision_type=2 2 2 2 2 2 2 2 2 2 2 2 2
left_child=1 2 3 -1 -4 9 8 -8 -7 11 -11 -2 -3
right_child=5 12 4 -5 -6 6 7 -9 -10 10 -12 -13 -14
leaf_value=-0.013920196912702194 0.0078079943261268551 0.019805405586161465 -0.033796801910773618 0.037515828901231313 -0.0024569910651065837 -0.002629911350493527 -0.012949161054686485 0.0061657830652148034 -0.038011471937228918 -0.018000095173245287 0.016003858435722395 0.033045023492925034 0.0033779498967810451
leaf_weight=23.553341131657366 25.744861856102943 6.9368153959512693 18.60845305770636 8.4421323053538782 8.4529871419072133 17.164031732827429 22.51545486971736 141.43579044379294 8.6030113250017148 16.226807005703449 14.956890780478718 14.069601926952599 6.413225345313549
leaf_count=161 154 37 121 47 53 117 176 995 63 120 104 90 43
internal_value=0.000945312 -0.00683695 -0.0112767 -0.00011821 -0.0242366 0.00312759 0.000993638 0.00350395 -0.0147376 0.00875009 -0.00153165 0.0169119 0.0123694
internal_weight=333.123 72.407 59.0569 31.9955 27.0614 260.716 189.718 163.951 25.767 70.9982 31.1837 39.8145 13.35
internal_count=2281 462 382 208 174 1819 1351 1171 180 468 224 244 80
is_linear=0
shrinkage=0.05


Tree=221
num_leaves=15
num_cat=1
split_feature=2 2 6 1 2 6 2 2 6 1 2 2 8 2
split_gain=1.56444 4.34989 1.7031 4.21228 3.66244 1.56747 5.1501 3.31342 2.23541 5.27922 3.14224 1.98123 1.12271 0.160824
threshold=2.6045279687204395 3.0258779264214053 0.58730958781352538 72.500000000000014 3.238164405819937 0.4638758476786134 1.1261363636363639 0.43473354688410015 2.7724344639817118 95.500000000000014 1.8181818181818183 1.6012820512820516 0 2.8184659090909094
decision_type=2 2 2 2 2 2 2 2 2 2 2 2 1 2
left_child=5 12 3 -3 -4 6 7 -1 9 -7 -10 -8 -2 -14
right_child=1 2 4 -5 -6 8 11 -9 10 -11 -12 -13 13 -15
leaf_value=0.014882374437428717 -0.0089829268736870208 -0.025316368225670727 0.039008261303909005 0.02127110346841243 -0.00060313008602665174 -0.0081325624871668844 0.054233774715010744 -0.027388247179525323 0.0031250477495616824 0.023400291564456888 0.034156714291775303 0.017797875369985811 -0.029131188992379153 -0.048054182999819582
leaf_weight=8.9742098115384596 5.2297223359346372 17.767589360475544 6.2112211138010016 6.4646671041846266 74.70234676450491 96.69777924194932 6.2569034397602108 9.23857359215617 54.02284543029964 15.233443789184092 9.628456234931944 10.98896102234721 5.3671883754432184 4.9221755862236023
leaf_count=53 48 136 41 38 536 651 40 75 332 98 67 75 47 39
internal_value=-0.00016784 -0.00472082 -0.00101316 -0.012646 0.00242026 0.00241269 0.0119914 -0.00631916 0.000444106 -0.00377937 0.00794382 0.0315417 -0.0293537 -0.0390401
internal_weight=331.706 120.665 105.146 24.2323 80.9136 211.041 35.4586 18.2128 175.583 111.931 63.6513 17.2459 15.5191 10.2894
internal_count=2276 885 751 174 577 1391 243 128 1148 749 399 115 134 86
cat_boundaries=0 1
cat_threshold=1
is_linear=0
shrinkage=0.05


Tree=222
num_leaves=9
num_cat=0
split_feature=6 6 6 0 2 6 1 1
split_gain=1.20343 2.40967 2.48958 2.69919 1.80986 1.53142 1.77103 0.265921
threshold=4.1944247578549261 3.9577295860482735 3.6228653721080391 3.1306372549019614 0.69388425251085251 5.0875000000000634 57.500000000000007 54.500000000000007
decision_type=2 2 2 2 2 2 2 2
left_child=1 2 3 -1 -2 7 -7 -6
right_child=4 -3 -4 -5 5 6 -8 -9
leaf_value=-7.4873670770562534e-05 0.0070423540068945386 0.030458865173452049 -0.023320183873341251 0.019400999633445069 -0.039555809862553415 0.013115627411906564 -0.019184285696964266 -0.019550396634531966
leaf_weight=253.91583627276123 12.853878654539583 6.705038607120513 10.591496415436266 18.991463052108884 5.3419552370905894 6.9519469067454365 10.225847639143465 5.0432441271841526
leaf_count=1745 72 43 79 143 45 40 63 38
internal_value=-6.3106e-05 0.00104828 0.000324567 0.00126874 -0.00814947 -0.0154147 -0.00582269 -0.0305968
internal_weight=330.621 290.204 283.499 272.907 40.4169 27.563 17.1778 10.3852
internal_count=2268 2010 1967 1888 258 186 103 83
is_linear=0
shrinkage=0.05


Tree=223
num_leaves=7
num_cat=0
split_feature=0 0 1 0 6 3
split_gain=2.58865 1.58379 1.95258 1.5659 2.93163 1.55549
threshold=3.6981143503189862 3.1306372549019614 51.500000000000007 2.8538375350140059 2.8548804947351254 7.5000000000000009
decision_type=2 2 2 2 2 2
left_child=1 3 -3 5 -5 -1
right_child=-2 2 -4 4 -6 -7
leaf_value=-0.01114493211299139 -0.030250509396734283 0.030890093889544876 -0.00096460750421845575 -0.033444681992119092 0.0099689790969971579 0.00068910025713842709
leaf_weight=30.899576283991337 7.4039455503225318 8.6205777041614073 10.068416945636271 9.8617469817399961 6.0821561738848677 262.69089235179126
leaf_count=188 71 57 66 84 45 1791
internal_value=-0.00120146 -0.000521942 0.0135489 -0.00139176 -0.016613 -0.000542745
internal_weight=335.627 328.223 18.689 309.534 15.9439 293.59
internal_count=2302 2231 123 2108 129 1979
is_linear=0
shrinkage=0.05


Tree=224
num_leaves=6
num_cat=0
split_feature=6 6 3 1 1
split_gain=1.33512 1.50133 1.37341 3.45522 3.21642
threshold=0.076505016722586916 0.14424014095068968 13.500000000000002 9.0000000000000018 101.50000000000001
decision_type=2 2 2 2 2
left_child=-1 -2 4 -4 -3
right_child=1 2 3 -5 -6
leaf_value=0.016146066862990322 -0.022053912564208453 -0.0093986958559112866 0.037512594024251673 0.00051531018712672205 0.027065273640490023
leaf_weight=11.836138188838957 8.0641051381826383 69.148304965347052 6.4013600274920455 229.2626424357295 6.4737791419029227
leaf_count=75 71 457 34 1594 35
internal_value=-0.000251069 -0.000879315 -0.000307807 0.00155696 -0.00617947
internal_weight=331.186 319.35 311.286 235.664 75.6221
internal_count=2266 2191 2120 1628 492
is_linear=0
shrinkage=0.05


Tree=225
num_leaves=13
num_cat=1
split_feature=6 6 3 0 3 0 0 0 6 6 7 0
split_gain=1.7896 5.08625 2.13044 2.54285 2.03901 1.939 4.22522 3.80815 1.70543 4.13419 3.90767 0.551559
threshold=3.1208291203237661 2.5967229151380891 14.500000000000002 1.8412024756852345 20.500000000000004 2.7763743631000275 2.9888727624576688 2.4913567312729179 4.6423289261922713 6.2081524233117777 0 2.4219102144674669
decision_type=2 2 2 2 2 2 2 2 2 2 1 2
left_child=1 5 -3 -4 8 7 -7 -1 10 -10 -2 -6
right_child=4 2 3 -5 11 6 -8 -9 9 -11 -12 -13
leaf_value=-0.00069138233197403543 -0.0057498719818148874 -0.047277089460518472 0.013370216854537055 -0.029183981789072912 0.013311231827997736 -0.045017434851438318 0 0.023323194325950716 -0.025398085857493421 0.016013792197914937 0.027581087275811534 0.034211223842741272
leaf_weight=188.1528897061944 19.177587006241083 7.3968102335929897 5.2804986238479605 9.4771372973918897 8.844028774648903 7.3130004890263107 18.280250031501055 17.966453365981579 14.234327517449858 10.171268396079538 15.815063066780565 6.4589391872286788
leaf_count=1266 136 56 42 73 54 61 146 129 104 51 106 42
internal_value=-0.000402571 -0.00241876 -0.0252528 -0.0136334 0.00637655 -0.000204037 -0.0131751 0.0013879 0.00207617 -0.00794033 0.00920737 0.022622
internal_weight=328.568 253.867 22.1544 14.7576 74.7012 231.713 25.5933 206.119 59.3982 24.4056 34.9927 15.303
internal_count=2266 1773 171 115 493 1602 207 1395 397 155 242 96
cat_boundaries=0 1
cat_threshold=2
is_linear=0
shrinkage=0.05


Tree=226
num_leaves=8
num_cat=0
split_feature=6 6 1 2 2 1 2
split_gain=2.10126 3.52008 1.21328 1.40286 4.07644 3.74027 1.15771
threshold=4.3983471074379645 6.2081524233117777 9.0000000000000018 0.43473354688410015 0.51015254586683167 86.500000000000014 1.38146331493971
decision_type=2 2 2 2 2 2 2
left_child=2 6 -1 5 -5 -4 -2
right_child=1 -3 3 4 -6 -7 -8
leaf_value=0.022694022459569762 -0.011393139902018849 0.010735604149705591 0.0031214457083502964 -0.038168524696227918 0.0020362082564845448 0.041053403514944339 -0.036631670107674083
leaf_weight=7.5386483445763579 10.690352786332374 11.786789186298845 31.966251084581017 6.370351903140544 237.54526736028492 8.1843965426087362 9.1957351565361005
leaf_count=43 66 59 201 43 1685 51 79
internal_value=0.0016069 -0.0105701 0.00294983 0.00240045 0.000950478 0.0110606 -0.023439
internal_weight=323.278 31.6729 291.605 284.066 243.916 40.1506 19.8861
internal_count=2227 204 2023 1980 1728 252 145
is_linear=0
shrinkage=0.05


Tree=227
num_leaves=13
num_cat=2
split_feature=11 0 0 0 0 0 3 7 1 2 2 3
split_gain=1.58115 4.09964 2.97975 2.72234 2.62625 2.6552 2.44013 2.39206 2.32052 1.8068 1.93263 0.868708
threshold=0 3.1510869565217394 2.3565217391304354 1.7618427353701758 1.3625480046752381 1.4798373983739841 17.500000000000004 1 83.000000000000014 0.67768173520884789 1.0296442687747038 17.500000000000004
decision_type=1 2 2 2 2 2 2 1 2 2 2 2
left_child=1 4 3 8 6 -6 -1 -5 -2 11 -11 -4
right_child=2 -3 9 7 5 -7 -8 -9 -10 10 -12 -13
leaf_value=0.026010640647343632 -0.0042390870893671065 0.034309392366223851 -0.019192337488264152 -0.0039547069750982449 -0.030405537098780067 -0.0015843011847116583 -0.0094313421955451535 0.015235219662836525 -0.027041354139117235 0.013878268063035335 -0.015999149809120199 -0.049612650120521712
leaf_weight=15.265312887728216 63.209377720952034 8.8399550914764387 5.9589461460709554 32.265480857342482 8.6814973801374418 95.368017792701721 6.7862047143280497 31.923331283032894 13.702200409024952 6.2631245627999297 31.735298302024603 5.2297876160591841
leaf_count=95 449 60 43 216 58 639 54 194 91 44 254 44
internal_value=-0.0027058 0.00146982 -0.00548166 -0.00203057 -0.000701585 -0.00406393 0.0148846 0.00552019 -0.00839619 -0.0163681 -0.0109198 -0.0341677
internal_weight=325.229 134.941 190.288 141.1 126.101 104.05 22.0515 64.1888 76.9116 49.1872 37.9984 11.1887
internal_count=2241 906 1335 950 846 697 149 410 540 385 298 87
cat_boundaries=0 1 2
cat_threshold=6 2
is_linear=0
shrinkage=0.05


Tree=228
num_leaves=10
num_cat=1
split_feature=3 2 6 6 3 3 1 1 10
split_gain=1.62999 3.80348 1.13888 2.22973 2.79696 1.35047 1.51855 1.06231 0.993482
threshold=5.5000000000000009 2.4452991452991459 3.9577295860482735 4.3983471074379645 20.500000000000004 9.5000000000000018 9.0000000000000018 43.500000000000007 0
decision_type=2 2 2 2 2 2 2 2 1
left_child=1 7 5 -4 -5 8 -7 -1 -2
right_child=2 -3 3 4 -6 6 -8 -9 -10
leaf_value=-0.011437316918526626 0.026348259461127978 0.010757914922001611 0.02729566255439125 -0.0080129409023008188 0.026014793839777336 0.019945132745958966 -0.0032446164810270629 -0.037303374377231552 0.00084543040500989247
leaf_weight=7.6704132258892121 7.0145372003316879 10.459260579198597 10.353554934263228 23.626972232013944 7.9919918924570075 7.1270128786563864 237.1080284062773 10.430619440972803 9.1811649352312106
leaf_count=46 40 68 69 159 46 39 1695 66 54
internal_value=-0.00144257 -0.0128437 -0.000345377 0.00726663 0.000485157 -0.00159368 -0.00253957 -0.0267403 0.0122917
internal_weight=330.964 28.5603 302.403 41.9725 31.619 260.431 244.235 18.101 16.1957
internal_count=2282 180 2102 274 205 1828 1734 112 94
cat_boundaries=0 1
cat_threshold=2
is_linear=0
shrinkage=0.05


Tree=229
num_leaves=10
num_cat=2
split_feature=1 2 4 2 8 11 0 1 0
split_gain=1.92104 2.12192 1.64208 1.84539 1.02345 3.87185 2.52663 0.934551 0.930045
threshold=16.500000000000004 9.2724180802263607 1.0000000180025095e-35 1.2259169244365888 0 1 1.9815664288141353 61.500000000000007 1.8037262095849576
decision_type=2 2 2 2 1 1 2 2 2
left_child=2 4 3 -1 5 -2 -6 -3 -5
right_child=1 7 -4 8 6 -7 -8 -9 -10
leaf_value=0.017697918926992972 -0.010350971815748487 -0.031341351931731334 -0.032630018105160377 0.0016966053005438291 0.0040959232296809674 0.0064559482976931015 0.020917132963695202 -0.0025250318791141921 -0.022962684541171584
leaf_weight=7.1801021955907407 34.827611699700356 5.3840917572379094 5.8486519660800687 5.9565754793584338 76.448908992111683 142.60353281721473 32.11845488473773 6.681187815964222 9.008928179740904
leaf_count=47 249 50 55 43 521 960 217 41 68
internal_value=0.00321962 0.00440783 -0.00922437 -0.00269928 0.00528929 0.00290542 0.00913297 -0.0159472 -0.0128698
internal_weight=326.058 298.064 27.9943 22.1456 285.999 177.431 108.567 12.0653 14.9655
internal_count=2251 2038 213 158 1947 1209 738 91 111
cat_boundaries=0 1 2
cat_threshold=2 16
is_linear=0
shrinkage=0.05


Tree=230
num_leaves=12
num_cat=2
split_feature=6 3 6 11 10 3 6 3 2 3 6
split_gain=1.7965 1.5099 1.4588 3.68919 2.6519 1.64388 2.88651 2.31356 1.23837 0.915843 1.0069
threshold=4.6423289261922713 20.500000000000004 3.039855591359331 0 1 19.500000000000004 2.2881085395052434 17.500000000000004 2.5461647727272729 13.500000000000002 6.3758662939846937
decision_type=2 2 2 1 1 2 2 2 2 2 2
left_child=2 9 5 8 -5 7 -7 -1 -4 -2 -11
right_child=1 -3 3 4 -6 6 -8 -9 -10 10 -12
leaf_value=0.00070313798855990153 -0.0012224430463698727 0.0096371109177963328 -0.0028710872919897636 0.036735472657548333 0.0062834189569314879 -0.0026905781258212808 -0.037262562168421429 0.018390988107147996 -0.031726938635431329 -0.033180185155741768 -0.006590384049904946
leaf_weight=174.83510851860046 7.3200980052352014 6.7195894308388224 13.043585367500784 16.62505130469799 13.362491250038149 48.310477821156383 6.8810454569756976 20.678214333951473 5.390369623899459 10.043566048145296 6.3983378261327735
leaf_count=1174 46 40 85 111 90 368 62 145 41 75 32
internal_value=0.000800934 -0.010717 0.00199453 0.00993506 0.0175614 0.000437598 -0.00715089 0.00260788 -0.00760249 -0.0166986 -0.0232375
internal_weight=329.608 30.4816 299.126 48.4215 29.9875 250.705 55.1915 195.513 18.434 23.762 16.4419
internal_count=2269 193 2076 327 201 1749 430 1319 126 153 107
cat_boundaries=0 1 2
cat_threshold=5 1
is_linear=0
shrinkage=0.05


Tree=231
num_leaves=8
num_cat=4
split_feature=6 2 7 9 2 8 8
split_gain=1.98507 1.14824 3.02967 2.3133 1.84313 2.80678 1.8791
threshold=6.6826388888890493 3.7248198198198201 0 1 3.0770986342080757 2 3
decision_type=2 2 1 1 2 1 1
left_child=1 4 3 -3 6 -6 -1
right_child=-2 2 -4 -5 5 -7 -8
leaf_value=-0.0015951323003770249 -0.022470113040101568 -0.017408764074677383 -0.033075792720581226 0.0045358071178267243 0.030561512290524635 -0.0059239461194613447 0.0078322547232091925
leaf_weight=140.85877275466919 8.6708449944853765 15.331110997125506 7.7747655399143687 53.930256057530642 14.023339860141277 8.0416126251220703 83.930136103183031
leaf_count=961 45 122 68 370 90 60 568
internal_value=0.000963702 0.00161322 -0.00368219 -0.000267667 0.00328684 0.017072 0.00190448
internal_weight=332.561 323.89 77.0361 69.2614 246.854 22.065 224.789
internal_count=2284 2239 560 492 1679 150 1529
cat_boundaries=0 1 2 3 4
cat_threshold=2 1 2 2
is_linear=0
shrinkage=0.05


Tree=232
num_leaves=13
num_cat=2
split_feature=1 11 6 6 6 6 6 7 0 0 0 0
split_gain=1.63029 2.2149 3.9326 3.7625 1.70517 4.05163 3.00068 2.29348 2.15084 1.6309 2.22088 1.74958
threshold=36.500000000000007 0 0.41138678808451606 1.0858019281330422 3.0738095238095462 3.4472292015635624 2.6340531561462082 1 2.2109419724173827 2.4378167641325539 2.1467001434720236 2.5491454434911844
decision_type=2 1 2 2 2 2 2 1 2 2 2 2
left_child=4 2 -2 -4 6 -6 8 -7 -1 10 -3 -11
right_child=1 9 3 -5 5 7 -8 -9 -10 11 -12 -13
leaf_value=0.00098217870049281458 -0.018917450904201272 -0.00020017511626584778 0.032327444268885092 0.0076791449001396067 0.045263796688558254 0.015973984736291996 -0.040709187142082603 -0.030769081499608799 -0.017097152468821038 0.033138448474460701 -0.019958051281468586 0.0034028823377390462
leaf_weight=62.094653692096472 9.9205765388905984 82.657469365745783 21.101543456315994 61.100659433752298 5.6250063180923453 5.0929398313164711 5.8169428147375575 5.0821426287293416 22.063627727329731 6.1023052409291259 17.215762801468372 27.298443727195263
leaf_count=444 72 537 127 390 35 42 51 39 177 41 116 193
internal_value=0.0015888 0.00400188 0.00944796 0.0140988 -0.00350492 0.0114866 -0.00620284 -0.00695837 -0.00371297 -0.000407232 -0.00367253 0.00906751
internal_weight=331.172 225.397 92.1228 82.2022 105.775 15.8001 89.9752 10.1751 84.1583 133.274 99.8732 33.4007
internal_count=2264 1476 589 517 788 116 672 81 621 887 653 234
cat_boundaries=0 1 2
cat_threshold=24 2
is_linear=0
shrinkage=0.05


Tree=233
num_leaves=14
num_cat=2
split_feature=3 6 2 1 1 10 1 0 7 2 1 6 2
split_gain=1.42406 2.57397 3.27483 2.71394 3.17043 2.51113 1.57154 1.94655 6.52888 1.9813 1.92469 1.77811 1.70057
threshold=9.5000000000000018 0.72301587301585613 2.6527623997288452 48.500000000000007 70.500000000000014 0 19.500000000000004 1.1480551288970073 1 0.11288430420711966 12.500000000000002 1.3059697041982721 4.0295573675014564
decision_type=2 2 2 2 2 1 2 2 1 2 2 2 2
left_child=1 2 -1 5 -5 -3 10 8 -8 -9 11 -2 -12
right_child=6 3 -4 4 -6 -7 7 9 -10 -11 12 -13 -14
leaf_value=-0.037930149975846032 0.014750797626302527 0.046247479774805755 0.014065893821017909 -0.024205571298726095 0.017504354638402459 0.0071232711705395222 -0.018120977728020061 -0.024826046164108193 0.040164788170914206 -0.0011686307797855687 -0.03460474810370074 -0.020646982537342533 0
leaf_weight=6.1683203428983671 8.6946325264871138 9.0435273498296738 5.6038324683904648 7.5399434641003635 11.168161220848559 8.1417834535241127 8.3982887826859951 9.152912072837351 10.762854266911745 225.74854922480881 11.717801235616209 5.8394499234855166 4.7379881329834452
leaf_count=43 62 50 38 50 61 47 72 55 72 1562 94 44 39
internal_value=-0.000819487 0.00714652 -0.0128476 0.0138605 0.000388805 0.0281495 -0.00217111 -0.000851187 0.0143972 -0.00212189 -0.0127938 0.000143236 -0.0244539
internal_weight=332.718 47.6656 11.7722 35.8934 18.7081 17.1853 285.052 254.063 19.1611 234.901 30.9899 14.5341 16.4558
internal_count=2289 289 81 208 111 97 2000 1761 144 1617 239 106 133
cat_boundaries=0 1 2
cat_threshold=1 2
is_linear=0
shrinkage=0.05


Tree=234
num_leaves=11
num_cat=1
split_feature=1 6 9 1 1 6 2 6 6 6
split_gain=2.79753 4.96194 2.78194 4.16322 2.65014 2.11547 1.90294 1.45422 2.87352 2.71968
threshold=74.500000000000014 4.5838661551577511 0 103.00000000000001 78.500000000000014 4.9774381095273332 1.275858242083457 3.410317460317517 3.8703501326259975 3.0983041296589451
decision_type=2 2 1 2 2 2 2 2 2 2
left_child=5 2 3 -2 -4 7 -7 9 -9 -1
right_child=1 -3 4 -5 -6 6 -8 8 -10 -11
leaf_value=0.00055865884793774472 0.025951225629948057 -0.041143345427861057 -0.036349241184061777 -0.0216018674563388 -0.0054934829343470191 0.035620774529549627 0.00097274643813764479 -0.031293971192260288 0.0020281778077790328 0.027084696175504519
leaf_weight=186.14329562895 14.679554950445892 10.294151831418274 8.1434313692152482 6.4920429140329352 49.736734971404076 8.3524783104658145 8.0496095865964872 10.147566832602026 16.842759229242802 10.123279258608816
leaf_count=1334 89 68 58 39 333 40 54 75 120 57
internal_value=-0.00105223 -0.00860769 -0.00426109 0.0111015 -0.00997617 0.00174604 0.0190286 0.000445998 -0.0103847 0.00196541
internal_weight=329.005 89.3459 79.0518 21.1716 57.8802 239.659 16.4021 223.257 26.9903 196.267
internal_count=2267 587 519 128 391 1680 94 1586 195 1391
cat_boundaries=0 1
cat_threshold=2
is_linear=0
shrinkage=0.05


Tree=235
num_leaves=10
num_cat=0
split_feature=3 1 6 2 1 0 0 3 2
split_gain=1.88613 1.68867 2.70933 3.71797 2.71374 1.43303 1.74871 2.321 1.54883
threshold=9.5000000000000018 86.500000000000014 2.0483494011100634 1.2546699153033998 48.500000000000007 3.518852247657795 3.02913719943423 20.500000000000004 1.6952837140751662
decision_type=2 2 2 2 2 2 2 2 2
left_child=1 2 3 -1 -4 6 8 -8 -2
right_child=5 -3 4 -5 -6 -7 7 -9 -10
leaf_value=0.023266174510329581 0.0023974590123879802 0.030475176610349732 0.041962858543053136 -0.01794948645078669 -0.00051373381071255638 0.01783971797120748 -0.034760601755400425 0.0053911949170061882 -0.0054061188859236059
leaf_weight=7.7597490772604969 124.72670556977391 7.5938533321022978 7.7039290070533735 17.598895248025656 6.8115338534116745 8.7650245353579503 9.116595294326542 5.5486125349998465 128.4651483502239
leaf_count=47 826 42 42 113 44 77 67 39 938
internal_value=-0.00027443 0.00890465 0.0046056 -0.00509924 0.021821 -0.00187027 -0.00254031 -0.0192968 -0.00154277
internal_weight=324.09 47.468 39.8741 25.3586 14.5155 276.622 267.857 14.6652 253.192
internal_count=2235 288 246 160 86 1947 1870 106 1764
is_linear=0
shrinkage=0.05


Tree=236
num_leaves=8
num_cat=1
split_feature=0 0 0 6 1 0 7
split_gain=2.73118 2.20286 1.71885 1.70334 5.25607 3.64003 0.936857
threshold=1.0369234264939788 0.90746276218461863 1.1480551288970073 3.6228653721080391 46.500000000000007 3.2128704972500146 0
decision_type=2 2 2 2 2 2 1
left_child=1 -1 6 5 -5 -4 -2
right_child=2 -3 3 4 -6 -7 -8
leaf_value=-0.00032488970922122501 0.0025604211003911414 -0.040623492115664142 -0.0048828817638207353 -0.018871015597190632 0.016855473998890768 0.019613426557055981 0.030445174913106433
leaf_weight=6.3513496294617635 6.4053892642259598 7.8627733811736107 229.82338625751436 14.118316181004046 36.56127904728055 16.07564477995038 6.4536425322294217
leaf_count=51 42 65 1578 103 233 125 39
internal_value=-0.0017303 -0.0230941 -0.000725651 -0.00151949 0.00678676 -0.00325379 0.0170679
internal_weight=323.652 14.2141 309.438 296.579 50.6796 245.899 12.859
internal_count=2236 116 2120 2039 336 1703 81
cat_boundaries=0 1
cat_threshold=2
is_linear=0
shrinkage=0.05


Tree=237
num_leaves=11
num_cat=0
split_feature=3 6 2 0 1 0 3 0 2 1
split_gain=1.68921 3.28137 3.21554 1.94042 1.55506 2.18692 2.76345 2.63 1.93278 2.27678
threshold=18.500000000000004 0.23201527469824404 0.18844696969696967 2.1040650221148152 38.500000000000007 2.1115900383141768 15.500000000000002 2.0352318040842632 0.18844696969696967 22.500000000000004
decision_type=2 2 2 2 2 2 2 2 2 2
left_child=4 -2 -3 -4 8 7 -7 -6 -1 -10
right_child=1 2 3 -5 5 6 -8 -9 9 -11
leaf_value=0.018048502275302164 0.035605669316666338 -0.034684218331013164 -0.0028528276455786084 0.013880803568172903 0.001426385155219502 0.001235413370776633 -0.020387602559914335 0.032721275343531968 -0.0028155084508750747 -0.020329214573664742
leaf_weight=5.8319872915744773 7.7096950206905595 5.5625904761254779 38.832424286752939 30.619890723377466 97.327608991414309 32.494890581816435 26.382039867341518 7.1545648202300063 39.285847447812557 36.483510188758373
leaf_count=31 54 44 287 225 609 214 192 40 276 296
internal_value=-0.001415 0.00473309 0.0014504 0.0044621 -0.00351273 -0.000662485 -0.00838696 0.00364639 -0.00914969 -0.0113301
internal_weight=327.685 82.7246 75.0149 69.4523 244.96 163.359 58.8769 104.482 81.6013 75.7694
internal_count=2268 610 556 512 1658 1055 406 649 603 572
is_linear=0
shrinkage=0.05


Tree=238
num_leaves=8
num_cat=0
split_feature=3 1 2 2 1 3 2
split_gain=1.7373 1.72134 2.60139 1.4865 1.24703 3.52921 1.72292
threshold=33.500000000000007 13.500000000000002 1.733993753659965 1.275858242083457 91.000000000000014 10.500000000000002 10.112712606898652
decision_type=2 2 2 2 2 2 2
left_child=1 2 -1 -2 6 -6 -3
right_child=3 4 -4 -5 5 -7 -8
leaf_value=-0.036143436545146894 0.0022014670728047799 0.0035199082217765966 0.0045652620547138936 -0.031938449479046879 0.025546557955019714 -0.010698528525221698 0.028312304810121147
leaf_weight=7.1412890926003447 5.2699481509625894 246.88393715396523 8.1210726052522642 7.0486824363470078 7.9316967725753775 39.697285532951355 7.1884103883057824
leaf_count=50 41 1682 65 59 44 275 56
internal_value=0.00127339 0.00200568 -0.0142682 -0.0170305 0.00284996 -0.00451697 0.00425189
internal_weight=329.282 316.964 15.2624 12.3186 301.701 47.629 254.072
internal_count=2272 2172 115 100 2057 319 1738
is_linear=0
shrinkage=0.05


Tree=239
num_leaves=11
num_cat=1
split_feature=0 0 6 2 2 6 1 0 8 2
split_gain=1.43891 2.11008 1.5893 4.64165 3.87481 1.97706 1.76141 1.33463 6.42378 1.12144
threshold=2.2850926804349418 2.2141080312722106 1.2909799051704181 0.4551839464882943 0.48059349266921075 5.2196595364849934 61.500000000000007 2.0352318040842632 0 2.5461647727272729
decision_type=2 2 2 2 2 2 2 2 1 2
left_child=1 7 3 -2 -4 -6 -5 9 -9 -1
right_child=2 -3 4 6 5 -7 -8 8 -10 -11
leaf_value=-0.0053680153079593996 0.035208219943305544 -0.024496369201974989 -0.019126825302093725 -0.026486460619492638 0.018753847765363388 -0.0093105706293389167 -0.0001543529886854077 -0.005748283517615211 0.044347718180388143 0.0025670155492326032
leaf_weight=117.49674524366856 6.1004748903214923 9.7258368022739869 9.4966788589954358 12.323571827262642 48.163739919662476 6.8984122723340979 13.787343498319386 21.480111315846443 8.9310568273067492 70.610648738220334
leaf_count=768 41 67 74 111 347 42 97 141 58 507
internal_value=0.000336928 -0.00181298 0.00545601 -0.00349389 0.00999736 0.0151367 -0.0128267 -0.000769777 0.00889701 -0.00236306
internal_weight=325.015 228.244 96.7702 32.2114 64.5588 55.0622 26.1109 218.519 30.4112 188.107
internal_count=2253 1541 712 249 463 389 208 1474 199 1275
cat_boundaries=0 1
cat_threshold=2
is_linear=0
shrinkage=0.05


Tree=240
num_leaves=11
num_cat=0
split_feature=0 0 2 2 2 6 1 2 6 2
split_gain=1.9152 2.69567 1.76137 1.56336 5.22606 3.08858 2.82585 3.4146 2.73971 2.31617
threshold=3.2981463649494462 3.518852247657795 0.95124604430379744 2.0233144806535601 2.5461647727272729 2.8860593848435339 97.500000000000014 1.9075742279516452 0.69166115520282878 0.54485842026825637
decision_type=2 2 2 2 2 2 2 2 2 2
left_child=3 -2 -3 6 8 -6 7 -1 -5 -8
right_child=1 2 -4 4 5 -7 9 -9 -10 -11
leaf_value=0.0043258042975612299 -0.044281696520436488 0.020953094410376401 -0.017934245567799351 0.0067356326628035231 0.0052948619907838574 -0.014974613543258365 -0.038320413379364031 0.03905673768913781 -0.03372936848193004 -0.0008711950840943792
leaf_weight=147.2792986780405 5.6945272982120541 4.6839961912482959 7.2409261167049408 5.1158472672104862 90.865710508078337 23.545947771519423 6.5203905627131489 7.3923705704510203 18.408829528838396 11.746230095624922
leaf_count=958 41 38 64 40 658 184 46 43 137 72
internal_value=-0.000253985 -0.0162537 -0.00219664 0.000641686 -0.0033078 0.0010703 0.0038208 0.0060422 -0.0247266 -0.014647
internal_weight=328.494 17.6194 11.9249 310.875 137.936 114.412 172.938 154.672 23.5247 18.2666
internal_count=2281 143 102 2138 1019 842 1119 1001 177 118
is_linear=0
shrinkage=0.05


Tree=241
num_leaves=5
num_cat=0
split_feature=6 6 6 6
split_gain=1.39909 1.25718 1.32833 1.09119
threshold=6.6826388888890493 5.4974226804122699 4.6423289261922713 0.67182241317577673
decision_type=2 2 2 2
left_child=1 2 3 -1
right_child=-2 -3 -4 -5
leaf_value=-0.0034495607146405854 -0.020139109386468779 0.017200916082600198 -0.0183801745045763 0.0033970606740247873
leaf_weight=78.112655527889729 7.3929982408881179 12.478860653936861 8.4289454966783506 222.21574925072491
leaf_count=564 39 72 70 1518
internal_value=0.00116851 0.00168056 0.00103173 0.00159912
internal_weight=328.629 321.236 308.757 300.328
internal_count=2263 2224 2152 2082
is_linear=0
shrinkage=0.05


Tree=242
num_leaves=9
num_cat=1
split_feature=3 0 3 1 1 7 1 1
split_gain=1.21267 3.3387 2.07051 2.02563 1.75006 1.74637 1.44149 0.812808
threshold=30.500000000000004 1.8671380537974687 23.500000000000004 55.500000000000007 110.50000000000001 0 63.500000000000007 103.00000000000001
decision_type=2 2 2 2 2 1 2 2
left_child=2 3 4 -2 7 6 -3 -1
right_child=1 5 -4 -5 -6 -7 -8 -9
leaf_value=0.00036535132991058733 -0.011247930614806757 0.01020928408892845 0.024496203206805903 0.028202420048627691 -0.021056167749605031 -0.034189903477953122 -0.024789018396902205 0.013454408820970787
leaf_weight=263.58076970279217 5.4074424989521486 6.0574219450354576 8.9951683357357961 7.4739693142473698 9.212451368570326 11.35749151930213 5.3661672547459602 12.381808441132305
leaf_count=1802 53 54 58 54 60 91 37 78
internal_value=-3.55455e-05 -0.00874412 0.00100582 0.0112975 0.000239022 -0.0202949 -0.00586953 0.0009754
internal_weight=329.833 35.6625 294.17 12.8814 285.175 22.7811 11.4236 275.963
internal_count=2287 289 1998 107 1940 182 91 1880
cat_boundaries=0 1
cat_threshold=2
is_linear=0
shrinkage=0.05


Tree=243
num_leaves=8
num_cat=0
split_feature=2 2 0 1 1 1 3
split_gain=1.79204 1.69264 2.54171 2.28126 1.92551 1.76345 0.806614
threshold=10.711400247831476 1.1941462021701885 3.2509678762228549 103.00000000000001 103.00000000000001 86.500000000000014 16.500000000000004
decision_type=2 2 2 2 2 2 2
left_child=1 4 3 -3 5 -1 -4
right_child=-2 2 6 -5 -6 -7 -8
leaf_value=-0.0046588363047279655 -0.026534080801394008 0.0031390394992611963 -0.034318882956972774 0.023215007063337418 -0.027054414979168596 0.014502265856879089 -0.0053943550941602395
leaf_weight=95.884061828255653 6.0529836602509013 180.51012109220028 5.1863768137991411 15.398163497447966 8.3904830627143365 13.546472538262604 5.3995606377720833
leaf_count=641 59 1260 39 91 56 89 43
internal_value=0.000176734 0.0006987 0.0034398 0.00475354 -0.00406182 -0.00223015 -0.0202218
internal_weight=330.368 324.315 206.494 195.908 117.821 109.431 10.5859
internal_count=2278 2219 1433 1351 786 730 82
is_linear=0
shrinkage=0.05


Tree=244
num_leaves=13
num_cat=1
split_feature=1 10 0 6 6 6 6 0 0 2 1 0
split_gain=1.10381 4.65807 4.92568 3.75068 2.84545 2.73929 1.65347 2.89878 1.5918 1.38066 1.22877 1.08292
threshold=25.500000000000004 0 1.8671380537974687 1.1608664155316617 0.11000126538228762 0.19312988353247962 1.0736817826982563 1.6579629124625037 2.3155252589304589 10.112712606898652 19.500000000000004 1.7677926662922252
decision_type=2 1 2 2 2 2 2 2 2 2 2 2
left_child=1 6 10 -4 11 -6 7 -1 -8 -7 -3 -2
right_child=4 2 3 -5 5 9 8 -9 -10 -11 -12 -13
leaf_value=0.023696647789521387 0.037035964372815804 -0.018008667160163121 0.03848387222370394 -0.009468875504844633 -0.032824503113161665 -0.0025751909037104895 0.015366036968669018 -0.018684969552251404 0.044634978057830642 0.020215676925837808 -0.050232718488277463 0.0053648762135375212
leaf_weight=8.9537799283862132 6.0084584280848485 8.7501011565327662 6.5669174492359188 10.160309579223393 7.3199714794754973 236.59052747860551 13.82633847743273 7.0955657809972754 7.773200884461402 6.6985528580844393 5.2671572193503371 5.6656787730753422
leaf_count=62 40 66 40 67 59 1620 90 57 48 49 40 41
internal_value=-0.000219303 0.00541568 -0.00890176 0.00917651 -0.00170925 -0.00285448 0.0172325 0.00465005 0.0262869 -0.00191909 -0.0307415 0.0222662
internal_weight=330.677 68.3934 30.7445 16.7272 262.283 250.609 37.6489 16.0493 21.5995 243.289 14.0173 11.6741
internal_count=2279 470 213 107 1809 1728 257 119 138 1669 106 81
cat_boundaries=0 1
cat_threshold=1
is_linear=0
shrinkage=0.05


Tree=245
num_leaves=11
num_cat=1
split_feature=3 9 6 1 1 1 5 6 2 2
split_gain=1.60206 3.79704 2.29773 2.56036 1.7609 2.25662 2.09501 1.89507 6.83023 2.60839
threshold=12.500000000000002 0 0.60781749491429859 48.500000000000007 63.500000000000007 61.500000000000007 1.0000000180025095e-35 3.6228653721080391 0.69388425251085251 0.2776175797951676
decision_type=2 1 2 2 2 2 2 2 2 2
left_child=1 -1 -3 -4 5 6 -2 9 -9 -6
right_child=4 2 3 -5 7 -7 -8 8 -10 -11
leaf_value=0.020247872864497127 -0.0071982384604312531 -0.03577689483051779 0.0034928277982765425 -0.01972956859522244 -0.036842225062536114 0.029649058098986481 0.0077391041148975256 0.048435489222059515 -0.0096528910639039588 -0.0029339751940866332
leaf_weight=11.43024767562747 28.994741162285209 8.1041723415255529 26.151054419577122 21.173844888806343 6.0829796381294718 9.7045664712786657 116.17202525958419 7.7473078370094326 13.920543286949394 76.641202565282583
leaf_count=70 206 63 167 138 46 58 856 43 97 511
internal_value=0.00114895 -0.00572124 -0.0111933 -0.00681147 0.00294145 0.00633089 0.00471829 -0.00204037 0.0110139 -0.0055292
internal_weight=326.123 66.8593 55.4291 47.3249 259.263 154.871 145.167 104.392 21.6679 82.7242
internal_count=2255 438 368 305 1817 1120 1062 697 140 557
cat_boundaries=0 1
cat_threshold=2
is_linear=0
shrinkage=0.05


Tree=246
num_leaves=9
num_cat=1
split_feature=3 6 6 8 0 0 0 0
split_gain=1.42768 1.40842 2.62672 1.8057 1.45033 2.6517 2.44843 1.32961
threshold=34.500000000000007 0.60781749491429859 0.53472296645588746 0 1.121357685810811 0.98608075093223613 1.2040356548143798 2.0569219440353472
decision_type=2 2 2 1 2 2 2 2
left_child=1 2 3 -1 5 -3 -6 -2
right_child=7 4 -4 -5 6 -7 -8 -9
leaf_value=0.007932278406069292 0 0.0083259560295639509 -0.037429981844440935 -0.009774557624665588 0.030517159518818299 -0.033464602890399174 0.0014986043150935196 -0.034426799011857162
leaf_weight=22.076495498418808 5.4566199053078872 6.9228416606783849 6.213902384042739 40.09928197786212 7.442164968699216 7.8460905998945236 226.07648774981499 5.9235158655792475
leaf_count=148 45 58 48 302 49 57 1508 52
internal_value=-0.000901866 -0.000257833 -0.00661924 -0.00340453 0.00147622 -0.013615 0.00245749 -0.0182296
internal_weight=328.057 316.677 68.3897 62.1758 248.288 14.7689 233.519 11.3801
internal_count=2267 2170 498 450 1672 115 1557 97
cat_boundaries=0 1
cat_threshold=2
is_linear=0
shrinkage=0.05


Tree=247
num_leaves=13
num_cat=1
split_feature=0 3 7 6 0 0 6 0 6 2 6 1
split_gain=1.25887 2.95662 4.68948 3.35041 1.82788 2.92433 4.53198 1.86447 3.48083 1.74983 1.73789 1.48787
threshold=1.2680067837190743 15.500000000000002 0 0.88262987012972827 1.8152063373119953 1.9107592707966521 1.0073344947736407 1.7509259259259262 1.7779459807665623 1.4296308503625579 3.2274804658707485 101.50000000000001
decision_type=2 2 1 2 2 2 2 2 2 2 2 2
left_child=1 2 -1 -3 7 6 -6 10 -9 -5 -2 -7
right_child=4 3 -4 9 5 11 -8 8 -10 -11 -12 -13
leaf_value=-0.017946496459526236 0.0002189268739499991 0.0018167053895735939 0.030490293880139671 -0.058624696029581397 -0.05397490631871274 -0.00091367952478989614 -0.0033088099189567764 0.047381025457659563 -0.00098634826406435541 -0.020397790488309427 0.018010243811375722 0.016623666959991835
leaf_weight=9.778612308204174 70.976133493706584 10.008766226470472 9.9095146842300892 5.2751693837344638 6.4287324622273472 151.47642895206809 14.409944899380205 7.2590543106198293 7.1155497804284096 8.5875337384641153 17.098649263381958 13.024928927421568
leaf_count=62 489 76 60 44 49 1064 89 40 40 71 109 86
internal_value=0 -0.00792616 0.00621113 -0.0197718 0.00118507 -0.0017564 -0.0193612 0.00655172 0.0232519 -0.035618 0.00374611 0.000453776
internal_weight=331.349 43.5596 19.6881 23.8715 287.789 185.34 20.8387 102.449 14.3746 13.8627 88.0748 164.501
internal_count=2279 313 122 191 1966 1288 138 678 80 115 598 1150
cat_boundaries=0 1
cat_threshold=2
is_linear=0
shrinkage=0.05


Tree=248
num_leaves=7
num_cat=0
split_feature=0 0 6 0 6 6
split_gain=1.51048 2.34872 2.10554 1.73999 1.85923 1.00566
threshold=3.2981463649494462 3.1306372549019614 1.3059697041982721 2.5945970959647897 0.84499545040938162 0.20577805590310583
decision_type=2 2 2 2 2 2
left_child=1 3 -2 5 -5 -1
right_child=2 -3 -4 4 -6 -7
leaf_value=-0.0061173104011224763 -0.038220981735540338 0.030490478029097979 0 -0.032989207011051541 -0.0026825066735315637 0.0045274121111174501
leaf_weight=23.915586812421679 5.2996052093803909 7.4503053799271575 10.774738054722546 6.1628506295382968 29.077735912054777 246.46496672742069
leaf_count=176 51 47 79 58 222 1637
internal_value=0.00210696 0.00288892 -0.0127374 0.00218995 -0.00820235 0.00356547
internal_weight=329.146 313.071 16.0743 305.621 35.2406 270.381
internal_count=2270 2140 130 2093 280 1813
is_linear=0
shrinkage=0.05


Tree=249
num_leaves=10
num_cat=2
split_feature=0 9 1 10 6 6 1 3 2
split_gain=1.97747 2.6839 1.27081 2.14436 4.18429 3.08662 1.54641 3.22661 1.77684
threshold=1.0265853393468458 0 26.500000000000004 1 1.0334590986360048 0.43637477362319854 70.500000000000014 10.500000000000002 2.2614175393569975
decision_type=2 1 2 1 2 2 2 2 2
left_child=1 -1 3 4 -2 -5 8 -8 -4
right_child=2 -3 6 5 -6 -7 7 -9 -10
leaf_value=0.005500656949162447 -0.0058971888194782243 -0.03908814737977509 -0.0094454642252506105 0.024920754546996424 0.027940849071700993 -0.010992237128123189 0.023288229407083721 -0.00088152816935251326 0.0018751944415942995
leaf_weight=5.7054916936904174 15.010762639343737 7.5212299153208733 87.1722132563591 7.543643455952405 22.333689019083977 26.965150319039822 16.470972798764706 80.853780891746283 56.388008553534746
leaf_count=47 115 65 583 50 139 186 93 536 437
internal_value=-0.000718067 -0.0195821 6.97777e-05 0.00591612 0.0142265 -0.00294784 -0.0016551 0.00317728 -0.00496589
internal_weight=325.965 13.2267 312.738 71.8532 37.3445 34.5088 240.885 97.3248 143.56
internal_count=2251 112 2139 490 254 236 1649 629 1020
cat_boundaries=0 1 2
cat_threshold=1 1
is_linear=0
shrinkage=0.05


Tree=250
num_leaves=10
num_cat=1
split_feature=0 6 0 3 6 6 0 7 1
split_gain=2.28557 2.70609 2.65489 2.42265 1.59602 1.55563 4.36111 3.74994 1.31725
threshold=3.1510869565217394 4.4688059701492726 3.4910698079645703 20.500000000000004 2.1660671462828511 1.5801927103362818 1.1838849414111194 0 75.500000000000014
decision_type=2 2 2 2 2 2 2 1 2
left_child=1 5 -2 8 -4 7 -7 -1 -3
right_child=2 3 4 -5 -6 6 -8 -9 -10
leaf_value=0.011494939864520392 -0.033381226155171223 0.017427582989066239 0.015405693119482138 0.041882032666651678 -0.020363455638803405 -0.03712183263854367 -0.00077017353786702541 -0.0037188939326274146 -0.0071324025339637876
leaf_weight=81.722014561295509 9.8976005204021948 14.453017070889478 7.6490876711904985 7.1813492625951758 5.1005387343466282 8.8656367789953929 107.95116915553808 79.461257554590702 8.3172001950442773
leaf_count=548 68 92 64 41 43 77 749 550 56
internal_value=0.00118511 0.00232807 -0.0140788 0.0165897 0.000659873 0.000768142 -0.00360118 0.00396606 0.00824605
internal_weight=330.599 307.952 22.6472 29.9516 12.7496 278 116.817 161.183 22.7702
internal_count=2288 2113 175 189 107 1924 826 1098 148
cat_boundaries=0 1
cat_threshold=2
is_linear=0
shrinkage=0.05


Tree=251
num_leaves=6
num_cat=0
split_feature=4 1 0 0 6
split_gain=0.936198 1.27758 1.00343 2.49146 1.41274
threshold=2.5000000000000004 112.50000000000001 3.2509678762228549 3.1306372549019614 2.5116799806343875
decision_type=2 2 2 2 2
left_child=1 2 3 -1 -4
right_child=-2 -3 4 -5 -6
leaf_value=0.00042168237956531407 0.020624532468755744 0.022015478546740342 0 0.031623597233699757 -0.02988908855663221
leaf_weight=295.42645269446075 6.0667003691196433 6.9224254488944998 11.127129051834347 6.4514018371701232 6.3056665994226924
leaf_count=2029 37 40 92 42 49
internal_value=0.00128641 0.000905262 0.000425204 0.0011153 -0.011178
internal_weight=332.3 326.233 319.311 301.878 17.4328
internal_count=2289 2252 2212 2071 141
is_linear=0
shrinkage=0.05


Tree=252
num_leaves=11
num_cat=2
split_feature=0 0 7 6 3 6 1 6 1 7
split_gain=1.48751 2.16406 1.83035 1.72636 1.46766 0.768184 3.47803 2.86468 2.188 2.40012
threshold=1.3963822415599068 1.4859934086629003 0 0.076505016722586916 25.500000000000004 1.4250374592355921 34.500000000000007 2.0814942926323448 31.500000000000004 1
decision_type=2 2 1 2 2 2 2 2 2 1
left_child=5 2 -2 -3 -5 8 -7 -8 -1 -10
right_child=1 3 -4 4 -6 6 7 -9 9 -11
leaf_value=0.020029085083155557 -0.036121307916075512 0.022673812901307027 -0.0020204442008622272 -0.0021558086211706713 0.009030232256950016 -0.018643013143217816 0.055525677838183768 0.01257982178587632 0.0088160824265317312 -0.024107981854978006
leaf_weight=11.406780824065207 7.7129713147878647 8.148451413959263 8.6236722134053725 210.28159096464515 33.909034537151456 6.2277651764452484 5.1896516606211689 16.926453433930874 11.259678803384304 10.47129649668932
leaf_count=77 56 51 58 1424 257 58 38 114 72 75
internal_value=0.000625114 -0.000964557 -0.0185464 0.000160795 -0.000578954 0.00764348 0.0137088 0.0230869 0.0022795 -0.00685745
internal_weight=330.157 268.676 16.3366 252.339 244.191 61.4816 28.3439 22.1161 33.1378 21.731
internal_count=2280 1846 114 1732 1681 434 210 152 224 147
cat_boundaries=0 1 2
cat_threshold=1 2
is_linear=0
shrinkage=0.05


Tree=253
num_leaves=13
num_cat=0
split_feature=0 6 1 3 0 0 1 0 6 6 0 6
split_gain=1.63032 3.58133 3.18049 2.16371 1.58684 1.46696 3.18899 2.68966 2.21064 1.88238 1.81176 0.475098
threshold=1.28628692476944 0.93411386593200729 32.500000000000007 15.500000000000002 1.1480551288970073 1.8807416772018546 72.500000000000014 1.8495283018867927 0.37936104465705545 4.2451777957740537 1.8152063373119953 2.2407136111581738
decision_type=2 2 2 2 2 2 2 2 2 2 2 2
left_child=1 2 -1 11 -5 7 8 10 -7 -8 -2 -3
right_child=5 3 -4 4 -6 6 9 -9 -10 -11 -12 -13
leaf_value=0.034677356142754967 0.0053174169628884809 -0.014906534879963004 -0.008213343911456044 -0.020705616451933244 -0.058130222973353352 0.021472408339485674 -0.0078479440742541279 0.03389948214889927 0.0004207197610441904 -0.035606069241993103 -0.02199790398935355 0.0039495036414758612
leaf_weight=6.8995055295527008 102.24750054627657 6.2897442728281039 10.920675933361052 8.9638493675738555 4.7473733760416499 14.11852167919278 44.172264404594898 7.8680422715842715 106.02226182818413 7.2173582911491385 6.2995313704013816 6.309035699814558
leaf_count=48 673 38 76 79 40 98 298 50 750 49 43 42
internal_value=5.5228e-05 -0.0088668 0.00821463 -0.0206129 -0.0343526 0.00144257 -0.0014743 0.00578089 0.00295202 -0.0119051 0.00366736 -0.0051136
internal_weight=332.076 44.1302 17.8202 26.31 13.7112 287.945 171.53 116.415 120.141 51.3896 108.547 12.5988
internal_count=2284 323 124 199 119 1961 1195 766 848 347 716 80
is_linear=0
shrinkage=0.05


Tree=254
num_leaves=9
num_cat=0
split_feature=6 1 0 0 1 0 0 0
split_gain=1.92473 2.88443 2.00004 1.9869 1.42557 1.15448 4.04507 1.97495
threshold=0.83201895597449982 98.500000000000014 1.1838849414111194 2.8270208604954372 112.50000000000001 1.6455406911928656 1.8807416772018546 1.4453836270190898
decision_type=2 2 2 2 2 2 2 2
left_child=1 2 -1 -4 5 7 -7 -2
right_child=4 -3 3 -5 -6 6 -8 -9
leaf_value=0.018246838350882734 0.0040186971898890219 -0.038186137322913351 -0.0075060552443848173 0.022485012301217328 0.027404371040666758 0.021092548746083878 0.0011430107794987213 -0.013413199458442243
leaf_weight=10.07508948817849 42.993473963811994 5.9974717646837226 73.873817874118686 5.8033251725137225 6.0575177110731593 32.058850340545177 124.20022847875953 25.77747705206275
leaf_count=70 306 39 534 48 36 192 847 175
internal_value=0.00108743 -0.00484812 -0.00252472 -0.00523352 0.00356945 0.00289374 0.0052788 -0.00245271
internal_weight=326.837 95.7497 89.7522 79.6771 231.088 225.03 156.259 68.771
internal_count=2247 691 652 582 1556 1520 1039 481
is_linear=0
shrinkage=0.05


Tree=255
num_leaves=12
num_cat=4
split_feature=6 11 6 7 0 0 3 0 7 10 1
split_gain=1.35843 3.82596 3.24434 1.941 3.00109 2.88448 1.33336 2.61567 1.18954 3.43879 0.781716
threshold=0.49276348484270233 0 0.54870335230868184 1 1.121357685810811 1.1935244686109738 17.500000000000004 1.9445113788487285 2 3 64.500000000000014
decision_type=2 1 2 1 2 2 2 2 1 1 2
left_child=1 6 -2 4 -4 -5 7 -1 9 -3 -10
right_child=2 8 3 5 -6 -7 -8 -9 10 -11 -12
leaf_value=0.015297064419109142 0.039528184078855493 -0.03460914081616278 -0.033071607946539475 0.029442943720326045 -0.00080945056589106315 0.0034540727482719998 0.025848218232076583 -0.022019159343002498 -0.019724681598872432 0.013004045540758402 -0.043600043845557178
leaf_weight=13.448196284472948 5.6435298584401599 6.9354042783379555 7.5699785053730002 11.755636651068924 127.33231152966619 117.32600165903568 8.6280971989035589 7.0495658069849005 11.10154538229108 7.9572591967880726 6.303886789828538
leaf_count=88 41 54 70 80 869 777 58 50 86 53 51
internal_value=0.000774396 -0.00590734 0.00231673 0.00148761 -0.00268002 0.00588058 0.00702154 0.00217597 -0.0151863 -0.00891852 -0.0288571
internal_weight=331.051 61.424 269.627 263.984 134.902 129.082 29.1259 20.4978 32.2981 14.8927 17.4054
internal_count=2277 440 1837 1796 939 857 196 138 244 107 137
cat_boundaries=0 1 2 3 4
cat_threshold=5 2 2 1
is_linear=0
shrinkage=0.05


Tree=256
num_leaves=14
num_cat=0
split_feature=3 2 2 0 1 2 0 3 3 1 0 0 6
split_gain=1.69765 1.93175 4.82706 2.58717 5.13277 2.17929 1.74297 4.39778 2.83558 3.57438 2.44455 1.31489 1.17063
threshold=15.500000000000002 1.4296308503625579 1.1729595547544511 2.8270208604954372 97.500000000000014 0.43473354688410015 1.6202406609195406 18.500000000000004 20.500000000000004 30.500000000000004 2.1293576275913364 1.1480551288970073 1.8799293286219916
decision_type=2 2 2 2 2 2 2 2 2 2 2 2 2
left_child=1 2 5 4 -3 -1 7 12 10 -10 -8 -9 -2
right_child=6 3 -4 -5 -6 -7 8 11 9 -11 -12 -13 -14
leaf_value=0.013161290787538034 0.0050704363607687319 -0.0045270461158899442 0.036190206111822623 -0.028686267498877305 0.03967602827025557 -0.0086595559782670743 0.00099069149084991771 -0.010364427748526108 0.031145972247652649 -0.00054339163607463497 -0.016057522831020254 -0.039607698726729423 -0.01420093015210974
leaf_weight=20.46559040620923 21.081103097647429 68.168124239891768 12.315394714474676 8.8712067194282991 7.1647873148322097 25.588621504604816 38.406559526920319 6.0212029237300184 11.576626431196926 36.161875566467643 44.986400365829468 14.613941520452498 12.31677984446287
leaf_count=120 151 469 69 69 39 166 250 52 79 255 340 122 98
internal_value=-0.00257031 0.0015025 0.00850926 -0.00329955 -0.000209657 0.000936375 -0.00573241 -0.0133035 -0.00256686 0.00708583 -0.00815431 -0.031407 -0.00190855
internal_weight=327.738 142.574 58.3696 84.2041 75.3329 46.0542 185.164 54.033 131.131 47.7385 83.393 20.6351 33.3979
internal_count=2279 932 355 577 508 286 1347 423 924 334 590 174 249
is_linear=0
shrinkage=0.05


Tree=257
num_leaves=8
num_cat=0
split_feature=1 0 1 0 3 0 0
split_gain=1.09313 2.81855 1.64808 1.74111 1.43323 1.03093 0.563535
threshold=101.50000000000001 1.8495283018867927 96.500000000000014 3.6981143503189862 12.500000000000002 2.2141080312722106 1.5004409171075841
decision_type=2 2 2 2 2 2 2
left_child=2 6 3 4 -1 -3 -2
right_child=1 5 -4 -5 -6 -7 -8
leaf_value=-0.0054089797641720932 0.0029209598014805411 0.039960049163236394 -0.020561709853648132 -0.025070621362609527 0.0032108964157657851 0.012196549663748989 -0.01719189623643734
leaf_weight=60.96513407677412 7.0735028237104434 6.7550213038921347 9.2467616833746415 6.2603036556392899 225.1632101405412 8.1765960827469808 6.1407241746783257
leaf_count=397 46 40 64 64 1583 55 38
internal_value=0.000984873 0.0103922 8.73434e-05 0.000764269 0.00135555 0.0252716 -0.00610898
internal_weight=329.781 28.1458 301.635 292.389 286.128 14.9316 13.2142
internal_count=2287 179 2108 2044 1980 95 84
is_linear=0
shrinkage=0.05


Tree=258
num_leaves=11
num_cat=0
split_feature=6 6 6 6 3 6 3 3 0 1
split_gain=1.31723 1.66127 2.21135 2.55087 1.66021 1.8044 1.71591 1.48102 1.50232 1.40145
threshold=2.5382088987403155 2.7724344639817118 2.9097693351424572 3.2274804658707485 9.5000000000000018 1.8308010330874447 6.5000000000000009 12.500000000000002 1.9445113788487285 42.500000000000007
decision_type=2 2 2 2 2 2 2 2 2 2
left_child=4 -2 -3 -4 5 6 -1 8 -6 -9
right_child=1 2 3 -5 7 -7 -8 9 -10 -11
leaf_value=-0.0013153908490915966 -0.023873930445948693 0.027041209032611885 -0.025461948012897629 -0.00046703293307288007 0 0.036345439653102128 0.026323863379450575 -0.0028975602009631875 -0.031110109144390274 0.0059112433449325513
leaf_weight=18.122079588472847 9.5874925181269628 5.9810802601277819 11.908789481967686 71.118708867579699 9.0676549412310106 6.673724263906478 7.840077616274356 75.949512114748359 6.8207137882709494 109.31057299301028
leaf_count=120 78 43 90 473 61 37 45 573 54 727
internal_value=0.000661306 -0.00416296 -0.00195928 -0.00413857 0.00271818 0.0131733 0.00690827 0.000991313 -0.0135658 0.00227338
internal_weight=332.38 98.5961 89.0086 83.0275 233.784 32.6359 25.9622 201.148 15.8884 185.26
internal_count=2301 684 606 563 1617 202 165 1415 115 1300
is_linear=0
shrinkage=0.05


Tree=259
num_leaves=9
num_cat=1
split_feature=1 1 6 7 3 0 3 0
split_gain=1.72286 1.64835 4.56769 1.76538 1.58491 4.79889 1.48033 1.09659
threshold=112.50000000000001 91.000000000000014 1.5700450259111924 0 13.500000000000002 2.9647793726741098 15.500000000000002 3.0921355808877036
decision_type=2 2 2 1 2 2 2 2
left_child=1 4 3 -3 5 -1 -4 -6
right_child=-2 2 6 -5 7 -7 -8 -9
leaf_value=-0.0090535832785307874 0.025649354465906118 -0.0047333990021590968 -0.0084743996868633844 0.02505082652111941 0.0048302777189137783 0.035080694228181483 -0.035159692674705298 -0.0088387526042390408
leaf_weight=64.627246469259262 6.7038336768746367 10.657953359186649 9.6420480906963366 8.8506045788526535 195.15821480564773 6.6781327277421942 13.155941203236578 15.535922043025492
leaf_count=426 39 67 62 62 1365 48 98 120
internal_value=0.000742644 0.000204629 -0.00896877 0.0085829 0.00160127 -0.00480681 -0.0241782 0.00379493
internal_weight=331.01 324.306 42.3065 19.5086 282 71.3054 22.798 210.694
internal_count=2287 2248 289 129 1959 474 160 1485
cat_boundaries=0 1
cat_threshold=2
is_linear=0
shrinkage=0.05


Tree=260
num_leaves=9
num_cat=4
split_feature=6 6 8 11 11 6 8 6
split_gain=1.27099 1.10178 2.68929 4.15066 1.9934 1.87198 2.60198 1.90248
threshold=6.6826388888890493 0.89543561263446148 0 1 2 0.73518437225641275 3 0.67182241317577673
decision_type=2 2 1 1 1 2 1 2
left_child=1 5 4 -4 -3 7 -7 -1
right_child=-2 2 3 -5 -6 6 -8 -9
leaf_value=-0.0023044869170143747 -0.018027712021321505 0.0046283611132557374 -0.0055740338559334525 0.019682881765366991 -0.0060745405049613156 -0.0006309727615925317 -0.043729322488386263 0.023335999957846756
leaf_weight=79.884146705269814 8.4326271861791593 91.231676887720823 23.253746889531612 38.313633363693953 66.127582158893347 8.5144244953989983 6.154887713491914 7.8538850136101237
leaf_count=581 44 635 152 244 451 60 49 54
internal_value=0.000974531 0.00149421 0.00350623 0.0123567 6.04637e-06 -0.00275754 -0.0192262 0
internal_weight=329.767 321.334 218.927 61.5674 157.359 102.407 14.6693 87.738
internal_count=2270 2226 1482 396 1086 744 109 635
cat_boundaries=0 1 2 3 4
cat_threshold=2 10 11 2
is_linear=0
shrinkage=0.05


Tree=261
num_leaves=9
num_cat=2
split_feature=1 1 9 1 3 9 2 0
split_gain=1.14943 1.43299 5.87868 4.20526 3.1371 2.55799 1.73774 1.43995
threshold=112.50000000000001 74.500000000000014 0 69.500000000000014 18.500000000000004 1 0.092856275426558915 2.0352318040842632
decision_type=2 2 1 2 2 1 2 2
left_child=1 3 7 6 -4 -5 -1 -3
right_child=-2 2 4 5 -6 -7 -8 -9
leaf_value=0.021231612852672402 0.020145119278038397 0.0060030264885459969 -0.019897527158244582 0.040479514654409153 0.0054060370049486941 0.002358577972554747 -0.00042492004144449602 0.033851067912944711
leaf_weight=9.571499824523924 7.5427490286529055 11.466784462332727 44.527924157679081 11.034402672201395 16.448816906660795 7.7800958827137956 213.33724539540708 8.449533846229313
leaf_count=53 43 71 303 63 114 46 1523 54
internal_value=0.0009636 0.00049354 -0.00524335 0.00243545 -0.0129922 0.0250761 0.000491675 0.0181775
internal_weight=330.159 322.616 80.8931 241.723 60.9767 18.8145 222.909 19.9163
internal_count=2270 2227 542 1685 417 109 1576 125
cat_boundaries=0 1 2
cat_threshold=2 4
is_linear=0
shrinkage=0.05


Tree=262
num_leaves=13
num_cat=3
split_feature=2 2 11 2 3 2 1 0 11 8 0 3
split_gain=2.026 1.93945 1.46687 2.2099 2.11067 1.38269 3.2006 6.57274 3.10306 3.06558 2.49354 1.90166
threshold=1.1729595547544511 1.2388478521956638 0 1.6210660142007294 33.500000000000007 0.49209588597343706 62.500000000000007 2.5183833468505004 1 2 2.4572948328267485 16.500000000000004
decision_type=2 2 1 2 2 2 2 2 1 1 2 2
left_child=5 -2 3 -3 -4 9 8 -8 -7 10 -1 -11
right_child=1 2 4 -5 -6 6 7 -9 -10 11 -12 -13
leaf_value=-0.00042080949058562515 0.03137756007438542 0.016108328328391791 0.0047983333849090249 -0.014431201641119194 -0.025216919500079898 0.011814590856957397 -0.039956215687573057 0.020593144275198094 -0.011775467992003137 0.026777388638377121 -0.030748817581609963 -0.0018793092400512627
leaf_weight=21.936969619244341 5.5232253223657599 7.1842172741889945 162.9166874922812 29.400557532906532 5.9325984343886367 15.450105793774128 18.256826926022772 5.7398615553975096 20.761446963995695 12.61948597431183 9.939267121255396 10.042026944458483
leaf_count=132 34 47 1119 238 51 98 121 41 159 71 81 63
internal_value=-0.00053115 0.00236019 0.00154083 -0.00649873 0.00349308 -0.00588777 -0.0111055 -0.0252403 -0.00155719 -2.62519e-05 -0.0101003 0.0139066
internal_weight=325.703 210.957 205.434 36.5848 168.849 114.746 60.2082 23.9967 36.2116 54.5377 31.8762 22.6615
internal_count=2255 1489 1455 285 1170 766 419 162 257 347 213 134
cat_boundaries=0 1 2 3
cat_threshold=1 12 2
is_linear=0
shrinkage=0.05


Tree=263
num_leaves=11
num_cat=0
split_feature=1 1 2 2 6 2 5 6 3 1
split_gain=1.32477 4.14176 3.01452 2.65348 2.44784 3.62593 1.67485 1.47823 1.35282 1.80624
threshold=63.500000000000007 61.500000000000007 3.6812232270347462 0.092856275426558915 2.7724344639817118 2.1323471400394483 1.0000000180025095e-35 2.1395028029702012 15.500000000000002 83.000000000000014
decision_type=2 2 2 2 2 2 2 2 2 2
left_child=1 3 4 -1 6 -6 -2 -5 -4 -10
right_child=2 -3 8 7 5 -7 -8 -9 9 -11
leaf_value=0.030111724597267988 0.0016748363066138373 0.032071104502569225 0.019388504006218141 0.0011994723263786535 0.0092495476031106867 -0.031225380770543393 -0.019667312085576337 -0.0083466740303985119 -0.019358397811482207 0.011567281041437184
leaf_weight=6.5900817215442649 10.6378271356225 10.005526080727575 13.585989348590372 121.86730166710913 26.457988776266575 6.8823601379990569 51.824922621250153 60.184720080345869 7.921520002186301 11.311323165893553
leaf_count=34 64 61 77 878 161 54 378 430 52 77
internal_value=-0.00166444 0.000873795 -0.00562105 -0.000770526 -0.0101208 0.000676504 -0.0159558 -0.0019318 0.00735339 -0.000945841
internal_weight=327.27 198.648 128.622 188.642 95.8031 33.3403 62.4627 182.052 32.8188 19.2328
internal_count=2266 1403 863 1342 657 215 442 1308 206 129
is_linear=0
shrinkage=0.05


Tree=264
num_leaves=12
num_cat=3
split_feature=6 8 6 1 11 6 1 6 7 2 1
split_gain=1.32426 4.69206 2.99638 3.10235 2.49157 2.6984 1.90745 1.38829 1.22143 2.71142 2.10308
threshold=0.53472296645588746 0 0.15363233665561662 53.500000000000007 1 0.42120047309285252 59.500000000000007 0.6440234271008255 2 3.7248198198198201 101.50000000000001
decision_type=2 1 2 2 1 2 2 2 1 2 2
left_child=1 2 -1 -4 6 -6 -3 -2 10 -10 -9
right_child=7 4 3 -5 5 -7 -8 8 9 -11 -12
leaf_value=-0.0013210321745697161 -0.01994931106363004 0 0.058876317103298027 0.012384374006914627 -0.027379985567521522 0.013425693676329271 0.032194672602071574 -0.0061742497386237201 0.0048100268231321 -0.028337114455255399 0.014602052961951387
leaf_weight=6.8617471940815475 9.4668235406279546 12.137066910043361 8.100265331566332 7.0741169378161421 16.483364671468738 5.110033154487609 7.5170848332345477 114.43751244060695 116.55518832802773 6.3839550837874404 13.419479370117186
leaf_count=50 76 90 51 48 136 40 47 805 771 56 83
internal_value=0.000320163 0.00681349 0.0254088 0.0377526 -0.00303736 -0.0119616 0.00835233 -0.00124152 -0.000507752 0.0030265 -0.00394485
internal_weight=323.547 63.2837 22.0361 15.1744 41.2475 21.5934 19.6542 260.263 250.796 122.939 127.857
internal_count=2253 462 149 99 313 176 137 1791 1715 827 888
cat_boundaries=0 1 2 3
cat_threshold=2 5 2
is_linear=0
shrinkage=0.05


Tree=265
num_leaves=9
num_cat=1
split_feature=2 1 0 11 1 2 0 2
split_gain=2.80159 4.05766 1.75774 1.78303 2.64957 2.39203 1.65452 1.794
threshold=0.12897764628533859 55.500000000000007 2.9020633536762577 0 89.000000000000014 7.1973328688112117 3.6981143503189862 1.1261363636363639
decision_type=2 2 2 1 2 2 2 2
left_child=1 -1 3 5 -5 -2 7 -4
right_child=2 -3 6 4 -6 -7 -8 -9
leaf_value=-0.00052632270256978877 0.0036423483844152012 -0.04906202471606641 -0.001294748617957303 -0.0033802799771865248 -0.025448126154955897 -0.0176026717748787 -0.010164532793980476 0.025585464588465969
leaf_weight=10.940798405557873 154.35433844104409 7.2392659187316886 8.9877592697739619 83.994844416156411 16.346209861338139 14.345309713855384 7.198772467672824 17.707942269742489
leaf_count=61 1026 52 60 620 117 99 68 130
internal_value=-0.00127861 -0.0202893 -0.000114902 -0.00148431 -0.00640875 0.00169631 0.0105802 0.0163779
internal_weight=321.115 18.1801 302.935 269.041 100.341 168.7 33.8945 26.6957
internal_count=2233 113 2120 1862 737 1125 258 190
cat_boundaries=0 1
cat_threshold=28
is_linear=0
shrinkage=0.05


Tree=266
num_leaves=9
num_cat=1
split_feature=2 3 1 2 2 1 9 6
split_gain=0.918924 1.77755 1.79977 1.70467 1.54714 1.38591 1.28333 0.506243
threshold=0.34543689320388354 7.5000000000000009 46.500000000000007 0.43473354688410015 0.15675837476248733 9.0000000000000018 0 1.3059697041982721
decision_type=2 2 2 2 2 2 1 2
left_child=1 -1 7 -2 -4 -5 -7 -3
right_child=3 2 4 5 -6 6 -8 -9
leaf_value=0.017452739865311699 0.022607677141210786 0.011567264686502331 -0.038852760535279474 0.023575370093516873 -0.0065884759414893482 -0.0055970291776917917 0.0026853315148892953 -0.0072600298944448423
leaf_weight=6.2692061290144911 9.8134404532611352 6.5887093842029589 7.7857820317149145 6.8277408480644217 7.953013401478529 59.333496168255806 216.59254071116447 7.374368853867054
leaf_count=37 60 37 57 38 56 452 1502 49
internal_value=0.00125216 -0.00624255 -0.0114535 0.00219254 -0.0230094 0.00145858 0.000884845 0.00128748
internal_weight=328.538 35.9711 29.7019 292.567 15.7388 282.754 275.926 13.9631
internal_count=2288 236 199 2052 113 1992 1954 86
cat_boundaries=0 1
cat_threshold=1
is_linear=0
shrinkage=0.05


Tree=267
num_leaves=13
num_cat=0
split_feature=2 1 6 6 2 6 2 3 2 1 2 2
split_gain=1.9635 1.73797 2.89051 2.43872 3.71583 3.67948 1.20057 2.36098 1.70939 1.09474 3.17604 2.82188
threshold=3.0258779264214053 85.500000000000014 1.5700450259111924 0.58730958781352538 3.3056275187104212 0.38760974475274057 1.4518849206349207 7.5000000000000009 1.5523437500000001 51.500000000000007 1.2388478521956638 0.2776175797951676
decision_type=2 2 2 2 2 2 2 2 2 2 2 2
left_child=6 3 -3 5 -5 -2 9 -8 -9 10 -1 -11
right_child=1 2 -4 4 -6 -7 7 8 -10 11 -12 -13
leaf_value=-0.00081805921287330437 0.0061563619878299194 0.010403740086122749 -0.026560978347913086 0.044532971850670539 0.0081928358639764935 -0.040951349846550904 0.014458369778817813 -0.034573099804499234 -0.0087139765657786427 -0.015359930135758782 -0.032396499800595877 0.0084113005876529975
leaf_weight=57.216185003519058 14.687032746151091 10.3456282094121 10.392904467880724 8.1152185313403589 54.765792414546013 5.6044022366404525 9.7941659092903119 7.2219856679439536 64.858079694211483 15.54555608332157 9.222232058644293 60.262026701122522
leaf_count=389 106 58 72 54 404 49 63 50 478 108 58 383
internal_value=-0.000776711 0.00488177 -0.00791938 0.00813938 0.0130254 -0.00674639 -0.00342351 -0.00824812 -0.0114185 -0.000607584 -0.00531867 0.00345695
internal_weight=328.031 103.911 20.7385 83.1724 62.881 20.2914 224.12 81.8742 72.0801 142.246 66.4384 75.8076
internal_count=2272 743 130 613 458 155 1529 591 528 938 447 491
is_linear=0
shrinkage=0.05


Tree=268
num_leaves=12
num_cat=0
split_feature=0 2 1 0 0 6 6 1 0 0 0
split_gain=1.35834 3.24791 3.49657 4.32642 2.88586 1.43768 4.75079 1.81907 1.04165 2.14459 0.641263
threshold=2.2030788457168828 4.1532217782217797 96.500000000000014 2.4572948328267485 2.1467001434720236 2.7724344639817118 1.8308010330874447 91.000000000000014 2.4572948328267485 2.9193076871968642 2.8108021732182809
decision_type=2 2 2 2 2 2 2 2 2 2 2
left_child=4 2 3 -2 5 6 -1 -7 -3 -10 -4
right_child=1 8 10 -5 -6 7 -8 -9 9 -11 -12
leaf_value=-0.001115968042583824 0.029485073064785344 -0.03157192638943148 -0.032112707559116438 0.0028471764985751251 -0.032742257701854245 0.0087349472594924257 -0.022694125127825957 -0.017662983052639056 0.011617530198887067 -0.028172810964342061 -0.0061999139320479948
leaf_weight=127.43149694614112 21.643557973206043 6.7512794993817833 5.2854835689067823 52.791587255895138 8.5670955069363099 39.887137345969677 31.979460813105106 7.6124261766672126 7.0112003572285158 6.2177936881780624 5.4378132373094559
leaf_count=852 136 54 39 394 64 266 234 51 57 51 42
internal_value=-0.00213059 0.00249663 0.00679611 0.0106889 -0.00441166 -0.00319923 -0.00548763 0.00437107 -0.0155219 -0.00678036 -0.0196129
internal_weight=320.616 105.139 85.1584 74.4351 215.478 206.911 159.411 47.4996 19.9803 13.229 10.7233
internal_count=2240 773 611 530 1467 1403 1086 317 162 108 81
is_linear=0
shrinkage=0.05


Tree=269
num_leaves=6
num_cat=0
split_feature=4 6 6 6 1
split_gain=1.45535 0.966973 1.27016 2.20668 1.87783
threshold=2.5000000000000004 6.2081524233117777 1.5375866073927373 1.8308010330874447 93.500000000000014
decision_type=2 2 2 2 2
left_child=1 2 4 -4 -1
right_child=-2 -3 3 -5 -6
leaf_value=-0.0010554816098532682 0.02328684885604099 0.01313924249656712 -0.021155368127068312 -0.0031196770359335339 0.016216040526529942
leaf_weight=139.60384628362954 5.8113829754292956 10.399015642702578 19.709135342389345 127.12085484713316 17.598629057407379
leaf_count=979 35 54 136 914 111
internal_value=-0.00123556 -0.00171195 -0.00224051 -0.00558741 0.000855338
internal_weight=320.243 314.431 304.032 146.83 157.202
internal_count=2229 2194 2140 1050 1090
is_linear=0
shrinkage=0.05


Tree=270
num_leaves=7
num_cat=0
split_feature=2 3 6 2 6 1
split_gain=1.56762 1.67325 1.51481 2.09178 1.647 0.584554
threshold=10.112712606898652 34.500000000000007 2.1886217948717435 8.3305749805749816 2.3252906976742147 61.500000000000007
decision_type=2 2 2 2 2 2
left_child=1 2 3 -1 -4 -3
right_child=-2 5 4 -5 -6 -7
leaf_value=-0.00013322825986598292 0.021867106825511757 -0.030135239376018343 0.028226512618390681 -0.028453671585524712 0.0044154766472594212 -0.0048267626767431312
leaf_weight=185.73112031072378 9.0215985476970655 5.4645777083933336 7.8538813889026633 6.6726766340434542 101.76542385667562 4.8668194524943829
leaf_count=1273 76 54 52 45 703 34
internal_value=0.00141419 0.000800647 0.00149551 -0.00115564 0.00619121 -0.018853
internal_weight=321.376 312.354 302.023 192.404 109.619 10.3314
internal_count=2237 2161 2073 1318 755 88
is_linear=0
shrinkage=0.05


Tree=271
num_leaves=8
num_cat=0
split_feature=6 6 6 2 6 6 6
split_gain=2.53942 1.26856 2.42591 2.27292 1.52965 1.46586 3.0061
threshold=0.070882101056099669 0.27004464285713786 0.41138678808451606 1.3966462492437997 1.3059697041982721 0.22408700322241967 0.11000126538228762
decision_type=2 2 2 2 2 2 2
left_child=-1 5 3 -3 -4 6 -2
right_child=1 2 4 -5 -6 -7 -8
leaf_value=-0.025179412995760622 0.032222198287858765 -0.042960812959442693 0.0058896337306096405 -0.0049082635276331216 -0.0020483749164726009 0.032232533623809241 -0.011765162134815169
leaf_weight=10.011944998055695 5.8725558742880883 6.126905012875798 90.059853840619326 11.678015753626822 184.76147223450243 6.201464779675006 10.861681692302225
leaf_count=69 40 49 610 78 1281 36 86
internal_value=-0.000509704 0.000264889 -0.000608007 -0.0184487 0.000535946 0.0115731 0.00347405
internal_weight=325.574 315.562 292.626 17.8049 274.821 22.9357 16.7342
internal_count=2249 2180 2018 127 1891 162 126
is_linear=0
shrinkage=0.05


Tree=272
num_leaves=6
num_cat=0
split_feature=0 0 1 0 1
split_gain=0.859198 1.52383 1.33993 0.981945 1.00264
threshold=3.518852247657795 3.2981463649494462 63.500000000000007 3.1306372549019614 101.50000000000001
decision_type=2 2 2 2 2
left_child=1 3 -2 4 -1
right_child=2 -3 -4 -5 -6
leaf_value=0.00049835198612999739 0.03250840431607905 -0.022996318999339377 -0.00072266636008734174 0.020576531460078679 0.010980136155103187
leaf_weight=276.13980315998197 5.6137324627488834 6.1850208416581145 5.8528823256492615 6.7693394571542731 24.919679459184408
leaf_count=1915 49 45 48 44 158
internal_value=0.00182948 0.00131863 0.0152545 0.00183072 0.00138592
internal_weight=325.48 314.014 11.4666 307.829 301.059
internal_count=2259 2162 97 2117 2073
is_linear=0
shrinkage=0.05


Tree=273
num_leaves=12
num_cat=1
split_feature=1 9 1 2 2 2 6 4 6 1 6
split_gain=1.24095 4.18925 5.83769 5.31446 3.33867 3.97667 3.17914 2.09456 5.4264 3.45536 1.6146
threshold=74.500000000000014 0 58.500000000000007 3.2735204919406189 2.7809201043979592 1.0028011204481795 5.6362732095491177 1.0000000180025095e-35 0.42988539772494866 92.500000000000014 1.2353418872826487
decision_type=2 1 2 2 2 2 2 2 2 2 2
left_child=1 4 6 -4 5 -1 -3 8 -2 -9 -10
right_child=7 2 3 -5 -6 -7 -8 9 10 -11 -12
leaf_value=-0.03042410362967915 0.037601202956252688 0.0025163826166876326 0.011343899785028257 0.05160719195073208 -0.03759423800046191 0.015825762137176593 -0.033914110671384827 -0.044573369654293836 -0.019105720184555194 0.0029737761341641512 -0.00069954024890427351
leaf_weight=7.518727242946631 8.1965790651738626 159.36032639630139 33.361308436840773 11.038164630532263 10.20708369836211 11.753936462104319 6.1130670979619017 7.5375200286507589 15.9533619210124 7.2569280937314034 48.693791300058365
leaf_count=53 53 1149 215 70 78 81 34 50 104 49 335
internal_value=0.00110314 0.00297872 0.00547663 0.0215596 -0.0145938 -0.00202323 0.00112067 -0.00395991 -0.000395961 -0.0210516 -0.00534146
internal_weight=326.991 239.353 209.873 44.3995 29.4797 19.2727 165.473 87.6382 72.8437 14.7944 64.6472
internal_count=2271 1680 1468 285 212 134 1183 591 492 99 439
cat_boundaries=0 1
cat_threshold=2
is_linear=0
shrinkage=0.05


Tree=274
num_leaves=7
num_cat=1
split_feature=3 6 0 11 6 3
split_gain=1.64682 1.45761 1.56956 1.94393 1.32682 0.591993
threshold=33.500000000000007 6.2081524233117777 3.518852247657795 0 1.4579905992949771 16.500000000000004
decision_type=2 2 2 1 2 2
left_child=1 2 3 -1 -2 -4
right_child=4 -3 5 -5 -6 -7
leaf_value=-0.0072620379788903375 0.00090315871549905219 0.020373436614834289 0.030974598145736245 0.0023956707680862976 -0.031531920170350385 0.0060550372752999201
leaf_weight=55.697125393897295 5.2869090531021339 10.083581425249575 5.6692306548356992 240.05822877399623 6.7631246093660593 5.176620826125145
leaf_count=403 45 52 44 1637 61 46
internal_value=0.00102805 0.00173493 0.0010992 0.000393691 -0.0169993 0.0197015
internal_weight=328.735 316.685 306.601 295.755 12.05 10.8459
internal_count=2288 2182 2130 2040 106 90
cat_boundaries=0 1
cat_threshold=2
is_linear=0
shrinkage=0.05


Tree=275
num_leaves=12
num_cat=1
split_feature=5 6 6 6 9 6 2 6 6 4 6
split_gain=0.964485 2.49314 1.73128 4.22887 1.64732 1.95492 1.3697 1.04349 2.81768 1.64514 1.03238
threshold=1.0000000180025095e-35 0.42988539772494866 2.5116799806343875 1.7519997269997083 0 0.39825184697194399 0.98461174242424254 0.53472296645588746 0.67182241317577673 1.0000000180025095e-35 2.1660671462828511
decision_type=2 2 2 2 1 2 2 2 2 2 2
left_child=1 -1 3 -3 5 -2 -4 9 -9 -6 -7
right_child=4 2 6 -5 7 10 -8 8 -10 -11 -12
leaf_value=-0.027804910091260401 -0.0076039028099424526 -0.0028162022634732318 0.0019157124594081914 0.0417987407717497 0.017950533108604096 0.01228762115870346 -0.02840591652130732 -0.031704436924539406 0 -0.0021137213317292945 0.035560624672973787
leaf_weight=9.8856163639575225 10.385809313505886 25.880802523344755 6.3571714200079423 6.5301629230380049 19.619224525988102 26.887825604528189 7.9709809273481369 7.2023329325020304 178.04244325868785 20.355173517018557 6.2304010689258567
leaf_count=73 74 170 40 40 130 177 52 61 1254 156 40
internal_value=0.000777296 -0.00512259 -0.000169266 0.00611994 0.00204055 0.0109393 -0.0146861 0.000295361 -0.0012635 0.00762916 0.0169103
internal_weight=325.348 56.6247 46.7391 32.411 268.723 43.504 14.3282 225.219 185.245 39.9744 33.1182
internal_count=2267 375 302 210 1892 291 92 1601 1315 286 217
cat_boundaries=0 1
cat_threshold=2
is_linear=0
shrinkage=0.05


Tree=276
num_leaves=10
num_cat=0
split_feature=3 0 0 2 2 3 0 0 3
split_gain=1.52432 1.53603 2.46939 2.14483 1.53679 1.45694 0.94684 4.80322 2.19513
threshold=30.500000000000004 1.7256730273336773 1.5045400238948627 0.65613918439716323 3.4644135747677383 23.500000000000004 2.0352318040842632 2.1693766937669383 19.500000000000004
decision_type=2 2 2 2 2 2 2 2 2
left_child=5 2 -2 -3 -5 6 8 -8 -1
right_child=1 3 -4 4 -6 -7 7 -9 -10
leaf_value=-0.0021291970676821145 -0.017777712406124496 -0.041950208950398714 0.033738752458889937 0.00013441705510471979 -0.03176132928142951 0.018615769012259791 0.022798595558799598 -0.0031866510828738948 -0.020365897056530347
leaf_weight=150.31156108155847 5.0823427531868202 7.1485520899295834 4.0628495942801237 12.483192484825851 5.1311839073896399 8.9028894826769811 21.779520396143198 94.199138417840004 18.598777636885643
leaf_count=984 52 57 33 95 46 57 135 679 134
internal_value=-0.00231962 -0.0123564 0.00468559 -0.0188448 -0.00900161 -0.0011404 -0.00178165 0.00166546 -0.00417769
internal_weight=327.7 33.9081 9.14519 24.7629 17.6144 293.792 284.889 115.979 168.91
internal_count=2272 283 85 198 141 1989 1932 814 1118
is_linear=0
shrinkage=0.05


Tree=277
num_leaves=6
num_cat=0
split_feature=6 2 6 1 2
split_gain=1.21633 1.13092 1.28017 2.43062 1.64428
threshold=6.6826388888890493 0.092856275426558915 4.9774381095273332 71.500000000000014 0.12897764628533859
decision_type=2 2 2 2 2
left_child=1 -1 4 -4 -3
right_child=-2 2 3 -5 -6
leaf_value=0.015836108773848889 -0.019227924241914725 -0.031402751966898311 0.028221103324598526 -0.010434177303857603 -0.00051280693458026819
leaf_weight=11.282539952546356 8.0290050804615003 4.2848680019378653 10.318269871175291 6.3651218190789214 285.34712121449411
leaf_count=64 44 30 65 43 2007
internal_value=-0.000118406 0.000354852 -0.000204035 0.013201 -0.000997737
internal_weight=325.627 317.598 306.315 16.6834 289.632
internal_count=2253 2209 2145 108 2037
is_linear=0
shrinkage=0.05


Tree=278
num_leaves=10
num_cat=1
split_feature=0 3 1 0 0 11 0 6 0
split_gain=1.32895 1.69036 1.19411 2.68721 4.63413 2.14974 4.30811 2.5996 1.74427
threshold=3.518852247657795 16.500000000000004 58.500000000000007 1.6455406911928656 1.3754194630872483 0 2.7763743631000275 0.42988539772494866 1.8807416772018546
decision_type=2 2 2 2 2 1 2 2 2
left_child=2 -2 5 4 -4 7 -7 -1 -5
right_child=1 -3 3 8 -6 6 -8 -9 -10
leaf_value=-0.017191371122704045 0.037600357709207166 -0.00040635825367754154 0.0086116251807101789 0.02006933897316435 -0.024454124830187482 -0.0043714023706122335 -0.039717099396256533 0.008410096989186858 0.004173738909798717
leaf_weight=11.651190664619206 5.3078642077743989 5.8152284827083349 22.095713157206774 23.271706834435463 19.958106610924006 95.039242826402187 9.459445506334303 60.917712900787592 71.26847517862916
leaf_count=85 42 52 149 137 132 687 78 414 474
internal_value=0.000551212 0.0174581 -3.77795e-05 0.00345711 -0.00698305 -0.00276247 -0.00698582 0.00370328 0.00815645
internal_weight=324.785 11.1231 313.662 136.594 42.0538 177.068 104.499 72.5689 94.5402
internal_count=2250 94 2156 892 281 1264 765 499 611
cat_boundaries=0 1
cat_threshold=10
is_linear=0
shrinkage=0.05


Tree=279
num_leaves=7
num_cat=0
split_feature=0 0 2 6 0 1
split_gain=1.35589 1.26478 1.48932 2.40314 1.93203 0.49025
threshold=3.6981143503189862 3.2128704972500146 3.0258779264214053 2.7528591177577879 2.4572948328267485 55.500000000000007
decision_type=2 2 2 2 2 2
left_child=1 2 4 -4 -1 -3
right_child=-2 5 3 -5 -6 -7
leaf_value=0.00085440048999318714 -0.019592194363427358 0.026742670421533828 0.010459270305667841 -0.0087728224276084048 -0.011215144961344977 0.0064851127106351205
leaf_weight=173.62085324898362 7.6542784422636023 6.3442742303013784 72.406314374879003 20.573096189647913 40.730080991983414 7.297111488878727
leaf_count=1153 71 43 502 160 298 47
internal_value=0.00102182 0.00153493 0.000853896 0.00614531 -0.00141985 0.0163963
internal_weight=328.626 320.972 307.33 92.9794 214.351 13.6414
internal_count=2274 2203 2113 662 1451 90
is_linear=0
shrinkage=0.05


Tree=280
num_leaves=15
num_cat=1
split_feature=0 6 2 2 7 6 2 2 0 1 1 6 2 2
split_gain=1.13334 2.05062 3.01846 3.99476 3.4503 1.99091 2.07636 1.51695 1.35735 2.32682 4.14594 1.48856 2.35243 2.18868
threshold=1.9345630215195435 1.8308010330874447 1.1729595547544511 2.5461647727272729 0 1.4075189647476833 1.6365997979506426 6.9383955441764371 1.7509259259259262 27.500000000000004 57.500000000000007 2.9759653554672969 0.77391578089700397 2.5461647727272729
decision_type=2 2 2 2 1 2 2 2 2 2 2 2 2 2
left_child=8 5 4 -4 -3 7 -7 -2 11 -10 -11 13 -13 -1
right_child=1 2 3 -5 -6 6 -8 -9 9 10 -12 12 -14 -15
leaf_value=-0.0085749087959888365 -0.0078034794979155789 -0.038645705159955926 0.02634150132007711 -0.0032543653431770531 0.00030113016766507045 -0.0073875487264153375 -0.042568784405801349 0.014638560454269593 0.033252228046722961 -0.020418799592324302 0.017139443309291506 0.033373662455865837 0.00083892626896789845 0.0060762143439692905
leaf_weight=63.307803500443697 53.839803256094456 7.6196501664817333 21.320572197437286 23.783900856971741 20.647623304277662 9.6469832845032233 8.0189131386578065 8.5323608331382257 8.7342968732118589 11.090675834566353 21.063036307692528 7.83379087597132 19.684014346450567 42.187275508418679
leaf_count=446 391 54 139 186 138 64 59 56 50 73 125 43 145 300
internal_value=-0.000260046 -0.0034052 0.0025784 0.0106521 -0.0101202 -0.0089492 -0.0237882 -0.00463491 0.00248614 0.0104417 0.00400644 0 0.0103693 -0.0026684
internal_weight=327.311 153.41 73.3717 45.1045 28.2673 80.0381 17.6659 62.3722 173.901 40.888 32.1537 133.013 27.5178 105.495
internal_count=2269 1087 517 325 192 570 123 447 1182 248 198 934 188 746
cat_boundaries=0 1
cat_threshold=2
is_linear=0
shrinkage=0.05


Tree=281
num_leaves=7
num_cat=0
split_feature=6 6 6 2 6 1
split_gain=0.918112 1.68371 2.28446 1.74055 1.35448 0.99397
threshold=0.11000126538228762 0.22408700322241967 0.2578411223303041 2.0018450184501848 0.070882101056099669 18.500000000000004
decision_type=2 2 2 2 2 2
left_child=4 3 -3 -2 -1 -4
right_child=1 2 5 -5 -6 -7
leaf_value=0 -0.036366768476528477 0.030851231626008859 0.0078168387441506001 0.00158183860080717 0.030220577047331831 -0.0016420739083149558
leaf_weight=9.634601838886736 6.4963309541344625 5.7727194279432288 30.823079455643892 5.1156872063875198 5.9354456253349772 265.80227461829782
leaf_count=67 52 33 228 43 41 1830
internal_value=-0.000145141 -0.000749313 -1.23301e-05 -0.0193508 0.0116475 -0.000640021
internal_weight=329.58 314.01 302.398 11.612 15.57 296.625
internal_count=2294 2186 2091 95 108 2058
is_linear=0
shrinkage=0.05


Tree=282
num_leaves=12
num_cat=2
split_feature=6 6 0 0 7 1 3 0 11 0 3
split_gain=1.76323 2.33632 1.82762 5.58014 3.30007 1.8051 1.68464 1.45269 1.78147 1.6344 0.465149
threshold=2.5116799806343875 2.7724344639817118 2.3262425161978189 2.7922063903281527 0 103.00000000000001 16.500000000000004 1.3754194630872483 1 3.2128704972500146 15.500000000000002
decision_type=2 2 2 2 1 2 2 2 1 2 2
left_child=5 10 4 -4 -3 7 -7 8 -1 -9 -2
right_child=1 2 3 -5 -6 6 -8 9 -10 -11 -12
leaf_value=0.019079689380335677 -0.015879094885332994 -0.010229046898667197 -0.038261419611837884 0.005355679828943455 0.013483861569662331 0.0016402299325292539 -0.030073044362712787 -0.00053518058287030867 -0.001395656391704578 0.019582528532940673 -0.039246994824538667
leaf_weight=15.856992721557615 5.445878040045498 29.903380591422319 13.01692868769169 16.206584231927991 28.525727100670338 7.7108291611075428 8.3658873289823514 163.46161018311977 23.00950743816793 10.640730023384092 5.49388113245368
leaf_count=99 41 203 95 116 179 42 54 1133 168 87 51
internal_value=-0.000970326 -0.00656653 -0.00376581 -0.0139662 0.00126568 0.00141855 -0.0146373 0.00266035 0.0113955 0.0006762 -0.0283164
internal_weight=327.638 98.5924 87.6526 29.2235 58.4291 229.046 16.0767 212.969 38.8665 174.102 10.9398
internal_count=2268 685 593 211 382 1583 96 1487 267 1220 92
cat_boundaries=0 1 2
cat_threshold=2 12
is_linear=0
shrinkage=0.05


Tree=283
num_leaves=15
num_cat=2
split_feature=2 0 0 0 1 1 2 1 0 0 2 0 8 10
split_gain=2.85829 2.13188 3.92729 3.51607 3.45494 2.81784 1.97458 1.72268 4.83516 4.02126 2.80798 2.62531 2.12823 0.341036
threshold=2.0465025145320364 2.4572948328267485 2.2030788457168828 2.1187193627450984 78.500000000000014 63.500000000000007 1.2658027121609801 41.500000000000007 2.1467001434720236 3.2128704972500146 7.1973328688112117 2.0420610349402923 0 1
decision_type=2 2 2 2 2 2 2 2 2 2 2 2 1 1
left_child=1 2 3 -1 5 -3 -4 10 11 -10 12 -9 -2 -12
right_child=7 4 6 -5 -6 -7 -8 8 9 -11 13 -13 -14 -15
leaf_value=0.0039828096211453863 -0.00057954466830565331 -0.0067591298010248151 0.013669883913116236 -0.03353538613251663 0.019291126882050119 -0.04117068746504509 0.048304637141656157 0.0015219397351123798 -0.028558793076920608 0.018148609777106927 -0.047948564578356279 0.036034770401614818 -0.024211086119062822 -0.025354376537337676
leaf_weight=111.99768269434571 29.238137327134609 27.803099237382412 12.257779471576216 6.4984587803483 9.4488701298832876 7.6865108571946612 6.7099832817912093 53.944895032793283 23.739334020763639 5.5017418675124636 5.2806374952197057 6.09167406708002 14.372344907373188 5.1932594198733568
leaf_count=717 223 196 76 43 67 60 40 363 185 44 52 36 132 42
internal_value=-0.00194955 0.00218132 0.00529256 0.00185657 -0.00721535 -0.0144474 0.0263735 -0.00723805 -0.00289547 -0.0195684 -0.0142955 0.00516106 -0.00851956 -0.0375643
internal_weight=325.764 182.402 137.464 118.496 44.9385 35.4896 18.9678 143.362 89.2776 29.2411 54.0844 60.0366 43.6105 10.4739
internal_count=2276 1199 876 760 323 256 116 1077 628 229 449 399 355 94
cat_boundaries=0 1 2
cat_threshold=2 1
is_linear=0
shrinkage=0.05


Tree=284
num_leaves=5
num_cat=0
split_feature=2 6 6 6
split_gain=2.06097 1.61553 1.39063 2.05403
threshold=0.092856275426558915 0.070882101056099669 6.2081524233117777 4.5838661551577511
decision_type=2 2 2 2
left_child=-1 -2 3 -3
right_child=1 2 -4 -5
leaf_value=0.020344083781769138 -0.02137475013417962 -0.00014781783262105442 0.015841143262304225 -0.018359220032171931
leaf_weight=11.476465258747337 9.4665495604276639 274.90377552807331 12.377107433974741 16.347528710961342
leaf_count=64 67 1942 63 125
internal_value=-0.000350917 -0.00113171 -0.000477277 -0.00119311
internal_weight=324.571 313.095 303.628 291.251
internal_count=2261 2197 2130 2067
is_linear=0
shrinkage=0.05


Tree=285
num_leaves=12
num_cat=1
split_feature=0 0 2 0 1 0 6 6 11 1 0
split_gain=1.06357 2.05127 2.34087 1.33792 1.86758 1.68913 1.12759 3.04456 2.40788 1.10296 0.855147
threshold=2.9442857142857148 2.5945970959647897 2.7339146360885493 3.02913719943423 51.500000000000007 3.2509678762228549 3.039855591359331 2.5967229151380891 0 62.500000000000007 3.3868734665264637
decision_type=2 2 2 2 2 2 2 2 1 2 2
left_child=1 6 9 -2 5 -5 7 -1 -8 -3 -6
right_child=3 2 -4 4 10 -7 8 -9 -10 -11 -12
leaf_value=-0.00068861400810272828 0.030573301344210459 -0.034784848284482535 0.0069137143938618516 0.039919174820417395 -0.019874870726911686 0.0011418874168095468 0.013938110950997279 -0.02505774291988256 -0.0040343875580520364 -0.0074215273862258393 0.002338260027593457
leaf_weight=191.92497228644788 5.2243956290185443 11.44220537692309 7.7613804526627055 5.020959287881853 7.6483452245593098 6.8499594237655401 26.346405413001776 13.679766193032263 33.659689605236053 6.2715196199715129 9.0140646882355195
leaf_count=1308 40 90 68 36 54 59 162 107 228 48 67
internal_value=-0.00090182 -0.00189054 -0.0154224 0.00745645 0.00295719 0.0181574 -0.000568552 -0.0023457 0.00543124 -0.0254736 -0.00761742
internal_weight=324.844 291.086 25.4751 33.7577 28.5333 11.8709 265.611 205.605 60.0061 17.7137 16.6624
internal_count=2267 2011 206 256 216 95 1805 1415 390 138 121
cat_boundaries=0 1
cat_threshold=24
is_linear=0
shrinkage=0.05


Tree=286
num_leaves=13
num_cat=1
split_feature=3 0 6 6 1 0 0 6 10 6 3 1
split_gain=1.47627 3.0229 2.9589 3.75176 2.68513 3.28393 2.48816 2.32075 2.26428 2.22808 1.26768 0.780139
threshold=16.500000000000004 2.7110366600090203 4.7118205349438709 3.9577295860482735 89.000000000000014 3.2509678762228549 2.9020633536762577 1.4870680044593254 0 3.3723340040241152 11.500000000000002 63.500000000000007
decision_type=2 2 2 2 2 2 2 2 1 2 2 2
left_child=1 2 3 -1 5 6 -2 8 -6 -9 -3 -12
right_child=4 10 -4 -5 7 -7 -8 9 -10 -11 11 -13
leaf_value=-0.0072563916184940711 0.0052460338535633743 -0.0018689767710489604 -0.032423620188307606 0.029276706746095574 0.026799309845526482 -0.025298882389866113 0.032866703718776126 -0.039743530015722388 -0.016362321634266309 -0.00092456516005569225 0.033354039894011478 0.0083593107444034018
leaf_weight=123.69790830463171 114.33264919742942 9.1149550788104552 10.791599009186028 7.3091376572847357 5.8441833257675189 8.0970922447741014 8.7976329997181875 9.4142251685261709 6.0160859227180481 6.4940780550241461 7.1022457852959615 6.8472388237714767
leaf_count=823 824 62 68 48 39 68 68 73 42 47 55 51
internal_value=-0.00121343 -0.00453726 -0.00729081 -0.00515923 0.0022023 0.00521884 0.00728517 -0.0118413 0.0045339 -0.024314 0.0121339 0.0215878
internal_weight=323.859 164.863 141.799 131.007 158.996 131.227 123.13 27.7686 11.8603 15.9083 23.0644 13.9495
internal_count=2268 1107 939 871 1161 960 892 201 81 120 168 106
cat_boundaries=0 1
cat_threshold=1
is_linear=0
shrinkage=0.05


Tree=287
num_leaves=13
num_cat=0
split_feature=2 0 2 0 0 1 1 0 0 1 2 6
split_gain=1.55048 2.23832 2.47928 2.21721 4.52333 2.03295 2.99341 2.01959 1.76504 1.63542 1.31333 1.25337
threshold=1.7639970337411939 1.28628692476944 0.53924939120469861 1.3754194630872483 1.4859934086629003 78.500000000000014 51.500000000000007 2.5815693701723119 1.5626059322033901 78.500000000000014 1.3035841274356423 0.16666666666676772
decision_type=2 2 2 2 2 2 2 2 2 2 2 2
left_child=1 2 -1 5 -5 6 -2 11 -6 -9 -4 -3
right_child=3 7 10 4 8 -7 -8 9 -10 -11 -12 -13
leaf_value=0.0066782033539506923 0.013172660292237782 -0.012669533114466792 -0.040696609679826141 -0.040566575914430546 0.019617483535585876 0.02883295085865379 -0.023875127552743364 -0.012661129215934975 -0.0066353657431453619 0.013638803433787726 -0.0068517422384203955 0.0090987255105178209
leaf_weight=9.0860745683312434 14.643565105274325 6.806691911071538 7.3987218253314477 9.7146497666835767 6.6094148457050315 7.8165351152420035 8.5443144366145116 25.165423858910799 112.36191094107926 7.4664901457726947 5.3673894256353378 100.49468525499105
leaf_count=57 113 49 58 75 49 52 61 190 823 53 39 625
internal_value=-0.0014518 0.00197548 -0.0128136 -0.0049544 -0.00786383 0.00694708 -0.000307977 0.00432817 -0.00511965 -0.00646742 -0.0270193 0.00766079
internal_weight=321.476 161.785 21.8522 159.69 128.686 31.0044 23.1879 139.933 118.971 32.6319 12.7661 107.301
internal_count=2244 1071 154 1173 947 226 174 917 872 243 97 674
is_linear=0
shrinkage=0.05


Tree=288
num_leaves=8
num_cat=1
split_feature=2 8 2 2 0 2 1
split_gain=1.80516 1.34467 1.28817 1.34403 1.10271 0.928458 0.783353
threshold=6.6259864808251914 0 5.8894541197484829 5.1945179052802386 1.1480551288970073 9.0250462962962974 70.500000000000014
decision_type=2 1 2 2 2 2 2
left_child=2 5 3 4 -1 -2 -3
right_child=1 6 -4 -5 -6 -7 -8
leaf_value=0.0088836616176713457 0.0077377182742588025 -0.013881502988600121 -0.022302766316028535 0.017429048850087846 -0.0028297064160542366 0.029602179889178005 0.010524873532835417
leaf_weight=21.58864413574338 11.401891328394415 6.8085523284971696 7.3811838254332534 9.1892576441168767 249.97777874954045 9.7252872809767705 6.0419973358511925
leaf_count=161 66 55 59 72 1742 72 32
internal_value=-0.000485171 0.010376 -0.00178645 -0.00122151 -0.0018772 0.01813 -0.00202751
internal_weight=322.115 33.9777 288.137 280.756 271.566 21.1272 12.8505
internal_count=2259 225 2034 1975 1903 138 87
cat_boundaries=0 1
cat_threshold=2
is_linear=0
shrinkage=0.05


Tree=289
num_leaves=13
num_cat=2
split_feature=6 6 0 2 8 6 6 2 7 0 6 2
split_gain=1.45398 3.93172 2.29622 4.84535 2.67887 7.10305 1.88169 1.81884 1.44429 4.18837 2.65112 1.36355
threshold=1.4760889292196131 1.3351449275362672 2.6599804726761058 1.3192130223019742 0 1.6538302277432124 1.6143569934009934 2.2433587195043247 1 1.1175167741515213 0.53472296645588746 0.78487592219986591
decision_type=2 2 2 2 1 2 2 2 1 2 2 2
left_child=1 8 4 11 6 -6 -2 -5 10 -10 -1 -4
right_child=2 -3 3 7 5 -7 -8 -9 9 -11 -12 -13
leaf_value=0.01596704940758344 -0.02763299678872283 -0.031241163360068599 0.0069918914588072579 0.048197436465722325 0.062648358575009541 0.0031488513416589405 -0.001177972446943538 0.017255576013370615 0.033330682137305612 -0.0091082972914044488 -0.0033460114239453418 -0.02324009477208511
leaf_weight=30.543756416067481 7.2370467223227015 10.886393867433069 8.1384686306118947 9.0243493337184209 5.8388158529996863 33.834756799042225 87.422122549265623 11.835357982665299 6.2530402317643157 64.715947188436985 41.50431102514267 6.5021562725305548
leaf_count=215 50 77 61 58 33 228 610 97 41 464 276 50
internal_value=0.0010845 -0.00241396 0.0042838 0.0155866 0.00125021 0.0121667 -0.00328035 0.0310463 -0.00016441 -0.00525703 0.00478297 -0.00616204
internal_weight=323.737 153.903 169.833 35.5003 134.333 39.6736 94.6592 20.8597 143.017 70.969 72.0481 14.6406
internal_count=2260 1073 1187 266 921 261 660 155 996 505 491 111
cat_boundaries=0 1 2
cat_threshold=2 2
is_linear=0
shrinkage=0.05


Tree=290
num_leaves=11
num_cat=0
split_feature=1 1 5 5 3 2 2 3 3 2
split_gain=2.32627 3.38678 2.90296 2.75294 2.72046 2.24451 2.60143 2.2153 1.6278 1.56926
threshold=63.500000000000007 61.500000000000007 1.0000000180025095e-35 1.0000000180025095e-35 9.5000000000000018 4.5098459822386214 0.52899159663865558 13.500000000000002 15.500000000000002 0.8580320094842917
decision_type=2 2 2 2 2 2 2 2 2 2
left_child=1 2 4 9 -1 6 -5 -4 -7 -2
right_child=3 -3 7 5 -6 8 -8 -9 -10 -11
leaf_value=0.014768257554677387 -0.0036765791810659653 0.028897131714097208 -0.006736113879528609 0.0034229094696486282 -0.017961573024607588 0.020062032812474252 -0.017940059532768823 0.0074288152425142917 -0.005920554841850308 0.026248312914937205
leaf_weight=7.6978430375456801 7.8320555202662971 11.191758386790751 36.293720047920942 17.697863440960646 31.49638693779707 9.3633450046181697 65.440061844885349 111.0151515416801 16.125308856368065 9.104965575039385
leaf_count=44 48 67 256 121 226 50 473 813 108 49
internal_value=-0.00106504 0.00229653 0.000658839 -0.00639508 -0.0113849 -0.00934529 -0.0133337 0.00390276 0.00346994 0.0121765
internal_weight=323.258 197.695 186.503 125.564 39.1942 108.627 83.1379 147.309 25.4887 16.937
internal_count=2255 1406 1339 849 270 752 594 1069 158 97
is_linear=0
shrinkage=0.05


Tree=291
num_leaves=10
num_cat=1
split_feature=1 0 3 0 1 3 3 5 10
split_gain=0.975589 3.02788 1.66542 1.20271 1.13163 1.82976 4.39295 2.08079 0.976511
threshold=20.500000000000004 1.3914563697172395 19.500000000000004 1.8495283018867927 109.00000000000001 12.500000000000002 9.5000000000000018 1.0000000180025095e-35 0
decision_type=2 2 2 2 2 2 2 2 1
left_child=1 -1 3 -3 5 6 -2 -7 -6
right_child=4 2 -4 -5 8 7 -8 -9 -10
leaf_value=-0.039110422225247549 0.0016588180869742187 -0.01097126336028718 -0.023936737291599976 0.0096901977082876657 0 -0.0085457950214803818 -0.028686639186927845 0.0047970437466870472 -0.028694361970822448
leaf_weight=6.6762926746159783 38.105194188654423 10.598141111433508 7.3223753385245791 20.045315634459257 6.1004147976636869 34.803055319935083 17.076119188219309 174.1796100102365 6.2791531160473824
leaf_count=54 237 79 60 140 42 234 126 1237 39
internal_value=-0.00141229 -0.00826628 -0.0026225 0.00236928 -0.000285195 0.000391286 -0.00767619 0.00254805 -0.0150085
internal_weight=321.186 44.6421 37.9658 30.6435 276.544 264.164 55.1813 208.983 12.3796
internal_count=2248 333 279 219 1915 1834 363 1471 81
cat_boundaries=0 1
cat_threshold=1
is_linear=0
shrinkage=0.05


Tree=292
num_leaves=9
num_cat=0
split_feature=2 2 2 2 2 6 2 6
split_gain=0.88032 3.34702 3.02954 1.55352 2.58344 0.928165 3.1054 2.06279
threshold=2.5332530442927879 2.2837112688246495 2.7119252873563222 2.9455536181342636 3.4384559623051829 4.289915966386368 0.70662486368593247 2.5382088987403155
decision_type=2 2 2 2 2 2 2 2
left_child=1 5 -2 -4 -5 7 -7 -1
right_child=2 -3 3 4 -6 6 -8 -9
leaf_value=0.0017644430040274232 0.034070031214008242 -0.029763891222544414 -0.019415572867556883 0.020748501740233766 0 0.028051404592393931 -0.0061897785696745141 -0.011278537080196887
leaf_weight=129.26064766943455 7.7704306952655307 9.751105707138775 7.7806772477924815 18.000685781240463 88.875348335132003 11.658063344657423 14.700281262397764 39.365997115150094
leaf_count=882 61 76 71 125 639 66 89 265
internal_value=0.000660054 -0.00132719 0.00402252 0.00191468 0.00353098 8.38122e-05 0.0088146 -0.0012557
internal_weight=327.163 204.736 122.427 114.657 106.876 194.985 26.3583 168.627
internal_count=2274 1378 896 835 764 1302 155 1147
is_linear=0
shrinkage=0.05


Tree=293
num_leaves=11
num_cat=2
split_feature=2 1 3 2 2 2 3 11 11 3
split_gain=1.90502 1.65434 1.58678 2.07552 4.13137 2.76351 1.70817 5.20406 1.57273 0.948998
threshold=7.3996611735715403 59.500000000000007 13.500000000000002 1.0846689538634853 1.4673076923076926 0.46456659973226244 15.500000000000002 0 1 15.500000000000002
decision_type=2 2 2 2 2 2 2 1 1 2
left_child=2 9 3 5 -5 -1 7 -4 -8 -2
right_child=1 -3 6 4 -6 -7 8 -9 -10 -11
leaf_value=-0.00041293212143296673 -0.039703227380956892 0 -0.0066156389232870918 0.030424170364327131 -0.0053474758260515301 -0.034916284559195584 -0.0073669016808966597 0.021934551614225299 0.0039275512667790481 -0.010106497605818087
leaf_weight=13.076652713119985 6.0081077069044131 13.129403859376906 24.028515048325062 9.8756372556090337 41.877061076462269 10.785611882805823 29.264523509889841 29.999197393655777 138.40259230695665 6.0628481227904558
leaf_count=81 47 77 169 57 292 75 220 184 997 57
internal_value=0.000968758 -0.0121739 0.00210328 -0.00411407 0.00142768 -0.0162975 0.00424732 0.011986 0.0017182 -0.0254537
internal_weight=322.51 25.2004 297.31 75.615 51.7527 23.8623 221.695 54.0277 167.667 12.071
internal_count=2256 181 2075 505 349 156 1570 353 1217 104
cat_boundaries=0 1 2
cat_threshold=17 2
is_linear=0
shrinkage=0.05


Tree=294
num_leaves=7
num_cat=0
split_feature=2 6 6 6 0 0
split_gain=1.57169 1.4862 2.31268 2.41132 1.8413 0.662035
threshold=9.2724180802263607 6.2081524233117777 3.410317460317517 3.039855591359331 2.9193076871968642 1.8271718874789245
decision_type=2 2 2 2 2 2
left_child=1 2 3 -1 -4 -2
right_child=5 -3 4 -5 -6 -7
leaf_value=0.001833845111612327 -0.00030414316887344408 0.019903226734728996 -0.0049411992372213496 0.02256707802593487 -0.034498566532221511 -0.024500451566276428
leaf_weight=238.67338386178017 4.956364043056964 10.867318503558634 44.193682868033648 14.881749361753462 6.0183328986167899 8.1421133242547494
leaf_count=1682 39 55 308 97 48 68
internal_value=0.00107018 0.00179299 0.0011223 0.00307886 -0.00864481 -0.0157953
internal_weight=327.733 314.634 303.767 253.555 50.212 13.0985
internal_count=2297 2190 2135 1779 356 107
is_linear=0
shrinkage=0.05


Tree=295
num_leaves=11
num_cat=1
split_feature=6 6 1 6 11 0 0 0 0 2
split_gain=1.83372 2.36734 2.39719 1.9014 1.50577 4.07971 2.69471 0.64998 0.563426 0.514919
threshold=0.29756548288609225 0.076505016722586916 42.500000000000007 6.6826388888890493 0 1.28628692476944 2.4378167641325539 1.7677926662922252 1.793351776605862 2.4133975077470828
decision_type=2 2 2 2 1 2 2 2 2 2
left_child=1 7 9 4 5 -2 -6 -1 -4 -3
right_child=3 2 8 -5 6 -7 -8 -9 -10 -11
leaf_value=0.0174440922420479 -0.016904207279772151 -0.012061099655884477 -0.045973399984774843 -0.021479074143047183 -0.0050141969357816339 0.010596460814581213 0.0095169875316728457 -0.0048209171126645349 -0.021322813484186801 0.0095489042453679816
leaf_weight=6.7239962294697744 15.32821962982416 6.1155518069863337 6.4571331329643709 8.4702362120151502 114.45191091671586 101.85048400238156 44.034135445952415 5.7384406849741936 5.7349535040557384 4.6913162339478731
leaf_count=44 114 47 48 44 812 684 321 39 41 42
internal_value=0.000303024 -0.0103819 -0.019918 0.00165733 0.00239389 0.00639944 -0.000885968 0.00683719 -0.0350527 -0.00222012
internal_weight=319.596 35.4614 22.999 284.135 275.665 117.179 158.486 12.4624 12.1921 10.8069
internal_count=2236 261 178 1975 1931 798 1133 83 89 89
cat_boundaries=0 1
cat_threshold=24
is_linear=0
shrinkage=0.05


Tree=296
num_leaves=13
num_cat=1
split_feature=1 0 6 1 0 0 11 2 6 2 1 6
split_gain=2.3192 2.7557 3.06596 4.15772 2.4993 2.34617 1.82124 4.30718 2.05334 5.32129 1.7094 1.37215
threshold=46.500000000000007 1.121357685810811 0.36758421317237855 64.500000000000014 1.3754194630872483 1.0019379844961243 0 3.8790762902019451 0.4638758476786134 2.9077123644846989 31.500000000000004 1.0430641657394955
decision_type=2 2 2 2 2 2 1 2 2 2 2 2
left_child=6 5 3 -3 -4 -2 7 10 9 -8 -1 -10
right_child=1 2 4 -5 -6 -7 8 -9 11 -11 -12 -13
leaf_value=-0.020558231980561267 -0.00016440455888676862 0.014055371515921733 0.024642233798906132 -0.031269143725148878 0.0038825105447932622 -0.043265876346529883 0.019755179178184319 0.040158309571342074 -0.023752548002495492 -0.028871708120217249 0.013286231176117505 -0.0092523756381048521
leaf_weight=9.0663281641900557 7.224174674600361 7.9022681191563633 16.282771594822407 13.230576649308203 138.26593401283026 5.8555393815040588 16.422689538449053 7.0626740902662268 22.808660853654146 8.4013048131018859 6.0349484868347636 66.039014732465148
leaf_count=66 60 52 99 94 907 45 120 53 185 68 49 484
internal_value=-0.00159144 0.00197329 0.00364973 -0.014099 0.00611654 -0.0200214 -0.00657968 0.00560092 -0.00872672 0.00304773 -0.00670557 -0.0130535
internal_weight=324.597 188.761 175.682 21.1328 154.549 13.0797 135.836 22.164 113.672 24.824 15.1013 88.8477
internal_count=2282 1257 1152 146 1006 105 1025 168 857 188 115 669
cat_boundaries=0 1
cat_threshold=2
is_linear=0
shrinkage=0.05


Tree=297
num_leaves=10
num_cat=0
split_feature=6 0 6 6 6 0 0 0 2
split_gain=1.14941 2.9192 1.65237 1.42703 1.16606 1.13178 2.61805 1.05479 0.881549
threshold=4.1944247578549261 1.9345630215195435 3.8703501326259975 3.410317460317517 5.4974226804122699 2.2971547706647049 2.9193076871968642 1.9297596457938015 1.4673076923076926
decision_type=2 2 2 2 2 2 2 2 2
left_child=2 4 3 8 -2 -3 -7 -5 -1
right_child=1 5 -4 7 -6 6 -8 -9 -10
leaf_value=0.0063873469518812625 -0.0063185698674114391 -0.037282103243650049 0.023237839570259693 0.0018374764856936084 0.017456584654006409 0.0060353524343816833 -0.037175736737521635 -0.024771332142376215 0.00040295821975389908
leaf_weight=106.08986231684685 8.7350003346800822 6.336914740502837 9.4624613299965841 6.0976448208093634 11.632877372205256 8.511051341891287 5.6624720469117156 8.2717454060912114 151.02371050044894
leaf_count=725 63 43 60 45 60 62 40 63 1087
internal_value=0.00160642 -0.00617994 0.00275894 0.00201845 0.00703499 -0.0195161 -0.0110171 -0.0131997 0.00289319
internal_weight=321.824 40.8783 280.945 271.483 20.3679 20.5104 14.1735 14.3694 257.114
internal_count=2248 268 1980 1920 123 145 102 108 1812
is_linear=0
shrinkage=0.05


Tree=298
num_leaves=11
num_cat=2
split_feature=2 2 0 8 0 0 7 0 1 0
split_gain=1.62402 2.10107 2.16967 2.22158 1.98697 2.47995 1.89812 3.26402 2.01297 1.41511
threshold=0.8580320094842917 1.733993753659965 2.9193076871968642 0 3.1855221518987347 2.5815693701723119 1 2.0805405405405408 19.500000000000004 1.5550213675213675
decision_type=2 2 2 1 2 2 1 2 2 2
left_child=4 2 3 -2 5 9 8 -8 -3 -1
right_child=1 6 -4 -5 -6 -7 7 -9 -10 -11
leaf_value=-0.0048719200494275923 -0.015171171818698606 -0.02340353853909688 -0.034704037189342569 0.0037255653442303444 0.029354449827178219 -0.023291849059154712 -0.0030248527553025824 0.021701427350787936 -0.0021686278483440623 0.0097861032092529075
leaf_weight=24.607446644455194 39.7293666228652 12.73982063680887 8.6097390037029964 24.877449084073305 6.9616325926035634 8.7555060312151891 33.611343491822481 21.717146426439285 92.18609088473022 47.419401831924915
leaf_count=161 269 106 64 166 50 69 250 154 670 292
internal_value=-0.00188886 -0.00407844 -0.0110953 -0.00782303 0.00387831 0.00158744 -0.000836522 0.00661197 -0.00481435 0.00470916
internal_weight=321.215 233.471 73.2166 64.6068 87.744 80.7824 160.254 55.3285 104.926 72.0268
internal_count=2251 1679 499 435 572 522 1180 404 776 453
cat_boundaries=0 1 2
cat_threshold=2 2
is_linear=0
shrinkage=0.05


Tree=299
num_leaves=15
num_cat=1
split_feature=0 0 11 1 2 1 3 1 2 4 0 3 2 2
split_gain=1.64688 2.66276 2.47491 3.14413 2.74504 2.44958 2.38694 2.29283 2.19753 2.25332 1.51475 1.36865 0.961839 0.783574
threshold=2.4913567312729179 2.1467001434720236 0 67.500000000000014 1.0965594562399275 39.500000000000007 16.500000000000004 51.500000000000007 0.081824944210265274 1.5000000000000002 2.2109419724173827 17.500000000000004 1.6808874024526201 2.2169844222273896
decision_type=2 2 1 2 2 2 2 2 2 2 2 2 2 2
left_child=1 8 4 13 11 6 -3 -6 -1 -10 -7 -2 -5 -4
right_child=2 5 3 12 7 10 -8 -9 9 -11 -12 -13 -14 -15
leaf_value=-0.030239618089275718 -0.014749086622464167 -0.017138172809104211 -0.012900560157438049 0.024044640499555663 0.04030876248515107 -0.043952311335406113 0.024534093221331311 0.011214798103631012 0.0018448724736365501 -0.027266796015973982 -0.015477833671946448 0.016708736478091828 -0.0037828270570588033 -0.037765887322269667
leaf_weight=5.756246142089366 9.0093300566077215 6.6902929507195932 10.0953271612525 6.7829091623425466 12.257787074893715 6.3149900436401394 6.7741537839174271 16.686340022832155 194.85414859093726 6.771111022680997 22.558810841292143 5.4032763950526705 5.1244946904480457 5.465860776603221
leaf_count=31 70 54 80 50 89 47 50 113 1339 45 150 43 40 59
internal_value=-0.000458993 -0.00238237 0.00624586 -0.00534998 0.0121403 -0.0137938 0.00348543 0.0238046 -2.30299e-05 0.000829407 -0.0220083 -0.00257717 0.0117206 -0.0221391
internal_weight=320.545 249.72 70.8253 27.4686 43.3567 42.3382 13.4644 28.9441 207.382 201.625 28.8738 14.4126 11.9074 15.5612
internal_count=2260 1716 544 229 315 301 104 202 1415 1384 197 113 90 139
cat_boundaries=0 1
cat_threshold=7
is_linear=0
shrinkage=0.05


end of trees

feature_importances:
vwap_distance_atr=566
sweep_depth_atr=554
sl_atr_ratio=543
mins_from_session_open=451
spread_at_entry=290
weekday=81
bias=54
bos_count=42
session=42
order_kind=38
model=35
range_exited=32

parameters:
[boosting: gbdt]
[objective: binary]
[metric: auc]
[tree_learner: serial]
[device_type: cpu]
[data_sample_strategy: bagging]
[data: ]
[valid: ]
[num_iterations: 300]
[learning_rate: 0.05]
[num_leaves: 15]
[num_threads: 14]
[seed: 0]
[deterministic: 0]
[force_col_wise: 0]
[force_row_wise: 0]
[histogram_pool_size: -1]
[max_depth: 4]
[min_data_in_leaf: 40]
[min_sum_hessian_in_leaf: 0.001]
[bagging_fraction: 0.8]
[pos_bagging_fraction: 1]
[neg_bagging_fraction: 1]
[bagging_freq: 1]
[bagging_seed: 3]
[bagging_by_query: 0]
[feature_fraction: 0.8]
[feature_fraction_bynode: 1]
[feature_fraction_seed: 2]
[extra_trees: 0]
[extra_seed: 6]
[early_stopping_round: 0]
[early_stopping_min_delta: 0]
[first_metric_only: 0]
[max_delta_step: 0]
[lambda_l1: 0.1]
[lambda_l2: 0.1]
[linear_lambda: 0]
[min_gain_to_split: 0]
[drop_rate: 0.1]
[max_drop: 50]
[skip_drop: 0.5]
[xgboost_dart_mode: 0]
[uniform_drop: 0]
[drop_seed: 4]
[top_rate: 0.2]
[other_rate: 0.1]
[min_data_per_group: 100]
[max_cat_threshold: 32]
[cat_l2: 10]
[cat_smooth: 10]
[max_cat_to_onehot: 4]
[top_k: 20]
[monotone_constraints: ]
[monotone_constraints_method: basic]
[monotone_penalty: 0]
[feature_contri: ]
[forcedsplits_filename: ]
[refit_decay_rate: 0.9]
[cegb_tradeoff: 1]
[cegb_penalty_split: 0]
[cegb_penalty_feature_lazy: ]
[cegb_penalty_feature_coupled: ]
[path_smooth: 0]
[interaction_constraints: ]
[verbosity: -1]
[saved_feature_importance_type: 0]
[use_quantized_grad: 0]
[num_grad_quant_bins: 4]
[quant_train_renew_leaf: 0]
[stochastic_rounding: 1]
[linear_tree: 0]
[max_bin: 255]
[max_bin_by_feature: ]
[min_data_in_bin: 3]
[bin_construct_sample_cnt: 200000]
[data_random_seed: 1]
[is_enable_sparse: 1]
[enable_bundle: 1]
[use_missing: 1]
[zero_as_missing: 0]
[feature_pre_filter: 1]
[pre_partition: 0]
[two_round: 0]
[header: 0]
[label_column: ]
[weight_column: ]
[group_column: ]
[ignore_column: ]
[categorical_feature: 7,8,9,10,11]
[forcedbins_filename: ]
[precise_float_parser: 0]
[parser_config_file: ]
[objective_seed: 5]
[num_class: 1]
[is_unbalance: 0]
[scale_pos_weight: 1]
[sigmoid: 1]
[boost_from_average: 1]
[reg_sqrt: 0]
[alpha: 0.9]
[fair_c: 1]
[poisson_max_delta_step: 0.7]
[tweedie_variance_power: 1.5]
[lambdarank_truncation_level: 30]
[lambdarank_norm: 1]
[label_gain: ]
[lambdarank_position_bias_regularization: 0]
[eval_at: ]
[multi_error_top_k: 1]
[auc_mu_weights: ]
[num_machines: 1]
[local_listen_port: 12400]
[time_out: 120]
[machine_list_filename: ]
[machines: ]
[gpu_platform_id: -1]
[gpu_device_id: -1]
[gpu_use_dp: 0]
[num_gpu: 1]

end of parameters

pandas_categorical:[["ASIA", "NY"], ["CHoCH", "IFVG"], ["LIMIT", "LIMIT_DEGRADED", "MARKET"], ["BUY", "SELL"], ["Friday", "Monday", "Thursday", "Tuesday", "Wednesday"]]
