trade_no,sl_atr_ratio,mins_from_session_open,vwap_distance_atr,spread_at_entry,bos_count,range_exited,sweep_depth_atr,net_r,label,session,model,order_kind,bias,weekday
1,1.372549019607843,38.0,0.9411764705882353,20.0,0.0,1.0,0.8333333333332441,-1.0,loss,ASIA,IFVG,MARKET,BUY,Tuesday
2,2.9411764705882355,80.0,1.1294117647058823,20.0,0.0,1.0,3.4823529411765133,-0.004,scratch,ASIA,IFVG,MARKET,BUY,Tuesday
3,2.4554455445544554,14.0,4.02970297029703,16.0,0.0,1.0,0.8712871287129793,-1.0,loss,NY,CHoCH,LIMIT_DEGRADED,SELL,Tuesday
4,3.1835443037974684,52.0,2.5759493670886076,16.0,0.0,1.0,1.5696202531645684,-0.0199,scratch,NY,IFVG,MARKET,SELL,Tuesday
5,2.328125,16.0,0.09375,20.0,0.0,0.0,2.0468749999999147,-1.0067,loss,ASIA,IFVG,MARKET,SELL,Wednesday
6,1.2307692307692306,36.0,0.07692307692307691,20.0,0.0,0.0,1.3974358974360839,-1.0,loss,ASIA,IFVG,MARKET,SELL,Wednesday
7,1.2249999999999999,40.0,0.075,20.0,0.0,0.0,1.4749999999997954,-1.0,loss,ASIA,IFVG,MARKET,SELL,Wednesday
8,1.1578947368421053,42.0,7.052631578947369,16.0,0.0,1.0,0.7039473684210107,1.0284,win,NY,IFVG,MARKET,SELL,Wednesday
9,2.942857142857143,45.0,0.8571428571428572,20.0,3.0,1.0,0.842857142857026,-1.0,loss,ASIA,CHoCH,LIMIT,SELL,Thursday
10,0.987012987012987,82.0,0.7792207792207791,20.0,0.0,1.0,4.064935064935207,-0.0263,loss,ASIA,IFVG,MARKET,SELL,Thursday
11,1.8586956521739129,16.0,0.45652173913043476,16.0,0.0,1.0,1.5652173913041598,2.1579,win,NY,CHoCH,LIMIT_DEGRADED,SELL,Thursday
12,1.3918918918918919,48.0,0.6621621621621622,20.0,1.0,1.0,0.18918918918901712,-1.0097,loss,ASIA,CHoCH,LIMIT,BUY,Friday
13,1.8196721311475412,73.0,0.8032786885245902,20.0,1.0,1.0,0.6065573770490015,-0.018,scratch,ASIA,CHoCH,LIMIT,BUY,Friday
14,2.08,102.0,0.98,20.0,0.0,1.0,1.0,-1.0,loss,ASIA,IFVG,MARKET,BUY,Friday
15,5.639484978540772,33.0,0.8412017167381974,16.0,1.0,1.0,0.36051502145919234,-1.0244,loss,NY,CHoCH,LIMIT,SELL,Friday
16,0.5773420479302832,56.0,0.42701525054466233,16.0,0.0,1.0,1.5947712418300515,-1.0,loss,NY,CHoCH,LIMIT_DEGRADED,SELL,Friday
17,1.8413793103448275,70.0,0.6758620689655173,16.0,0.0,1.0,1.475862068965508,-1.0449,loss,NY,IFVG,MARKET,SELL,Friday
18,3.2553191489361706,10.0,2.5319148936170213,20.0,0.0,0.0,2.5957446808506384,-1.0,loss,ASIA,IFVG,MARKET,BUY,Monday
19,1.9931034482758623,16.0,3.8551724137931034,16.0,1.0,1.0,3.4689655172413607,-0.0381,loss,NY,CHoCH,LIMIT,SELL,Monday
20,1.6439393939393938,76.0,4.234848484848484,16.0,0.0,1.0,0.5757575757575688,-1.0,loss,NY,IFVG,MARKET,SELL,Monday
21,1.78,110.0,3.7266666666666666,16.0,0.0,1.0,1.9866666666666788,-1.0,loss,NY,CHoCH,LIMIT_DEGRADED,SELL,Monday
22,1.8235294117647058,11.0,2.852941176470588,20.0,1.0,1.0,0.2794117647059626,-1.0,loss,ASIA,CHoCH,LIMIT,BUY,Tuesday
23,1.460526315789474,56.0,2.552631578947368,20.0,1.0,1.0,3.8552631578948207,1.2252,win,ASIA,CHoCH,LIMIT,BUY,Tuesday
24,2.2037037037037033,32.0,1.6666666666666665,16.0,0.0,1.0,3.3703703703704626,1.2143,win,NY,IFVG,MARKET,BUY,Tuesday
25,1.1973684210526316,70.0,0.11842105263157894,20.0,1.0,1.0,4.315789473684174,-1.011,loss,ASIA,CHoCH,LIMIT,SELL,Wednesday
26,2.576271186440678,90.0,0.15254237288135594,20.0,0.0,1.0,1.2372881355932512,2.2368,win,ASIA,IFVG,MARKET,SELL,Wednesday
27,2.177570093457944,20.0,0.43925233644859807,16.0,0.0,1.0,1.4859813084111384,0.0,scratch,NY,IFVG,MARKET,SELL,Wednesday
28,2.0409836065573774,100.0,0.38524590163934425,16.0,0.0,1.0,1.7377049180326976,1.0402,win,NY,CHoCH,LIMIT_DEGRADED,SELL,Wednesday
29,1.2542372881355932,25.0,1.6949152542372883,20.0,2.0,1.0,0.3050847457628198,-0.0135,scratch,ASIA,CHoCH,LIMIT,BUY,Thursday
30,2.6949152542372885,48.0,1.6949152542372883,20.0,0.0,1.0,1.8813559322032203,1.0503,win,ASIA,IFVG,MARKET,BUY,Thursday
31,1.4148936170212767,8.0,0.4893617021276596,16.0,1.0,1.0,1.5638297872340716,1.391,win,NY,CHoCH,LIMIT,BUY,Thursday
32,0.6666666666666666,34.0,2.076923076923077,20.0,0.0,1.0,2.128205128205233,-1.0192,loss,ASIA,IFVG,MARKET,SELL,Friday
33,2.2222222222222223,70.0,2.2500000000000004,20.0,0.0,1.0,3.2083333333332575,-1.0,loss,ASIA,IFVG,MARKET,SELL,Friday
34,1.6515151515151516,98.0,2.4545454545454546,20.0,0.0,1.0,1.2878787878789946,-1.0092,loss,ASIA,IFVG,MARKET,SELL,Friday
35,1.5135135135135136,22.0,4.97972972972973,16.0,1.0,1.0,2.695945945946106,5.6321,win,NY,CHoCH,LIMIT,BUY,Friday
36,1.8571428571428574,72.0,0.5285714285714286,20.0,0.0,1.0,1.042857142857169,4.6258,win,ASIA,CHoCH,LIMIT_DEGRADED,BUY,Monday
37,1.7424242424242422,24.0,1.5454545454545454,16.0,0.0,1.0,1.5000000000003582,-1.0174,loss,NY,IFVG,MARKET,SELL,Monday
38,2.2727272727272725,68.0,1.8545454545454545,16.0,0.0,1.0,1.3454545454549753,0.0,scratch,NY,CHoCH,LIMIT_DEGRADED,SELL,Monday
39,1.3243243243243243,46.0,2.743243243243243,20.0,1.0,1.0,2.8108108108107124,-1.0102,loss,ASIA,CHoCH,LIMIT,SELL,Tuesday
40,1.7894736842105265,90.0,3.56140350877193,20.0,1.0,1.0,0.28070175438650746,-1.0098,loss,ASIA,CHoCH,LIMIT,SELL,Tuesday
41,1.1910112359550562,32.0,3.438202247191011,16.0,1.0,1.0,0.23033707865173136,-1.0802,loss,NY,CHoCH,LIMIT,SELL,Tuesday
42,2.7053140096618358,48.0,2.956521739130435,16.0,0.0,1.0,5.589371980676298,-0.0321,loss,NY,IFVG,MARKET,SELL,Tuesday
43,1.676923076923077,16.0,1.9846153846153847,20.0,0.0,0.0,1.5076923076923356,2.0734,win,ASIA,IFVG,MARKET,BUY,Wednesday
44,2.893939393939394,40.0,2.1515151515151514,16.0,0.0,1.0,3.722222222222282,-1.0035,loss,NY,IFVG,MARKET,BUY,Wednesday
45,3.1077844311377247,82.0,2.5508982035928143,16.0,0.0,1.0,3.2395209580837454,-1.0,loss,NY,IFVG,MARKET,BUY,Wednesday
46,3.2903225806451615,52.0,3.2903225806451615,20.0,0.0,1.0,0.7741935483871262,-1.0098,loss,ASIA,IFVG,MARKET,BUY,Thursday
47,0.9207317073170732,55.0,2.3292682926829267,16.0,1.0,1.0,4.201219512195183,-1.0397,loss,NY,CHoCH,LIMIT,BUY,Thursday
48,1.526315789473684,62.0,2.8721804511278193,16.0,0.0,1.0,0.2631578947369447,0.0,scratch,NY,CHoCH,LIMIT_DEGRADED,BUY,Thursday
49,1.7519379844961238,80.0,2.9612403100775193,16.0,0.0,1.0,0.5193798449612967,1.0575,win,NY,CHoCH,LIMIT_DEGRADED,BUY,Thursday
50,2.1403508771929824,6.0,0.10526315789473685,20.0,0.0,1.0,1.3508771929824244,-0.0082,scratch,ASIA,IFVG,MARKET,SELL,Friday
51,2.1641791044776117,48.0,0.08955223880597014,20.0,0.0,1.0,3.4776119402983987,-0.0207,loss,ASIA,IFVG,MARKET,SELL,Friday
52,4.957446808510639,94.0,0.1276595744680851,20.0,0.0,1.0,0.2765957446805995,0.0,scratch,ASIA,CHoCH,LIMIT_DEGRADED,SELL,Friday
53,1.463235294117647,53.0,3.7279411764705883,16.0,2.0,1.0,0.7352941176470588,-0.0704,loss,NY,CHoCH,LIMIT,BUY,Friday
54,2.2372881355932206,46.0,2.3728813559322033,20.0,0.0,1.0,0.42372881355932207,-1.0,loss,ASIA,IFVG,MARKET,BUY,Monday
55,2.4363636363636365,70.0,2.545454545454545,20.0,0.0,1.0,2.836363636363537,-1.0,loss,ASIA,IFVG,MARKET,BUY,Monday
56,2.4159292035398234,24.0,4.716814159292036,16.0,0.0,1.0,3.955752212389405,-1.0,loss,NY,IFVG,MARKET,BUY,Monday
57,1.8322580645161288,56.0,3.4387096774193546,16.0,1.0,1.0,1.9612903225806215,-1.0282,loss,NY,CHoCH,LIMIT,BUY,Monday
58,1.5035460992907803,72.0,3.7801418439716317,16.0,0.0,1.0,0.3120567375886912,-1.0519,loss,NY,IFVG,MARKET,BUY,Monday
59,1.984375,28.0,1.7968749999999998,20.0,0.0,1.0,4.562500000000114,-0.0079,scratch,ASIA,IFVG,MARKET,BUY,Tuesday
60,2.1568627450980395,110.0,2.2549019607843137,20.0,0.0,1.0,0.7843137254903744,-1.0091,loss,ASIA,CHoCH,LIMIT_DEGRADED,BUY,Tuesday
61,1.2758620689655173,8.0,2.1494252873563218,16.0,0.0,1.0,0.5057471264368444,-1.0721,loss,NY,IFVG,MARKET,SELL,Tuesday
62,2.900900900900901,34.0,1.6846846846846846,16.0,0.0,1.0,2.522522522522481,0.0,scratch,NY,IFVG,MARKET,SELL,Tuesday
63,2.7818181818181817,22.0,1.6181818181818182,20.0,0.0,0.0,1.872727272727223,-1.0,loss,ASIA,IFVG,MARKET,SELL,Wednesday
64,1.2115384615384615,108.0,1.7115384615384615,20.0,1.0,0.0,0.03846153846194074,0.0,scratch,ASIA,CHoCH,LIMIT,SELL,Wednesday
65,2.4065040650406506,28.0,2.097560975609756,15.0,0.0,1.0,1.0975609756096822,-1.0,loss,NY,IFVG,MARKET,BUY,Wednesday
66,2.1635220125786163,58.0,1.6226415094339621,16.0,0.0,1.0,0.4339622641509777,-1.0552,loss,NY,IFVG,MARKET,BUY,Wednesday
67,1.8947368421052635,28.0,1.2982456140350878,20.0,1.0,0.0,0.17543859649106852,-1.0093,loss,ASIA,CHoCH,LIMIT,SELL,Thursday
68,1.484375,48.0,1.15625,20.0,0.0,0.0,3.109375000000014,-1.0105,loss,ASIA,IFVG,MARKET,SELL,Thursday
69,1.2340425531914894,100.0,1.574468085106383,20.0,1.0,0.0,0.3191489361704063,0.0,scratch,ASIA,CHoCH,LIMIT,SELL,Thursday
70,1.8805309734513276,44.0,0.9690265486725664,16.0,0.0,1.0,3.8318584070796824,-1.0565,loss,NY,IFVG,MARKET,SELL,Thursday
71,1.783132530120482,80.0,1.319277108433735,16.0,0.0,1.0,2.19277108433741,-1.0,loss,NY,IFVG,MARKET,SELL,Thursday
72,1.5783132530120483,22.0,0.8674698795180723,20.0,1.0,1.0,0.30120481927710846,-1.0382,loss,ASIA,CHoCH,LIMIT,BUY,Friday
73,1.2465753424657535,39.0,0.9863013698630136,20.0,1.0,1.0,0.6301369863014197,-1.033,loss,ASIA,CHoCH,LIMIT,BUY,Friday
74,2.8620689655172415,66.0,1.2413793103448276,20.0,0.0,1.0,1.3620689655171787,-0.006,scratch,ASIA,IFVG,MARKET,BUY,Friday
75,0.875,30.0,0.375,16.0,2.0,1.0,2.4270833333332575,-1.0,loss,NY,CHoCH,LIMIT,SELL,Friday
76,2.532608695652174,46.0,0.19565217391304346,16.0,0.0,1.0,1.3369565217391501,-0.4519,loss,NY,CHoCH,LIMIT_DEGRADED,SELL,Friday
77,2.4698795180722892,28.0,1.7951807228915664,20.0,0.0,1.0,4.120481927710931,-0.0049,scratch,ASIA,IFVG,MARKET,SELL,Monday
78,1.4,98.0,2.709090909090909,20.0,0.0,1.0,1.54545454545438,-1.0649,loss,ASIA,IFVG,MARKET,SELL,Monday
79,2.621359223300971,82.0,0.6893203883495145,16.0,4.0,1.0,1.2135922330097086,-1.0852,loss,NY,CHoCH,LIMIT,BUY,Monday
80,1.717948717948718,86.0,4.153846153846154,20.0,1.0,0.0,5.410256410256154,-1.0,loss,ASIA,CHoCH,LIMIT,BUY,Tuesday
81,2.6590909090909087,92.0,3.681818181818182,20.0,0.0,0.0,0.9772727272723553,1.0256,win,ASIA,IFVG,MARKET,BUY,Tuesday
82,1.763157894736842,26.0,0.368421052631579,16.0,0.0,1.0,2.0263157894736366,4.8457,win,NY,IFVG,MARKET,BUY,Tuesday
83,1.1923076923076923,26.0,1.673076923076923,20.0,1.0,1.0,0.8846153846154545,-1.0323,loss,ASIA,CHoCH,LIMIT,SELL,Wednesday
84,2.4339622641509435,100.0,1.641509433962264,20.0,1.0,1.0,0.1509433962262778,-1.0,loss,ASIA,CHoCH,LIMIT,SELL,Wednesday
85,2.628571428571428,16.0,1.0095238095238095,16.0,0.0,1.0,2.438095238095186,4.463,win,NY,CHoCH,LIMIT_DEGRADED,BUY,Wednesday
86,1.3125,30.0,0.140625,20.0,0.0,0.0,0.1093750000002558,-1.0,loss,ASIA,CHoCH,LIMIT_DEGRADED,SELL,Thursday
87,0.8518518518518519,112.0,0.16666666666666666,20.0,0.0,0.0,15.796296296295823,-1.0,loss,ASIA,IFVG,MARKET,SELL,Thursday
88,1.5154639175257731,8.0,4.484536082474227,16.0,0.0,0.0,0.5051546391752672,0.0,scratch,NY,CHoCH,LIMIT_DEGRADED,SELL,Thursday
89,1.174496644295302,60.0,2.919463087248322,16.0,1.0,1.0,5.275167785234832,-1.1657,loss,NY,CHoCH,LIMIT,SELL,Thursday
90,3.4833333333333334,48.0,1.0166666666666666,20.0,0.0,0.0,0.9166666666669698,-0.0048,scratch,ASIA,CHoCH,LIMIT_DEGRADED,SELL,Friday
91,4.311111111111111,114.0,1.3555555555555554,20.0,0.0,1.0,1.2444444444443232,-1.0,loss,ASIA,CHoCH,LIMIT_DEGRADED,SELL,Friday
92,1.9354838709677418,44.0,0.058064516129032254,16.0,0.0,1.0,7.000000000000014,-1.03,loss,NY,IFVG,MARKET,BUY,Friday
93,3.7935779816513757,108.0,0.08256880733944953,16.0,0.0,1.0,2.394495412844049,-0.0152,scratch,NY,IFVG,MARKET,BUY,Friday
94,2.533333333333333,18.0,2.76,20.0,1.0,0.0,1.613333333333382,-1.0,loss,ASIA,CHoCH,LIMIT,SELL,Monday
95,1.9277108433734942,48.0,2.4939759036144578,20.0,0.0,0.0,1.6746987951805696,-1.0,loss,ASIA,IFVG,MARKET,SELL,Monday
96,2.921875,76.0,3.2343749999999996,20.0,0.0,0.0,1.0000000000001563,5.9649,win,ASIA,IFVG,MARKET,SELL,Monday
97,1.6910569105691058,70.0,4.520325203252033,16.0,0.0,1.0,0.6097560975609756,-1.024,loss,NY,CHoCH,LIMIT_DEGRADED,SELL,Monday
98,1.644578313253012,112.0,3.3493975903614457,16.0,0.0,1.0,4.228915662650592,-1.022,loss,NY,CHoCH,LIMIT_DEGRADED,SELL,Monday
99,1.2105263157894737,26.0,2.385964912280702,20.0,0.0,1.0,0.35087719298253595,-1.0145,loss,ASIA,IFVG,MARKET,BUY,Tuesday
100,2.641509433962264,46.0,2.5660377358490565,20.0,0.0,1.0,1.0943396226418012,-1.0,loss,ASIA,IFVG,MARKET,BUY,Tuesday
101,1.796296296296296,92.0,2.5185185185185186,20.0,0.0,1.0,3.9814814814816497,0.0,scratch,ASIA,IFVG,MARKET,BUY,Tuesday
102,1.7339449541284402,48.0,1.7064220183486238,16.0,0.0,1.0,2.09174311926603,0.0,scratch,NY,IFVG,MARKET,BUY,Tuesday
103,1.595744680851064,82.0,1.9787234042553195,16.0,0.0,1.0,0.26595744680851063,0.0,scratch,NY,CHoCH,LIMIT_DEGRADED,BUY,Tuesday
104,2.4285714285714284,94.0,1.7714285714285714,16.0,0.0,1.0,0.7238095238095151,1.9294,win,NY,CHoCH,LIMIT_DEGRADED,BUY,Tuesday
105,1.2380952380952381,26.0,0.7380952380952381,20.0,0.0,0.0,0.999999999999632,-0.0577,loss,ASIA,IFVG,MARKET,SELL,Wednesday
106,1.6521739130434783,54.0,0.6739130434782609,20.0,0.0,0.0,0.13043478260857702,-1.0789,loss,ASIA,CHoCH,LIMIT_DEGRADED,SELL,Wednesday
107,1.8648648648648647,92.0,0.8378378378378378,20.0,0.0,0.0,0.6216216216210563,-0.0145,scratch,ASIA,CHoCH,LIMIT_DEGRADED,SELL,Wednesday
108,1.4823529411764707,28.0,0.5411764705882354,16.0,0.0,1.0,2.388235294117615,-1.0,loss,NY,IFVG,MARKET,SELL,Wednesday
109,1.8857142857142857,48.0,0.4380952380952381,16.0,0.0,1.0,1.4380952380952294,-1.0051,loss,NY,IFVG,MARKET,SELL,Wednesday
110,2.6050420168067228,98.0,0.3865546218487395,16.0,3.0,1.0,1.159663865546119,-1.0,loss,NY,CHoCH,LIMIT,SELL,Wednesday
111,1.5,75.0,1.1851851851851851,20.0,3.0,1.0,1.3703703703703871,-1.0247,loss,ASIA,CHoCH,LIMIT,BUY,Thursday
112,2.5669291338582676,32.0,5.834645669291339,16.0,1.0,1.0,0.7874015748031495,-1.0,loss,NY,CHoCH,LIMIT,SELL,Thursday
113,2.9214659685863875,114.0,3.8795811518324608,16.0,0.0,1.0,5.565445026177949,-1.0036,loss,NY,IFVG,MARKET,SELL,Thursday
114,2.25,32.0,4.25,21.0,0.0,0.0,2.3249999999995907,-1.0,loss,ASIA,IFVG,MARKET,SELL,Friday
115,1.564102564102564,56.0,4.358974358974359,20.0,0.0,0.0,1.6410256410253146,-1.0164,loss,ASIA,IFVG,MARKET,SELL,Friday
116,1.255813953488372,90.0,3.953488372093023,20.0,1.0,0.0,0.5348837209302749,0.0,scratch,ASIA,CHoCH,LIMIT,SELL,Friday
117,3.939622641509434,52.0,1.4566037735849056,16.0,0.0,1.0,3.667924528301897,-0.0063,scratch,NY,IFVG,MARKET,SELL,Friday
118,3.3720930232558137,8.0,0.6744186046511628,21.0,0.0,1.0,2.4418604651161733,1.0621,win,ASIA,IFVG,MARKET,SELL,Monday
119,2.1885245901639343,22.0,1.3852459016393444,16.0,0.0,1.0,4.79508196721304,0.0,scratch,NY,IFVG,MARKET,SELL,Monday
120,3.0588235294117645,34.0,1.441176470588235,12.0,0.0,0.0,1.6176470588233955,-1.0096,loss,ASIA,IFVG,MARKET,BUY,Tuesday
121,2.033333333333333,54.0,1.6333333333333333,21.0,0.0,0.0,2.733333333333121,-1.0,loss,ASIA,CHoCH,LIMIT_DEGRADED,BUY,Tuesday
122,2.8181818181818183,96.0,1.4848484848484849,20.0,0.0,0.0,1.7272727272725343,-1.043,loss,ASIA,IFVG,MARKET,BUY,Tuesday
123,1.4305555555555556,16.0,5.125,16.0,1.0,1.0,0.33333333333334597,-1.0,loss,NY,CHoCH,LIMIT,BUY,Tuesday
124,1.8571428571428572,28.0,3.7653061224489797,16.0,1.0,1.0,0.29591836734690163,-1.0495,loss,NY,CHoCH,LIMIT,BUY,Tuesday
125,3.08974358974359,34.0,0.8333333333333334,20.0,0.0,1.0,4.282051282051177,0.0,scratch,ASIA,IFVG,MARKET,BUY,Wednesday
126,2.75,112.0,1.8055555555555556,21.0,0.0,1.0,1.3333333333333839,-1.0,loss,ASIA,IFVG,MARKET,BUY,Wednesday
127,2.2325581395348837,16.0,0.686046511627907,16.0,0.0,1.0,2.639534883720909,-1.0,loss,NY,IFVG,MARKET,SELL,Wednesday
128,1.3955223880597014,43.0,0.4402985074626865,16.0,1.0,1.0,0.45522388059710994,0.0,scratch,NY,CHoCH,LIMIT,SELL,Wednesday
129,2.697247706422018,72.0,0.5412844036697247,16.0,0.0,1.0,0.25688073394492905,0.0,scratch,NY,CHoCH,LIMIT_DEGRADED,SELL,Wednesday
130,1.75,16.0,0.34615384615384615,20.0,0.0,0.0,0.7692307692309441,-1.0,loss,ASIA,IFVG,MARKET,BUY,Thursday
131,1.8571428571428572,57.0,0.42857142857142855,20.0,1.0,0.0,2.0476190476188094,-1.0513,loss,ASIA,CHoCH,LIMIT,BUY,Thursday
132,2.2682926829268295,68.0,0.43902439024390244,20.0,0.0,0.0,0.48780487804889144,0.0,scratch,ASIA,IFVG,MARKET,BUY,Thursday
133,1.0315789473684212,24.0,3.2526315789473683,16.0,1.0,1.0,0.14736842105249756,-0.0204,loss,NY,CHoCH,LIMIT,BUY,Thursday
134,1.9893617021276597,38.0,1.6436170212765957,16.0,0.0,1.0,1.2925531914893957,1.1176,win,NY,CHoCH,LIMIT_DEGRADED,BUY,Thursday
135,2.340909090909091,44.0,1.8636363636363635,5.0,1.0,1.0,4.250000000000269,-1.0097,loss,ASIA,CHoCH,LIMIT,SELL,Friday
136,1.6666666666666665,64.0,1.9523809523809523,20.0,0.0,1.0,1.809523809523788,-0.0714,loss,ASIA,IFVG,MARKET,SELL,Friday
137,1.0476190476190477,25.0,2.380952380952381,16.0,1.0,1.0,1.3809523809522077,-0.0152,scratch,NY,CHoCH,LIMIT,BUY,Friday
138,2.1982758620689653,46.0,0.646551724137931,16.0,0.0,1.0,4.418103448275862,-0.002,scratch,NY,IFVG,MARKET,BUY,Friday
139,1.7586206896551724,97.0,1.0344827586206897,16.0,1.0,1.0,0.24827586206905333,0.0,scratch,NY,CHoCH,LIMIT,BUY,Friday
140,3.1341463414634148,50.0,4.060975609756098,20.0,0.0,1.0,1.8780487804877606,-0.0117,scratch,ASIA,IFVG,MARKET,BUY,Monday
141,1.1216216216216215,24.0,3.4324324324324325,16.0,0.0,1.0,3.067567567567543,0.0,scratch,NY,CHoCH,LIMIT_DEGRADED,SELL,Monday
142,1.4696969696969695,66.0,3.848484848484848,16.0,1.0,1.0,0.07575757575750686,-1.0,loss,NY,CHoCH,LIMIT,SELL,Monday
143,2.9649122807017547,82.0,4.4561403508771935,16.0,0.0,1.0,0.017543859649106854,0.0,scratch,NY,CHoCH,LIMIT_DEGRADED,SELL,Monday
144,1.0476190476190477,68.0,0.14285714285714285,20.0,1.0,1.0,1.142857142857186,0.0,scratch,ASIA,CHoCH,LIMIT,BUY,Tuesday
145,1.352112676056338,20.0,5.830985915492958,16.0,1.0,1.0,0.2535211267606531,-1.0,loss,NY,CHoCH,LIMIT,BUY,Tuesday
146,1.6666666666666665,68.0,4.451612903225806,16.0,0.0,1.0,1.4516129032257086,0.0,scratch,NY,CHoCH,LIMIT_DEGRADED,BUY,Tuesday
147,1.6371681415929207,98.0,3.663716814159292,16.0,0.0,1.0,1.4778761061947547,-1.0054,loss,NY,CHoCH,LIMIT_DEGRADED,BUY,Tuesday
148,1.3414634146341464,56.0,0.5365853658536586,20.0,1.0,1.0,5.414634146340975,-1.0182,loss,ASIA,CHoCH,LIMIT,SELL,Wednesday
149,2.8703703703703702,112.0,0.4074074074074074,20.0,0.0,1.0,5.685185185185488,-1.0,loss,ASIA,IFVG,MARKET,SELL,Wednesday
150,2.2111111111111112,32.0,1.1111111111111112,16.0,0.0,1.0,3.0000000000000506,-0.005,scratch,NY,IFVG,MARKET,BUY,Wednesday
151,2.111111111111111,64.0,1.1111111111111112,16.0,0.0,1.0,1.7111111111110706,-1.0,loss,NY,IFVG,MARKET,BUY,Wednesday
152,2.409090909090909,96.0,1.1363636363636365,16.0,0.0,1.0,2.2159090909088843,-1.0,loss,NY,IFVG,MARKET,BUY,Wednesday
153,1.2063492063492063,58.0,0.8571428571428572,20.0,0.0,1.0,0.8095238095237951,-1.0,loss,ASIA,CHoCH,LIMIT_DEGRADED,BUY,Thursday
154,1.8305084745762714,64.0,0.9152542372881357,20.0,0.0,1.0,1.2542372881352233,-0.0093,scratch,ASIA,CHoCH,LIMIT_DEGRADED,BUY,Thursday
155,1.9305555555555556,20.0,2.055555555555556,16.0,0.0,1.0,0.13888888888907838,1.1655,win,NY,CHoCH,LIMIT_DEGRADED,SELL,Thursday
156,0.8275862068965517,18.0,0.41379310344827586,20.0,1.0,1.0,3.5344827586210035,-0.0417,loss,ASIA,CHoCH,LIMIT,SELL,Friday
157,1.2954545454545454,76.0,0.5454545454545454,20.0,0.0,1.0,3.318181818181384,2.0,win,ASIA,CHoCH,LIMIT_DEGRADED,SELL,Friday
158,1.3838383838383839,20.0,5.808080808080808,16.0,1.0,1.0,0.2323232323232507,-1.0,loss,NY,CHoCH,LIMIT,BUY,Friday
159,2.2680412371134024,34.0,5.927835051546392,16.0,0.0,1.0,1.8247422680412184,-1.0,loss,NY,IFVG,MARKET,BUY,Friday
160,1.2608695652173911,68.0,6.25,16.0,1.0,1.0,1.4130434782610672,-1.0,loss,NY,CHoCH,LIMIT,BUY,Friday
161,2.0178571428571423,50.0,4.125,20.0,0.0,1.0,5.714285714285389,-0.0088,scratch,ASIA,IFVG,MARKET,SELL,Monday
162,1.146067415730337,53.0,0.31460674157303375,16.0,1.0,1.0,1.1685393258426557,6.9173,win,NY,CHoCH,LIMIT,SELL,Monday
163,2.4571428571428573,80.0,0.028571428571428574,20.0,0.0,1.0,1.9142857142859222,-0.0116,scratch,ASIA,CHoCH,LIMIT_DEGRADED,BUY,Tuesday
164,1.1529411764705881,32.0,3.0,16.0,0.0,1.0,2.070588235294107,-1.0,loss,NY,CHoCH,LIMIT_DEGRADED,BUY,Tuesday
165,1.9595959595959596,50.0,2.5757575757575757,16.0,0.0,1.0,1.080808080808246,-1.0,loss,NY,IFVG,MARKET,BUY,Tuesday
166,1.8829787234042554,84.0,2.7127659574468086,16.0,1.0,1.0,1.670212765957379,-0.0169,scratch,NY,CHoCH,LIMIT,BUY,Tuesday
167,1.392156862745098,64.0,0.6666666666666667,21.0,4.0,0.0,1.62745098039246,-1.0141,loss,ASIA,CHoCH,LIMIT,BUY,Wednesday
168,1.7916666666666667,35.0,0.8083333333333333,16.0,1.0,0.0,0.16666666666670457,0.0,scratch,NY,CHoCH,LIMIT,BUY,Wednesday
169,1.9909909909909909,82.0,0.8738738738738737,16.0,0.0,1.0,0.9549549549549057,-1.0,loss,NY,CHoCH,LIMIT_DEGRADED,BUY,Wednesday
170,1.5777777777777777,20.0,1.5999999999999999,20.0,1.0,1.0,1.155555555555515,-1.0141,loss,ASIA,CHoCH,LIMIT,SELL,Thursday
171,1.2678571428571426,56.0,1.2857142857142856,20.0,0.0,1.0,1.8749999999999185,-1.0,loss,ASIA,IFVG,MARKET,SELL,Thursday
172,2.0408163265306123,92.0,1.469387755102041,20.0,0.0,1.0,1.6734693877549722,-1.01,loss,ASIA,IFVG,MARKET,SELL,Thursday
173,1.4444444444444444,76.0,2.542483660130719,16.0,0.0,1.0,12.83660130718946,-0.0045,scratch,NY,IFVG,MARKET,SELL,Thursday
174,2.1884057971014497,116.0,2.8188405797101455,16.0,0.0,1.0,0.9927536231883268,-1.0,loss,NY,CHoCH,LIMIT_DEGRADED,SELL,Thursday
175,1.5625,58.0,0.65625,20.0,0.0,0.0,0.6562500000001137,1.5,win,ASIA,IFVG,MARKET,BUY,Friday
176,0.8524590163934427,36.0,3.6475409836065578,16.0,1.0,1.0,3.0409836065574067,-1.0,loss,NY,CHoCH,LIMIT,BUY,Friday
177,1.5571428571428574,42.0,3.178571428571429,16.0,0.0,1.0,0.6571428571429092,-1.0092,loss,NY,CHoCH,LIMIT_DEGRADED,BUY,Friday
178,1.126865671641791,50.0,3.3208955223880596,16.0,0.0,1.0,0.022388059701641858,1.2914,win,NY,IFVG,MARKET,BUY,Friday
179,1.7115384615384615,68.0,2.7307692307692304,17.0,0.0,1.0,1.2115384615386713,-1.0112,loss,ASIA,CHoCH,LIMIT_DEGRADED,SELL,Monday
180,0.9615384615384615,106.0,2.7307692307692304,17.0,0.0,1.0,5.192307692307343,-1.04,loss,ASIA,IFVG,MARKET,SELL,Monday
181,2.532608695652174,26.0,0.9130434782608695,12.0,0.0,1.0,1.7826086956520355,-1.0,loss,NY,CHoCH,LIMIT_DEGRADED,SELL,Monday
182,2.906474820143885,38.0,0.60431654676259,12.0,0.0,1.0,1.136690647481962,-1.0025,loss,NY,IFVG,MARKET,SELL,Monday
183,2.166666666666667,98.0,0.5,12.0,1.0,1.0,7.333333333333431,-1.0082,loss,NY,CHoCH,LIMIT,SELL,Monday
184,1.3229166666666667,38.0,0.6979166666666667,17.0,0.0,1.0,4.2395833333335045,-0.0236,loss,ASIA,IFVG,MARKET,BUY,Tuesday
185,1.8448275862068968,76.0,1.1551724137931036,17.0,0.0,1.0,1.3965517241378371,-0.0093,scratch,ASIA,IFVG,MARKET,BUY,Tuesday
186,4.0,106.0,1.2407407407407407,17.0,2.0,1.0,0.05555555555592609,0.0,scratch,ASIA,CHoCH,LIMIT,BUY,Tuesday
187,1.196969696969697,44.0,1.6151515151515152,12.0,0.0,1.0,0.1757575757575537,-0.0025,scratch,NY,CHoCH,LIMIT_DEGRADED,BUY,Tuesday
188,1.457286432160804,60.0,1.3391959798994975,12.0,0.0,1.0,0.668341708542677,0.0,scratch,NY,IFVG,MARKET,BUY,Tuesday
189,1.8771929824561406,12.0,0.7543859649122807,17.0,0.0,1.0,1.0877192982454227,1.1402,win,ASIA,IFVG,MARKET,SELL,Wednesday
190,1.7537313432835822,25.0,4.880597014925373,12.0,1.0,1.0,0.507462686567042,-1.0,loss,NY,CHoCH,LIMIT,BUY,Wednesday
191,1.1767441860465115,43.0,3.041860465116279,12.0,1.0,1.0,0.7209302325582242,2.2806,win,NY,CHoCH,LIMIT,BUY,Wednesday
192,1.2244897959183674,40.0,0.4387755102040816,17.0,1.0,0.0,3.3979591836738594,-0.0167,scratch,ASIA,CHoCH,LIMIT,BUY,Thursday
193,1.641025641025641,60.0,0.5512820512820512,17.0,0.0,0.0,0.7435897435896502,7.5822,win,ASIA,IFVG,MARKET,BUY,Thursday
194,1.841025641025641,22.0,2.2717948717948717,12.0,0.0,1.0,0.13846153846152914,0.0,scratch,NY,IFVG,MARKET,BUY,Thursday
195,1.44311377245509,76.0,2.6526946107784433,12.0,0.0,1.0,2.4431137724550465,-1.0041,loss,NY,IFVG,MARKET,BUY,Thursday
196,1.8743961352657006,108.0,2.140096618357488,12.0,0.0,1.0,3.4251207729469306,-0.0052,scratch,NY,IFVG,MARKET,BUY,Thursday
197,1.2533333333333332,26.0,0.22666666666666668,17.0,1.0,1.0,0.12000000000019402,0.0,scratch,ASIA,CHoCH,LIMIT,SELL,Friday
198,1.2297297297297298,16.0,3.986486486486487,12.0,0.0,1.0,2.89189189189172,-1.0,loss,NY,IFVG,MARKET,BUY,Friday
199,2.677777777777778,22.0,3.2777777777777777,12.0,0.0,1.0,0.3444444444448891,-1.0041,loss,NY,IFVG,MARKET,BUY,Friday
200,5.321329639889197,33.0,0.8171745152354571,12.0,1.0,1.0,2.257617728531755,0.0,scratch,NY,CHoCH,LIMIT,BUY,Friday
201,2.0454545454545454,36.0,4.8068181818181825,17.0,0.0,1.0,2.6590909090910744,-1.0111,loss,ASIA,IFVG,MARKET,BUY,Monday
202,2.224137931034483,98.0,7.293103448275863,17.0,0.0,1.0,5.7241379310347655,-1.0155,loss,ASIA,IFVG,MARKET,BUY,Monday
203,1.6119402985074627,116.0,6.313432835820896,17.0,0.0,1.0,0.4477611940294435,0.0,scratch,ASIA,IFVG,MARKET,BUY,Monday
204,4.093922651933702,64.0,1.4364640883977902,12.0,0.0,1.0,3.7955801104971774,-1.0013,loss,NY,IFVG,MARKET,SELL,Monday
205,1.4745762711864407,32.0,3.6440677966101696,17.0,0.0,0.0,0.457627118644037,-0.0115,scratch,ASIA,CHoCH,LIMIT_DEGRADED,SELL,Tuesday
206,1.696969696969697,62.0,3.2575757575757573,17.0,0.0,0.0,3.378787878787906,5.9366,win,ASIA,IFVG,MARKET,SELL,Tuesday
207,1.0358306188925082,30.0,2.5602605863192185,5.0,0.0,1.0,0.5114006514658515,1.1101,win,NY,IFVG,MARKET,SELL,Tuesday
208,1.8653846153846152,50.0,1.4807692307692308,9.0,0.0,1.0,2.307692307691958,-0.0309,loss,ASIA,IFVG,MARKET,BUY,Wednesday
209,1.8541666666666667,104.0,1.6041666666666667,13.0,0.0,1.0,0.08333333333325754,-0.0112,scratch,ASIA,CHoCH,LIMIT_DEGRADED,BUY,Wednesday
210,1.766990291262136,22.0,3.378640776699029,5.0,1.0,1.0,1.5145631067960634,2.0165,win,NY,CHoCH,LIMIT,BUY,Wednesday
211,1.232142857142857,32.0,2.392857142857143,16.0,0.0,1.0,3.1607142857142527,-1.029,loss,ASIA,IFVG,MARKET,BUY,Thursday
212,3.5636363636363635,64.0,2.4363636363636365,12.0,0.0,1.0,2.836363636363537,-1.0,loss,ASIA,IFVG,MARKET,BUY,Thursday
213,2.868421052631579,32.0,5.0131578947368425,6.0,0.0,1.0,1.4671052631579067,-0.0069,scratch,NY,IFVG,MARKET,SELL,Thursday
214,4.097222222222222,72.0,5.291666666666667,6.0,0.0,1.0,0.25694444444436865,-0.0119,scratch,NY,CHoCH,LIMIT_DEGRADED,SELL,Thursday
215,1.296296296296296,50.0,1.9814814814814814,15.0,0.0,1.0,3.111111111110808,-1.0286,loss,ASIA,IFVG,MARKET,BUY,Friday
216,1.6904761904761905,68.0,2.547619047619048,11.0,0.0,1.0,1.4047619047622513,-1.0563,loss,ASIA,IFVG,MARKET,BUY,Friday
217,2.0,84.0,2.7435897435897436,12.0,0.0,1.0,0.33333333333244713,0.0,scratch,ASIA,IFVG,MARKET,BUY,Friday
218,1.5753424657534245,40.0,2.6095890410958904,7.0,0.0,1.0,0.027397260273947687,-1.0043,loss,NY,CHoCH,LIMIT_DEGRADED,SELL,Friday
219,0.5928571428571429,56.0,2.7214285714285715,5.0,0.0,1.0,1.1999999999998832,-0.0602,loss,NY,IFVG,MARKET,SELL,Friday
220,2.1290322580645165,68.0,3.0725806451612905,5.0,0.0,1.0,0.7258064516129765,-1.0189,loss,NY,IFVG,MARKET,SELL,Friday
221,2.9397590361445785,34.0,1.6506024096385545,10.0,0.0,1.0,6.120481927710756,-1.0,loss,ASIA,IFVG,MARKET,BUY,Monday
222,2.914634146341464,112.0,1.6707317073170733,10.0,0.0,1.0,5.5000000000002665,-1.0084,loss,ASIA,IFVG,MARKET,BUY,Monday
223,2.2448979591836737,32.0,5.326530612244897,6.0,0.0,1.0,2.9081632653064937,0.0,scratch,NY,IFVG,MARKET,BUY,Monday
224,2.981132075471698,30.0,1.7547169811320755,12.0,0.0,1.0,1.6981132075473413,0.0,scratch,ASIA,IFVG,MARKET,SELL,Tuesday
225,0.8653846153846154,66.0,1.7884615384615385,9.0,0.0,1.0,2.1346153846156293,-1.0222,loss,ASIA,IFVG,MARKET,SELL,Tuesday
226,2.984375,80.0,1.453125,10.0,0.0,1.0,2.8593749999998863,5.8166,win,ASIA,IFVG,MARKET,SELL,Tuesday
227,1.0,28.0,0.4210526315789474,5.0,1.0,1.0,1.1473684210527848,-1.0105,loss,NY,CHoCH,LIMIT,BUY,Tuesday
228,2.141732283464567,70.0,0.31496062992125984,5.0,0.0,1.0,5.212598425196765,0.0,scratch,NY,IFVG,MARKET,BUY,Tuesday
229,2.8793103448275863,34.0,0.13793103448275865,15.0,0.0,1.0,4.534482758620878,-1.0,loss,ASIA,IFVG,MARKET,SELL,Wednesday
230,3.243243243243243,20.0,3.972972972972973,5.0,0.0,1.0,2.8783783783779113,0.0,scratch,NY,IFVG,MARKET,SELL,Wednesday
231,1.4161490683229812,86.0,1.826086956521739,5.0,1.0,1.0,6.86956521739127,1.4474,win,NY,CHoCH,LIMIT,SELL,Wednesday
232,2.620567375886525,18.0,0.6170212765957447,17.0,0.0,1.0,4.017730496453875,-0.0014,scratch,ASIA,IFVG,MARKET,SELL,Thursday
233,1.352112676056338,30.0,2.450704225352113,5.0,0.0,1.0,3.922535211267401,-1.0052,loss,NY,IFVG,MARKET,BUY,Thursday
234,1.5056179775280898,92.0,1.303370786516854,6.0,0.0,1.0,9.359550561797672,-1.0025,loss,NY,IFVG,MARKET,BUY,Thursday
235,1.9230769230769231,108.0,1.4871794871794872,5.0,0.0,1.0,0.3846153846154235,-1.0044,loss,NY,IFVG,MARKET,BUY,Thursday
236,2.32,8.0,2.9600000000000004,6.0,0.0,1.0,0.35999999999997573,-1.0057,loss,ASIA,IFVG,MARKET,BUY,Friday
237,3.142857142857143,44.0,2.4395604395604398,10.0,0.0,1.0,4.747252747252927,-1.0035,loss,ASIA,IFVG,MARKET,BUY,Friday
238,1.4205607476635513,88.0,2.074766355140187,10.0,0.0,1.0,6.411214953271147,-1.0197,loss,ASIA,IFVG,MARKET,BUY,Friday
239,1.2372881355932204,6.0,1.6271186440677967,7.0,0.0,1.0,1.0338983050845763,-0.0205,loss,NY,IFVG,MARKET,BUY,Friday
240,1.52,44.0,1.536,7.0,0.0,1.0,0.31200000000026196,1.1263,win,NY,CHoCH,LIMIT_DEGRADED,BUY,Friday
241,1.6790123456790123,10.0,1.222222222222222,9.0,1.0,0.0,0.6913580246912906,-1.0074,loss,ASIA,CHoCH,LIMIT,SELL,Monday
242,0.9819819819819819,58.0,0.8918918918918918,8.0,1.0,1.0,9.846846846847107,-0.0275,loss,ASIA,CHoCH,LIMIT,SELL,Monday
243,1.5113636363636365,76.0,1.125,7.0,0.0,1.0,1.215909090909277,-1.0075,loss,ASIA,IFVG,MARKET,SELL,Monday
244,1.943820224719101,16.0,5.404494382022471,5.0,0.0,1.0,0.6741573033706844,-1.0058,loss,NY,IFVG,MARKET,BUY,Monday
245,3.388888888888889,34.0,4.453703703703703,5.0,0.0,1.0,0.7777777777779125,-0.0055,scratch,NY,IFVG,MARKET,BUY,Monday
246,2.820895522388059,58.0,3.5895522388059695,5.0,0.0,1.0,0.43283582089546807,-0.0079,scratch,NY,CHoCH,LIMIT_DEGRADED,BUY,Monday
247,4.05,16.0,1.525,15.0,0.0,1.0,3.650000000000091,-1.0031,loss,ASIA,IFVG,MARKET,BUY,Tuesday
248,1.7471264367816093,65.0,1.4022988505747127,12.0,1.0,1.0,3.59770114942489,1.4934,win,ASIA,CHoCH,LIMIT,BUY,Tuesday
249,1.950354609929078,18.0,4.836879432624114,6.0,1.0,1.0,0.6453900709218826,-1.0145,loss,NY,CHoCH,LIMIT,BUY,Tuesday
250,1.844155844155844,26.0,4.428571428571429,7.0,0.0,1.0,0.1233766233766588,-1.0,loss,NY,IFVG,MARKET,BUY,Tuesday
251,1.4148471615720524,52.0,2.978165938864629,5.0,1.0,1.0,4.192139737991226,-0.0031,scratch,NY,CHoCH,LIMIT,BUY,Tuesday
252,2.290322580645161,14.0,1.6451612903225807,14.0,0.0,1.0,3.1451612903230206,1.5423,win,ASIA,IFVG,MARKET,SELL,Wednesday
253,1.7812499999999998,16.0,2.40625,7.0,0.0,1.0,2.0546875000000853,1.193,win,NY,IFVG,MARKET,BUY,Wednesday
254,1.4666666666666668,16.0,2.45,12.0,1.0,1.0,0.16666666666651508,0.0,scratch,ASIA,CHoCH,LIMIT,SELL,Thursday
255,1.956521739130435,40.0,2.130434782608696,16.0,0.0,1.0,1.2608695652178923,-0.0222,loss,ASIA,IFVG,MARKET,SELL,Thursday
256,2.2115384615384612,68.0,2.8269230769230766,16.0,0.0,1.0,0.3269230769223423,-1.0,loss,ASIA,CHoCH,LIMIT_DEGRADED,SELL,Thursday
257,2.3019801980198022,46.0,8.014851485148515,9.0,0.0,1.0,2.826732673267345,-1.0,loss,NY,IFVG,MARKET,BUY,Thursday
258,1.1965317919075145,84.0,9.358381502890174,10.0,0.0,1.0,1.8381502890175092,5.2496,win,NY,IFVG,MARKET,BUY,Thursday
259,3.4969325153374236,62.0,3.631901840490798,17.0,0.0,1.0,1.2760736196318574,-0.0053,scratch,ASIA,IFVG,MARKET,BUY,Monday
260,2.4719626168224296,86.0,2.7663551401869158,8.0,0.0,1.0,0.45327102803728964,0.0,scratch,ASIA,IFVG,MARKET,BUY,Monday
261,1.8,50.0,5.021428571428572,7.0,0.0,1.0,3.8642857142856104,-1.0,loss,NY,IFVG,MARKET,SELL,Monday
262,1.6466165413533833,74.0,5.285714285714286,8.0,0.0,1.0,3.5789473684212165,-1.0183,loss,NY,IFVG,MARKET,SELL,Monday
263,1.4852941176470587,88.0,5.169117647058823,7.0,0.0,1.0,0.4264705882352406,5.7781,win,NY,IFVG,MARKET,SELL,Monday
264,1.4563106796116505,28.0,2.6310679611650483,18.0,0.0,1.0,1.2718446601941218,-1.0133,loss,ASIA,IFVG,MARKET,SELL,Tuesday
265,2.2840909090909087,48.0,3.0795454545454546,9.0,0.0,1.0,1.9204545454546074,1.1194,win,ASIA,IFVG,MARKET,SELL,Tuesday
266,1.3413173652694612,28.0,3.251497005988024,10.0,1.0,1.0,2.6407185628741643,-1.0045,loss,NY,CHoCH,LIMIT,BUY,Tuesday
267,1.221476510067114,50.0,3.6442953020134228,7.0,0.0,1.0,0.5503355704696034,-0.0055,scratch,NY,IFVG,MARKET,BUY,Tuesday
268,2.0571428571428574,72.0,3.8785714285714286,11.0,0.0,1.0,1.0785714285715846,5.524,win,NY,CHoCH,LIMIT_DEGRADED,BUY,Tuesday
269,2.6363636363636362,20.0,1.6515151515151516,15.0,0.0,1.0,3.5606060606059224,-1.0086,loss,ASIA,IFVG,MARKET,SELL,Wednesday
270,1.56140350877193,44.0,1.9122807017543864,5.0,1.0,1.0,0.7192982456141788,-1.0056,loss,ASIA,CHoCH,LIMIT,SELL,Wednesday
271,1.2056737588652482,92.0,1.546099290780142,18.0,0.0,1.0,0.1418439716313992,-1.0,loss,ASIA,IFVG,MARKET,SELL,Wednesday
272,2.5833333333333335,16.0,3.152777777777778,13.0,0.0,1.0,2.1319444444445583,0.0,scratch,NY,CHoCH,LIMIT_DEGRADED,SELL,Wednesday
273,1.1139240506329113,56.0,2.873417721518987,10.0,1.0,1.0,2.2594936708861795,-1.017,loss,NY,CHoCH,LIMIT,SELL,Wednesday
274,2.0318471337579616,76.0,2.8917197452229297,7.0,0.0,1.0,2.343949044585883,-0.0094,scratch,NY,IFVG,MARKET,SELL,Wednesday
275,2.5777777777777775,32.0,2.4,5.0,0.0,0.0,3.411111111111293,-1.0172,loss,ASIA,IFVG,MARKET,SELL,Thursday
276,2.1458333333333335,44.0,2.2500000000000004,16.0,0.0,1.0,0.3645833333332386,-1.0291,loss,ASIA,CHoCH,LIMIT_DEGRADED,SELL,Thursday
277,3.8715596330275224,64.0,1.9816513761467889,15.0,0.0,1.0,3.2293577981651205,-0.0095,scratch,ASIA,IFVG,MARKET,SELL,Thursday
278,2.2849162011173183,42.0,4.005586592178771,5.0,1.0,1.0,0.7597765363129203,-1.0073,loss,NY,CHoCH,LIMIT,SELL,Thursday
279,1.3827160493827162,62.0,4.425925925925926,7.0,0.0,1.0,0.3395061728393377,-1.0089,loss,NY,IFVG,MARKET,SELL,Thursday
280,3.9798657718120802,98.0,4.8120805369127515,10.0,0.0,1.0,1.369127516778499,-1.0034,loss,NY,IFVG,MARKET,SELL,Thursday
281,1.541666666666667,60.0,1.2013888888888888,8.0,1.0,0.0,0.1666666666668309,5.1217,win,ASIA,CHoCH,LIMIT,SELL,Friday
282,2.1313868613138682,28.0,5.664233576642335,11.0,1.0,0.0,0.13868613138690114,0.0,scratch,NY,CHoCH,LIMIT,BUY,Friday
283,1.1671826625386996,58.0,2.4024767801857583,5.0,0.0,0.0,3.1114551083590487,0.0,scratch,NY,IFVG,MARKET,BUY,Friday
284,1.118881118881119,98.0,2.7132867132867133,5.0,1.0,0.0,0.2552447552447616,1.0656,win,NY,CHoCH,LIMIT,BUY,Friday
285,2.301470588235294,38.0,1.1691176470588236,18.0,0.0,1.0,0.4485294117647995,-0.016,scratch,ASIA,CHoCH,LIMIT_DEGRADED,SELL,Monday
286,1.3455497382198953,19.0,3.680628272251309,13.0,1.0,1.0,2.628272251308891,-1.0039,loss,NY,CHoCH,LIMIT,BUY,Monday
287,1.7622641509433963,32.0,2.6528301886792454,5.0,0.0,1.0,3.309433962264144,-0.0021,scratch,NY,IFVG,MARKET,BUY,Monday
288,1.370689655172414,84.0,3.0301724137931036,13.0,1.0,1.0,1.0301724137930486,0.0,scratch,NY,CHoCH,LIMIT,BUY,Monday
289,2.212121212121212,32.0,0.030303030303030304,15.0,0.0,0.0,1.6818181818183746,-0.0137,scratch,ASIA,IFVG,MARKET,BUY,Tuesday
290,3.152173913043478,70.0,0.021739130434782608,11.0,0.0,0.0,1.4565217391300986,-0.0103,scratch,ASIA,IFVG,MARKET,BUY,Tuesday
291,1.3043478260869565,42.0,1.8181818181818181,8.0,0.0,1.0,3.126482213438678,1.303,win,NY,IFVG,MARKET,BUY,Tuesday
292,1.4516129032258065,42.0,2.967741935483871,13.0,1.0,1.0,2.354838709677478,-1.0222,loss,ASIA,CHoCH,LIMIT,BUY,Wednesday
293,3.5045045045045042,116.0,1.6576576576576576,10.0,0.0,1.0,6.396396396396724,1.4293,win,ASIA,IFVG,MARKET,BUY,Wednesday
294,2.65979381443299,8.0,5.31958762886598,7.0,0.0,1.0,1.1649484536078911,-1.0078,loss,NY,IFVG,MARKET,SELL,Wednesday
295,3.8505747126436782,38.0,1.4827586206896552,5.0,1.0,1.0,0.5114942528736207,-0.003,scratch,NY,CHoCH,LIMIT,SELL,Wednesday
296,1.2333333333333334,25.0,0.34444444444444444,19.0,1.0,0.0,1.2666666666665252,-1.009,loss,ASIA,CHoCH,LIMIT,BUY,Thursday
297,2.6805555555555554,48.0,0.4305555555555556,20.0,1.0,0.0,0.05555555555550503,4.1054,win,ASIA,CHoCH,LIMIT,BUY,Thursday
298,1.6592178770949721,26.0,0.0893854748603352,5.0,0.0,0.0,2.2905027932960387,1.2694,win,NY,IFVG,MARKET,BUY,Thursday
299,1.736842105263158,24.0,2.1710526315789473,16.0,0.0,0.0,1.5131578947369617,-0.0152,scratch,ASIA,IFVG,MARKET,BUY,Friday
300,1.936,14.0,4.696,9.0,0.0,1.0,2.168000000000029,0.0,scratch,NY,IFVG,MARKET,BUY,Friday
301,1.037037037037037,38.0,3.105820105820106,9.0,0.0,1.0,0.39682539682539686,-0.0102,scratch,NY,CHoCH,LIMIT_DEGRADED,BUY,Friday
302,1.1045454545454545,52.0,2.668181818181818,11.0,0.0,1.0,0.6227272727272231,0.0,scratch,NY,CHoCH,LIMIT_DEGRADED,BUY,Friday
303,2.0793650793650795,10.0,2.502645502645503,16.0,0.0,0.0,1.0105820105819336,-1.0153,loss,ASIA,IFVG,MARKET,BUY,Monday
304,2.724137931034483,62.0,2.718390804597701,20.0,0.0,0.0,5.637931034482727,0.0,scratch,ASIA,IFVG,MARKET,BUY,Monday
305,2.533536585365854,84.0,1.4420731707317076,17.0,0.0,0.0,0.6524390243902051,-0.0048,scratch,ASIA,IFVG,MARKET,BUY,Monday
306,1.8671875,29.0,1.390625,8.0,1.0,0.0,1.3046874999997016,-1.1381,loss,NY,CHoCH,LIMIT,BUY,Monday
307,2.9509433962264153,48.0,0.6716981132075472,5.0,0.0,0.0,1.3886792452831287,-1.0013,loss,NY,IFVG,MARKET,BUY,Monday
308,2.647840531561462,108.0,0.5913621262458473,9.0,0.0,0.0,2.797342192691054,-1.0,loss,NY,IFVG,MARKET,BUY,Monday
309,1.2276422764227644,50.0,2.4634146341463414,7.0,0.0,1.0,4.731707317073304,-0.0265,loss,ASIA,CHoCH,LIMIT_DEGRADED,SELL,Tuesday
310,2.36,88.0,1.7314285714285713,13.0,0.0,1.0,0.6628571428570597,-1.0048,loss,ASIA,CHoCH,LIMIT_DEGRADED,SELL,Tuesday
311,1.9145299145299148,20.0,3.8974358974358974,5.0,0.0,1.0,0.08547008547000774,0.0,scratch,NY,IFVG,MARKET,SELL,Tuesday
312,2.1153846153846154,52.0,2.505494505494505,9.0,0.0,1.0,1.9835164835165535,-0.0026,scratch,NY,IFVG,MARKET,SELL,Tuesday
313,3.590243902439025,98.0,2.2243902439024392,8.0,0.0,1.0,2.2000000000001068,-0.0027,scratch,NY,IFVG,MARKET,SELL,Tuesday
314,2.6489361702127665,28.0,1.7340425531914894,17.0,0.0,0.0,2.0425531914894393,-1.008,loss,ASIA,IFVG,MARKET,SELL,Wednesday
315,1.6320754716981132,67.0,1.5377358490566035,15.0,1.0,0.0,1.9622641509433274,-1.0,loss,ASIA,CHoCH,LIMIT,SELL,Wednesday
316,1.888059701492537,84.0,1.216417910447761,18.0,1.0,0.0,0.2910447761196473,-1.004,loss,ASIA,CHoCH,LIMIT,SELL,Wednesday
317,2.1354166666666665,18.0,3.7708333333333335,10.0,0.0,0.0,2.1874999999999054,-1.0195,loss,NY,IFVG,MARKET,BUY,Wednesday
318,2.107142857142857,48.0,1.8469387755102042,6.0,0.0,1.0,3.142857142857301,1.3971,win,NY,IFVG,MARKET,BUY,Wednesday
319,1.852941176470588,36.0,3.191176470588235,16.0,1.0,0.0,0.0294117647058556,0.0,scratch,ASIA,CHoCH,LIMIT,BUY,Thursday
320,1.618421052631579,60.0,2.8552631578947367,13.0,0.0,0.0,0.5263157894738039,0.0,scratch,ASIA,IFVG,MARKET,BUY,Thursday
321,2.0294117647058822,76.0,2.127450980392157,15.0,0.0,0.0,0.1078431372550268,-1.0097,loss,ASIA,CHoCH,LIMIT_DEGRADED,BUY,Thursday
322,3.0,8.0,4.0272108843537415,6.0,1.0,1.0,0.6666666666666791,-1.0023,loss,NY,CHoCH,LIMIT,BUY,Thursday
323,1.3891625615763548,46.0,2.9162561576354684,5.0,1.0,1.0,0.20197044334990605,-0.0142,scratch,NY,CHoCH,LIMIT,BUY,Thursday
324,2.284974093264249,72.0,3.067357512953368,8.0,0.0,1.0,0.2642487046630899,-0.0091,scratch,NY,CHoCH,LIMIT_DEGRADED,BUY,Thursday
325,2.4029126213592233,78.0,0.11650485436893203,14.0,0.0,1.0,8.179611650485393,-1.0061,loss,ASIA,IFVG,MARKET,SELL,Friday
326,2.3705882352941177,114.0,0.047058823529411764,20.0,0.0,1.0,4.937254901960753,-0.0008,scratch,ASIA,IFVG,MARKET,SELL,Friday
327,1.4785276073619633,40.0,8.343558282208589,10.0,0.0,1.0,2.9754601226993307,-1.0041,loss,NY,IFVG,MARKET,SELL,Friday
328,1.9259259259259258,60.0,10.074074074074073,11.0,1.0,1.0,0.3259259259259663,1.1923,win,NY,CHoCH,LIMIT,SELL,Friday
329,1.392156862745098,10.0,0.9019607843137255,18.0,1.0,1.0,2.588235294117968,-1.0141,loss,ASIA,CHoCH,LIMIT,BUY,Monday
330,1.372093023255814,36.0,1.0697674418604652,16.0,0.0,1.0,0.34883720930200834,-1.0339,loss,ASIA,IFVG,MARKET,BUY,Monday
331,1.7945205479452055,58.0,1.2602739726027399,19.0,0.0,1.0,2.7534246575339227,-1.0382,loss,ASIA,IFVG,MARKET,BUY,Monday
332,1.3446327683615817,38.0,14.570621468926554,8.0,0.0,1.0,2.1242937853106008,2.6555,win,NY,IFVG,MARKET,SELL,Monday
333,1.602409638554217,21.0,3.987951807228916,16.0,1.0,0.0,0.6867469879520045,-1.0075,loss,ASIA,CHoCH,LIMIT,BUY,Tuesday
334,3.7058823529411766,36.0,3.894117647058824,20.0,0.0,0.0,1.6941176470588877,-1.0063,loss,ASIA,IFVG,MARKET,BUY,Tuesday
335,2.5472972972972974,14.0,4.9324324324324325,9.0,0.0,1.0,3.8648648648650368,-1.0053,loss,NY,IFVG,MARKET,SELL,Tuesday
336,3.00609756097561,32.0,4.451219512195122,7.0,0.0,1.0,0.9939024390244569,-1.0081,loss,NY,IFVG,MARKET,SELL,Tuesday
337,2.174863387978142,48.0,3.9890710382513657,5.0,0.0,1.0,1.7377049180326973,-1.0,loss,NY,IFVG,MARKET,SELL,Tuesday
338,1.5901639344262295,28.0,0.9672131147540983,14.0,1.0,0.0,0.9180327868851564,-1.0206,loss,ASIA,CHoCH,LIMIT,BUY,Wednesday
339,2.8095238095238093,46.0,0.9365079365079364,19.0,0.0,1.0,1.9841269841269842,-1.0226,loss,ASIA,IFVG,MARKET,BUY,Wednesday
340,3.830769230769231,74.0,0.4538461538461538,21.0,0.0,1.0,3.523076923076867,-1.002,loss,ASIA,IFVG,MARKET,BUY,Wednesday
341,1.4565217391304348,62.0,2.8532608695652173,8.0,0.0,1.0,3.6467391304348022,-1.0224,loss,NY,IFVG,MARKET,SELL,Wednesday
342,1.9333333333333333,76.0,2.9166666666666665,5.0,0.0,1.0,1.238888888888899,-0.0172,scratch,NY,IFVG,MARKET,SELL,Wednesday
343,1.6396396396396395,100.0,2.3648648648648645,11.0,0.0,1.0,1.9639639639638162,0.0,scratch,NY,CHoCH,LIMIT_DEGRADED,SELL,Wednesday
344,2.295774647887324,26.0,1.028169014084507,16.0,0.0,0.0,3.0140845070420745,-1.0184,loss,ASIA,IFVG,MARKET,SELL,Thursday
345,1.2459016393442623,56.0,1.1967213114754098,20.0,1.0,0.0,1.3442622950822356,-1.1053,loss,ASIA,CHoCH,LIMIT,SELL,Thursday
346,2.4320987654320985,78.0,0.9012345679012345,18.0,3.0,0.0,0.3209876543206957,-1.0152,loss,ASIA,CHoCH,LIMIT,SELL,Thursday
347,2.0522388059701493,32.0,6.022388059701492,14.0,0.0,1.0,2.6940298507463636,-1.0327,loss,NY,IFVG,MARKET,BUY,Thursday
348,2.654054054054054,36.0,4.3621621621621625,7.0,0.0,1.0,0.8000000000000098,-0.0204,loss,NY,CHoCH,LIMIT_DEGRADED,BUY,Thursday
349,1.7623762376237624,94.0,2.6633663366336635,9.0,0.0,1.0,4.689768976897702,-0.0094,scratch,NY,IFVG,MARKET,BUY,Thursday
350,1.169811320754717,30.0,2.283018867924528,25.0,0.0,0.0,0.7169811320756776,-0.0161,scratch,ASIA,CHoCH,LIMIT_DEGRADED,SELL,Friday
351,2.4,56.0,3.025,26.0,0.0,0.0,1.0750000000007276,1.7083,win,ASIA,CHoCH,LIMIT_DEGRADED,SELL,Friday
352,3.3286713286713288,32.0,3.8041958041958046,23.0,0.0,1.0,0.9230769230767196,-0.0063,scratch,NY,IFVG,MARKET,BUY,Friday
353,1.3688212927756656,56.0,2.0684410646387836,10.0,0.0,1.0,0.7718631178706257,-0.0056,scratch,NY,CHoCH,LIMIT_DEGRADED,BUY,Friday
354,2.0106382978723403,94.0,2.893617021276596,9.0,0.0,1.0,3.2393617021274954,-1.0159,loss,NY,CHoCH,LIMIT_DEGRADED,BUY,Friday
355,1.1694915254237288,27.0,1.2033898305084745,17.0,1.0,0.0,1.796610169491433,-1.087,loss,ASIA,CHoCH,LIMIT,BUY,Monday
356,1.3692307692307693,58.0,1.0923076923076922,17.0,1.0,1.0,6.292307692307916,-1.0899,loss,ASIA,CHoCH,LIMIT,BUY,Monday
357,3.988505747126437,88.0,0.40804597701149425,15.0,0.0,1.0,4.7528735632183805,-1.0216,loss,ASIA,IFVG,MARKET,BUY,Monday
358,3.1908396946564883,54.0,2.7786259541984735,8.0,0.0,1.0,5.458015267175642,-0.0072,scratch,NY,IFVG,MARKET,BUY,Monday
359,2.795238095238095,108.0,1.7333333333333334,8.0,0.0,1.0,3.2714285714285194,1.2692,win,NY,IFVG,MARKET,BUY,Monday
360,1.4516129032258065,51.0,1.806451612903226,18.0,1.0,1.0,2.435483870968094,-1.0,loss,ASIA,CHoCH,LIMIT,SELL,Tuesday
361,1.7125000000000001,62.0,1.4000000000000001,18.0,0.0,1.0,0.6000000000000227,-1.0073,loss,ASIA,CHoCH,LIMIT_DEGRADED,SELL,Tuesday
362,1.6206896551724137,116.0,1.2873563218390807,17.0,1.0,1.0,1.6091954022989552,2.1418,win,ASIA,CHoCH,LIMIT,SELL,Tuesday
363,1.9444444444444446,20.0,8.53968253968254,11.0,0.0,1.0,1.1111111111111833,1.1429,win,NY,IFVG,MARKET,SELL,Tuesday
364,1.0963855421686748,36.0,0.6024096385542169,15.0,1.0,0.0,4.192771084337371,-1.044,loss,ASIA,CHoCH,LIMIT,BUY,Wednesday
365,1.9795918367346939,64.0,0.5102040816326531,14.0,0.0,0.0,3.510204081632245,-1.0,loss,ASIA,IFVG,MARKET,BUY,Wednesday
366,3.7230769230769227,106.0,0.7692307692307692,18.0,0.0,0.0,1.2615384615387133,-1.0413,loss,ASIA,IFVG,MARKET,BUY,Wednesday
367,1.5319148936170215,32.0,4.375886524822695,8.0,0.0,1.0,1.319148936170303,-0.0046,scratch,NY,CHoCH,LIMIT_DEGRADED,BUY,Wednesday
368,1.6666666666666667,76.0,5.273504273504273,6.0,0.0,1.0,1.8974358974357266,4.746,win,NY,CHoCH,LIMIT_DEGRADED,BUY,Wednesday
369,1.2048192771084338,18.0,2.6506024096385548,15.0,0.0,0.0,0.2048192771079735,-1.04,loss,ASIA,IFVG,MARKET,BUY,Thursday
370,2.7037037037037033,40.0,2.7160493827160495,17.0,0.0,0.0,0.7654320987658587,-0.0137,scratch,ASIA,IFVG,MARKET,BUY,Thursday
371,2.969230769230769,98.0,3.3846153846153846,12.0,0.0,0.0,4.55384615384621,-1.0311,loss,ASIA,IFVG,MARKET,BUY,Thursday
372,2.9640718562874255,32.0,8.311377245508982,22.0,0.0,0.0,3.083832335329396,-1.004,loss,NY,IFVG,MARKET,SELL,Thursday
373,1.4603174603174602,52.0,7.343915343915345,7.0,0.0,0.0,0.1322751322751323,2.4855,win,NY,CHoCH,LIMIT_DEGRADED,SELL,Thursday
374,4.142857142857142,46.0,0.4285714285714285,16.0,0.0,0.0,4.714285714285486,-0.0086,scratch,ASIA,IFVG,MARKET,BUY,Friday
375,2.3846153846153846,22.0,3.824175824175824,8.0,0.0,1.0,1.3076923076918678,-0.0092,scratch,NY,IFVG,MARKET,SELL,Friday
376,1.5839416058394158,78.0,1.27007299270073,5.0,0.0,1.0,7.624087591240995,4.2618,win,NY,IFVG,MARKET,SELL,Friday
377,2.0142857142857142,104.0,3.992857142857143,18.0,0.0,1.0,10.399999999999961,-1.0106,loss,ASIA,IFVG,MARKET,SELL,Monday
378,1.922222222222222,16.0,7.288888888888888,14.0,0.0,1.0,3.2333333333331717,-0.0116,scratch,NY,IFVG,MARKET,BUY,Monday
379,2.434146341463415,106.0,3.2,11.0,3.0,1.0,0.2731707317072905,-0.018,scratch,NY,CHoCH,LIMIT,BUY,Monday
380,2.6875,46.0,1.484375,17.0,0.0,0.0,1.4375000000001137,-0.0058,scratch,ASIA,CHoCH,LIMIT_DEGRADED,BUY,Tuesday
381,1.0183486238532111,95.0,0.8715596330275228,16.0,1.0,1.0,1.770642201834712,-1.036,loss,ASIA,CHoCH,LIMIT,BUY,Tuesday
382,1.0305343511450382,48.0,6.366412213740458,10.0,0.0,1.0,3.8320610687022763,-0.0148,scratch,NY,IFVG,MARKET,SELL,Tuesday
383,2.103658536585366,82.0,5.085365853658537,10.0,0.0,1.0,3.847560975609723,-0.0116,scratch,NY,IFVG,MARKET,SELL,Tuesday
384,2.581818181818182,106.0,5.054545454545455,8.0,0.0,1.0,1.0727272727272619,1.3765,win,NY,CHoCH,LIMIT_DEGRADED,SELL,Tuesday
385,1.0217391304347827,42.0,1.028985507246377,10.0,0.0,1.0,1.0000000000000793,-0.0213,loss,NY,IFVG,MARKET,BUY,Wednesday
386,1.5999999999999999,64.0,0.9466666666666667,8.0,0.0,1.0,0.6866666666668001,-1.0042,loss,NY,IFVG,MARKET,BUY,Wednesday
387,2.9195402298850577,84.0,0.8160919540229885,12.0,0.0,1.0,3.7241379310344933,-0.0039,scratch,NY,IFVG,MARKET,BUY,Wednesday
388,1.8333333333333335,17.0,1.1250000000000002,14.0,1.0,1.0,0.062499999999469466,-1.0,loss,ASIA,CHoCH,LIMIT,SELL,Thursday
389,2.68,58.0,1.08,17.0,0.0,1.0,4.460000000000036,-1.0299,loss,ASIA,IFVG,MARKET,SELL,Thursday
390,2.4852941176470584,70.0,0.7941176470588235,20.0,0.0,1.0,0.4264705882352406,-1.0118,loss,ASIA,IFVG,MARKET,SELL,Thursday
391,1.91358024691358,18.0,4.91358024691358,9.0,0.0,1.0,1.2592592592592367,5.9342,win,NY,IFVG,MARKET,BUY,Thursday
392,1.169811320754717,12.0,0.3584905660377358,15.0,1.0,1.0,0.6792452830191081,1.4839,win,ASIA,CHoCH,LIMIT,BUY,Friday
393,1.7614213197969544,46.0,5.878172588832488,10.0,1.0,1.0,4.015228426396096,-1.0086,loss,NY,CHoCH,LIMIT,BUY,Friday
394,3.255,56.0,5.79,5.0,0.0,1.0,1.449999999999818,-1.0046,loss,NY,IFVG,MARKET,BUY,Friday
395,1.536036036036036,68.0,5.216216216216216,9.0,0.0,1.0,0.7342342342342834,1.1026,win,NY,IFVG,MARKET,BUY,Friday
396,1.8500000000000003,42.0,1.5166666666666668,19.0,0.0,0.0,5.383333333333364,-1.036,loss,ASIA,IFVG,MARKET,SELL,Monday
397,3.944444444444444,62.0,1.263888888888889,15.0,0.0,0.0,0.722222222222197,0.9965,win,ASIA,IFVG,MARKET,SELL,Monday
398,2.7218045112781954,24.0,5.338345864661654,10.0,0.0,1.0,2.488721804511579,-0.0083,scratch,NY,IFVG,MARKET,SELL,Monday
399,1.453125,66.0,5.546875,10.0,0.0,1.0,1.6484375000000995,-0.0161,scratch,NY,IFVG,MARKET,SELL,Monday
400,1.3688524590163935,98.0,5.819672131147541,9.0,0.0,1.0,0.0983606557379882,1.7425,win,NY,CHoCH,LIMIT_DEGRADED,SELL,Monday
401,2.019230769230769,12.0,0.7115384615384615,19.0,0.0,1.0,0.13461538461482492,-0.0095,scratch,ASIA,IFVG,MARKET,BUY,Tuesday
402,1.8030303030303028,52.0,0.5606060606060606,14.0,0.0,1.0,4.560606060605702,1.9664,win,ASIA,IFVG,MARKET,BUY,Tuesday
403,4.78,38.0,0.9,7.0,0.0,1.0,3.3700000000001182,1.4251,win,NY,IFVG,MARKET,BUY,Tuesday
404,4.9504950495049505,34.0,0.21122112211221125,12.0,1.0,1.0,0.9768976897689889,-1.0033,loss,NY,CHoCH,LIMIT,BUY,Wednesday
405,1.3,46.0,3.0375,15.0,0.0,1.0,0.9624999999999773,1.3173,win,ASIA,IFVG,MARKET,BUY,Thursday
406,1.824074074074074,20.0,3.8518518518518516,5.0,1.0,1.0,0.3240740740744109,-0.1066,loss,NY,CHoCH,LIMIT,SELL,Thursday
407,1.5741935483870968,34.0,2.6838709677419357,5.0,0.0,1.0,0.07096774193527264,1.4344,win,NY,CHoCH,LIMIT_DEGRADED,SELL,Thursday
408,1.1166666666666667,18.0,1.15,5.0,1.0,0.0,1.8333333333331818,-1.0299,loss,ASIA,CHoCH,LIMIT,SELL,Friday
409,1.8767123287671235,28.0,0.9452054794520548,5.0,0.0,0.0,0.6164383561647574,0.0,scratch,ASIA,IFVG,MARKET,SELL,Friday
410,2.466666666666667,20.0,10.666666666666666,5.0,0.0,1.0,1.5199999999998302,-1.0054,loss,NY,IFVG,MARKET,BUY,Friday
411,1.6442307692307692,34.0,7.692307692307692,5.0,1.0,1.0,0.14423076923085668,-1.0058,loss,NY,CHoCH,LIMIT,BUY,Friday
412,1.3243243243243241,42.0,7.207207207207206,5.0,0.0,1.0,0.8648648648648976,8.0048,win,NY,IFVG,MARKET,BUY,Friday
413,3.2115384615384612,24.0,0.7211538461538461,5.0,0.0,0.0,2.3942307692309965,4.0762,win,ASIA,IFVG,MARKET,BUY,Monday
414,2.945945945945946,60.0,1.5067567567567568,5.0,0.0,1.0,0.4797297297296007,-1.0011,loss,NY,CHoCH,LIMIT_DEGRADED,SELL,Monday
415,1.392,72.0,1.784,5.0,0.0,1.0,0.17600000000002183,-0.0057,scratch,NY,CHoCH,LIMIT_DEGRADED,SELL,Monday
416,1.9041095890410957,26.0,1.6027397260273972,10.0,0.0,0.0,1.3013698630134496,-0.0504,loss,ASIA,IFVG,MARKET,SELL,Tuesday
417,1.4705882352941178,46.0,1.3764705882352941,10.0,0.0,0.0,0.5176470588235936,-1.008,loss,ASIA,CHoCH,LIMIT_DEGRADED,SELL,Tuesday
418,3.054421768707483,68.0,0.7959183673469388,10.0,0.0,0.0,3.9115646258503403,-1.0111,loss,ASIA,IFVG,MARKET,SELL,Tuesday
419,1.6474358974358974,52.0,2.9487179487179485,5.0,0.0,1.0,2.0256410256409323,-1.0661,loss,NY,CHoCH,LIMIT_DEGRADED,BUY,Tuesday
420,2.2009132420091326,70.0,2.1004566210045663,5.0,0.0,1.0,1.2739726027397094,-0.0083,scratch,NY,IFVG,MARKET,BUY,Tuesday
421,3.5167464114832536,108.0,2.200956937799043,5.0,0.0,1.0,0.5789473684210701,-0.0054,scratch,NY,CHoCH,LIMIT_DEGRADED,BUY,Tuesday
422,2.5294117647058822,62.0,0.23529411764705882,5.0,0.0,0.0,2.941176470588235,0.0,scratch,ASIA,IFVG,MARKET,BUY,Wednesday
423,2.6904761904761902,108.0,0.1904761904761905,5.0,0.0,0.0,1.8333333333332902,0.9513,win,ASIA,IFVG,MARKET,BUY,Wednesday
424,1.1890243902439024,17.0,5.024390243902439,5.0,1.0,1.0,1.2621951219513194,-1.0154,loss,NY,CHoCH,LIMIT,SELL,Wednesday
425,1.5096774193548386,34.0,5.316129032258065,5.0,0.0,1.0,1.9483870967741816,-0.0043,scratch,NY,IFVG,MARKET,SELL,Wednesday
426,1.816793893129771,62.0,6.290076335877862,5.0,0.0,1.0,1.2366412213739624,-0.021,loss,NY,IFVG,MARKET,SELL,Wednesday
427,3.6419753086419755,64.0,1.654320987654321,5.0,0.0,0.0,3.3086419753090013,-1.0237,loss,ASIA,IFVG,MARKET,BUY,Thursday
428,0.6556016597510373,106.0,0.5560165975103735,5.0,1.0,1.0,5.016597510373315,-1.0127,loss,ASIA,CHoCH,LIMIT,BUY,Thursday
429,1.7916666666666667,26.0,0.08333333333333334,5.0,1.0,1.0,1.2583333333335154,1.2186,win,NY,CHoCH,LIMIT,SELL,Thursday
430,1.6461538461538463,22.0,1.0307692307692309,5.0,0.0,0.0,3.1384615384614825,-1.028,loss,ASIA,IFVG,MARKET,BUY,Friday
431,2.543478260869565,46.0,0.7282608695652174,5.0,0.0,0.0,4.391304347826047,-1.0043,loss,ASIA,IFVG,MARKET,BUY,Friday
432,2.507692307692307,76.0,0.5153846153846154,5.0,0.0,0.0,1.099999999999874,-0.0123,scratch,ASIA,IFVG,MARKET,BUY,Friday
433,2.450704225352113,44.0,2.0422535211267605,5.0,1.0,0.0,1.8450704225351344,1.0833,win,NY,CHoCH,LIMIT,BUY,Friday
434,2.0483870967741935,13.0,0.7096774193548387,5.0,1.0,1.0,0.22580645161269786,-0.0157,scratch,ASIA,CHoCH,LIMIT,SELL,Monday
435,1.5999999999999999,64.0,0.5499999999999999,5.0,2.0,1.0,0.8625000000000682,-1.0234,loss,ASIA,CHoCH,LIMIT,SELL,Monday
436,1.7326732673267327,80.0,0.43564356435643564,5.0,0.0,1.0,2.2574257425744557,-1.0171,loss,ASIA,IFVG,MARKET,SELL,Monday
437,3.2439024390243905,50.0,4.097560975609756,5.0,1.0,1.0,0.02439024390241684,2.0752,win,NY,CHoCH,LIMIT,BUY,Monday
438,2.8070175438596494,42.0,0.368421052631579,5.0,0.0,0.0,2.2105263157898567,-1.0125,loss,ASIA,IFVG,MARKET,BUY,Tuesday
439,2.3035714285714284,78.0,0.18749999999999997,5.0,0.0,1.0,1.910714285714172,-0.0116,scratch,ASIA,IFVG,MARKET,BUY,Tuesday
440,2.1310344827586207,46.0,0.6137931034482759,5.0,0.0,1.0,6.0206896551724265,-1.0032,loss,NY,IFVG,MARKET,SELL,Tuesday
441,1.4502369668246446,86.0,0.4218009478672986,5.0,0.0,1.0,4.071090047393219,-0.0098,scratch,NY,IFVG,MARKET,SELL,Tuesday
442,2.3846153846153846,24.0,0.13461538461538464,5.0,0.0,0.0,1.3653846153846854,1.4435,win,ASIA,IFVG,MARKET,SELL,Wednesday
443,2.0877192982456143,22.0,9.92982456140351,5.0,1.0,1.0,0.4385964912280702,-1.0084,loss,NY,CHoCH,LIMIT,SELL,Wednesday
444,1.0757575757575757,44.0,8.575757575757576,5.0,1.0,1.0,1.2727272727271486,2.3803,win,NY,CHoCH,LIMIT,SELL,Wednesday
445,0.7215189873417721,16.0,0.12658227848101267,5.0,0.0,1.0,2.7594936708858686,-0.0526,loss,ASIA,IFVG,MARKET,BUY,Thursday
446,1.8333333333333333,30.0,0.15151515151515152,5.0,0.0,1.0,1.0757575757576308,-1.0,loss,ASIA,IFVG,MARKET,BUY,Thursday
447,2.710843373493976,52.0,0.12048192771084339,5.0,0.0,1.0,1.8554216867469442,-0.0089,scratch,ASIA,IFVG,MARKET,BUY,Thursday
448,1.946808510638298,6.0,2.1063829787234045,5.0,0.0,1.0,1.4361702127663445,-1.0109,loss,NY,IFVG,MARKET,BUY,Thursday
449,2.9682539682539684,18.0,1.5714285714285714,5.0,0.0,1.0,1.5317460317459017,1.123,win,NY,IFVG,MARKET,BUY,Thursday
450,2.2068965517241383,32.0,0.03448275862068966,5.0,0.0,0.0,0.931034482758558,1.2578,win,ASIA,IFVG,MARKET,BUY,Friday
451,1.5652173913043481,10.0,0.3768115942028986,5.0,0.0,0.0,1.173913043478182,0.0,scratch,NY,IFVG,MARKET,BUY,Friday
452,2.9236641221374047,32.0,0.1984732824427481,5.0,0.0,0.0,0.6564885496180707,-0.0131,scratch,NY,IFVG,MARKET,BUY,Friday
453,2.214689265536723,104.0,0.14689265536723164,5.0,0.0,1.0,2.033898305084694,-1.0,loss,NY,IFVG,MARKET,BUY,Friday
454,2.1578947368421053,13.0,0.1929824561403509,5.0,1.0,0.0,0.19298245614057427,-0.0081,scratch,ASIA,CHoCH,LIMIT,SELL,Monday
455,2.3292682926829267,68.0,0.13414634146341464,5.0,0.0,0.0,4.097560975609912,-1.0157,loss,ASIA,IFVG,MARKET,SELL,Monday
456,1.030612244897959,88.0,0.11224489795918367,5.0,0.0,0.0,2.5102040816326903,1.2871,win,ASIA,IFVG,MARKET,SELL,Monday
457,2.9809523809523806,24.0,4.3428571428571425,5.0,0.0,0.0,3.40952380952374,1.1757,win,NY,IFVG,MARKET,BUY,Monday
458,1.7021276595744683,8.0,0.14893617021276598,5.0,0.0,0.0,0.7021276595743133,-1.05,loss,ASIA,IFVG,MARKET,SELL,Tuesday
459,2.418181818181818,26.0,0.1272727272727273,5.0,0.0,0.0,1.4545454545449583,-1.0,loss,ASIA,IFVG,MARKET,SELL,Tuesday
460,1.423728813559322,44.0,0.11864406779661019,5.0,0.0,0.0,1.2711864406779663,0.0,scratch,ASIA,IFVG,MARKET,SELL,Tuesday
461,2.444444444444444,10.0,13.464646464646465,5.0,0.0,1.0,1.6161616161615242,-1.0083,loss,NY,IFVG,MARKET,SELL,Tuesday
462,1.9191176470588234,36.0,9.801470588235293,5.0,0.0,1.0,3.5367647058823124,-1.0192,loss,NY,IFVG,MARKET,SELL,Tuesday
463,2.874074074074074,68.0,9.874074074074073,5.0,0.0,1.0,2.1629629629630167,-1.0052,loss,NY,IFVG,MARKET,SELL,Tuesday
464,1.9777777777777779,20.0,1.711111111111111,5.0,1.0,0.0,0.6666666666660603,-0.0674,loss,ASIA,CHoCH,LIMIT,BUY,Wednesday
465,2.4927536231884058,68.0,1.1159420289855073,5.0,0.0,0.0,4.028985507246008,-0.0058,scratch,ASIA,IFVG,MARKET,BUY,Wednesday
466,1.225806451612903,28.0,0.11612903225806451,5.0,0.0,1.0,2.5483870967743694,-1.0053,loss,NY,IFVG,MARKET,SELL,Wednesday
467,2.571428571428571,66.0,0.11180124223602483,5.0,0.0,1.0,4.273291925465906,-1.0,loss,NY,IFVG,MARKET,SELL,Wednesday
468,1.3470588235294119,86.0,0.10588235294117647,5.0,0.0,1.0,1.1235294117646204,-0.0524,loss,NY,IFVG,MARKET,SELL,Wednesday
469,1.631578947368421,12.0,2.6315789473684212,5.0,0.0,0.0,0.4999999999989469,-1.0,loss,ASIA,IFVG,MARKET,SELL,Thursday
470,1.40625,28.0,3.125,5.0,0.0,0.0,1.0625000000004547,0.0,scratch,ASIA,IFVG,MARKET,SELL,Thursday
471,2.1470588235294117,58.0,2.941176470588235,5.0,0.0,0.0,1.5294117647058287,-1.0,loss,ASIA,IFVG,MARKET,SELL,Thursday
472,2.3364055299539173,36.0,2.207373271889401,5.0,0.0,1.0,2.400921658986192,-0.002,scratch,NY,IFVG,MARKET,SELL,Thursday
473,2.8902953586497886,98.0,2.021097046413502,5.0,0.0,1.0,3.64135021097051,-1.0073,loss,NY,IFVG,MARKET,SELL,Thursday
474,1.321969696969697,112.0,1.8143939393939392,5.0,1.0,1.0,0.02651515151504127,-0.0143,scratch,NY,CHoCH,LIMIT,SELL,Thursday
475,1.711111111111111,21.0,0.11111111111111112,5.0,1.0,1.0,0.6444444444443636,-1.0,loss,ASIA,CHoCH,LIMIT,BUY,Friday
476,2.3846153846153846,44.0,0.07692307692307693,5.0,0.0,1.0,0.2000000000001679,0.0,scratch,ASIA,CHoCH,LIMIT_DEGRADED,BUY,Friday
477,1.7419354838709677,114.0,0.053763440860215055,5.0,0.0,1.0,8.376344086021465,-1.0309,loss,ASIA,IFVG,MARKET,BUY,Friday
478,0.95,14.0,13.62,33.0,1.0,1.0,1.8800000000001091,-0.0158,scratch,NY,CHoCH,LIMIT,SELL,Friday
479,2.023346303501946,72.0,10.599221789883268,33.0,0.0,1.0,2.6108949416340788,-1.0038,loss,NY,IFVG,MARKET,SELL,Friday
480,3.502164502164502,96.0,11.792207792207792,9.0,0.0,1.0,0.8051948051948603,-0.0025,scratch,NY,IFVG,MARKET,SELL,Friday
481,2.0,30.0,3.0617283950617282,5.0,0.0,0.0,4.85185185185165,0.0,scratch,ASIA,IFVG,MARKET,BUY,Monday
482,2.08955223880597,72.0,3.7014925373134324,5.0,0.0,0.0,1.238805970149145,1.5714,win,ASIA,IFVG,MARKET,BUY,Monday
483,1.3618421052631577,25.0,6.052631578947368,6.0,2.0,0.0,0.4144736842105981,0.0,scratch,NY,CHoCH,LIMIT,BUY,Monday
484,2.37125748502994,36.0,5.508982035928144,7.0,0.0,0.0,0.02395209580836145,-1.0051,loss,NY,CHoCH,LIMIT_DEGRADED,BUY,Monday
485,2.774647887323944,98.0,6.47887323943662,7.0,0.0,0.0,2.9929577464788735,-1.0025,loss,NY,IFVG,MARKET,BUY,Monday
486,1.625,30.0,1.2,8.0,1.0,0.0,0.09999999999990905,-1.0,loss,ASIA,CHoCH,LIMIT,SELL,Tuesday
487,3.473684210526316,60.0,0.8421052631578948,5.0,0.0,0.0,3.228070175438852,0.8737,win,ASIA,IFVG,MARKET,SELL,Tuesday
488,1.3311258278145695,66.0,1.8807947019867548,5.0,0.0,1.0,2.6887417218542686,-0.0149,scratch,NY,CHoCH,LIMIT_DEGRADED,BUY,Tuesday
489,2.9327354260089686,78.0,1.2735426008968609,5.0,0.0,1.0,1.3183856502242397,-1.0061,loss,NY,CHoCH,LIMIT_DEGRADED,BUY,Tuesday
490,1.0714285714285714,102.0,1.2678571428571426,5.0,0.0,1.0,0.638392857142987,-0.0083,scratch,NY,IFVG,MARKET,BUY,Tuesday
491,1.391304347826087,12.0,1.3478260869565217,5.0,0.0,0.0,0.8260869565209877,-0.0313,loss,ASIA,IFVG,MARKET,SELL,Wednesday
492,2.225,42.0,1.5499999999999998,5.0,0.0,0.0,0.7749999999998636,1.7303,win,ASIA,IFVG,MARKET,SELL,Wednesday
493,2.5319148936170213,26.0,1.1382978723404256,5.0,0.0,0.0,3.2127659574467895,-4.1765,loss,NY,IFVG,MARKET,SELL,Wednesday
494,1.1771428571428573,44.0,0.3057142857142857,5.0,0.0,1.0,4.1142857142857405,-1.0146,loss,NY,IFVG,MARKET,SELL,Wednesday
495,1.4684014869888478,93.0,0.39776951672862454,5.0,1.0,1.0,4.122676579925535,1.8785,win,NY,CHoCH,LIMIT,SELL,Wednesday
496,2.78125,40.0,2.515625,5.0,0.0,0.0,5.921874999999943,-0.0169,scratch,ASIA,IFVG,MARKET,SELL,Thursday
497,1.3829787234042554,114.0,1.1418439716312059,5.0,0.0,1.0,0.3262411347517989,-1.0256,loss,ASIA,IFVG,MARKET,SELL,Thursday
498,2.0625,18.0,7.2142857142857135,5.0,1.0,1.0,1.8749999999999185,0.0,scratch,NY,CHoCH,LIMIT,SELL,Thursday
499,2.550877192982456,40.0,2.8350877192982455,5.0,0.0,1.0,6.400000000000083,1.603,win,NY,IFVG,MARKET,SELL,Thursday
500,2.2147651006711406,14.0,12.315436241610739,5.0,0.0,1.0,1.3758389261746187,-1.0152,loss,NY,IFVG,MARKET,BUY,Friday
501,1.1724137931034484,30.0,10.545977011494253,5.0,0.0,1.0,1.0402298850574399,-1.0098,loss,NY,IFVG,MARKET,BUY,Friday
502,1.508108108108108,53.0,9.91891891891892,5.0,2.0,1.0,0.4918918918918132,-1.0143,loss,NY,CHoCH,LIMIT,BUY,Friday
503,1.6829268292682926,18.0,0.6951219512195121,5.0,1.0,1.0,0.2317073170732373,-1.0072,loss,ASIA,CHoCH,LIMIT,SELL,Monday
504,2.6037735849056602,52.0,1.0754716981132073,5.0,0.0,1.0,0.830188679245386,-0.0072,scratch,ASIA,IFVG,MARKET,SELL,Monday
505,1.8861788617886177,88.0,0.46341463414634143,5.0,0.0,1.0,2.7967479674797193,1.0302,win,ASIA,IFVG,MARKET,SELL,Monday
506,1.9029126213592231,28.0,3.8446601941747574,5.0,1.0,1.0,0.6310679611651369,-1.0102,loss,NY,CHoCH,LIMIT,SELL,Monday
507,2.663157894736842,54.0,4.1684210526315795,5.0,0.0,1.0,1.1052631578944496,-1.004,loss,NY,IFVG,MARKET,SELL,Monday
508,1.5447154471544715,86.0,3.2195121951219514,5.0,0.0,1.0,4.203252032520385,-0.0105,scratch,NY,IFVG,MARKET,SELL,Monday
509,2.9466666666666668,64.0,1.08,5.0,4.0,1.0,0.06666666666630287,-1.0,loss,ASIA,CHoCH,LIMIT,BUY,Tuesday
510,1.2264150943396226,86.0,0.7641509433962265,5.0,0.0,1.0,4.273584905660137,-0.0077,scratch,ASIA,IFVG,MARKET,BUY,Tuesday
511,3.6428571428571432,24.0,6.178571428571429,5.0,0.0,1.0,2.1785714285713422,-1.0261,loss,NY,IFVG,MARKET,SELL,Tuesday
512,1.4928909952606635,48.0,2.459715639810427,5.0,0.0,1.0,4.146919431279621,1.127,win,NY,IFVG,MARKET,SELL,Tuesday
513,2.2708333333333335,26.0,1.1458333333333335,5.0,0.0,0.0,0.4583333333329165,-1.0,loss,ASIA,IFVG,MARKET,SELL,Wednesday
514,2.043478260869565,62.0,1.1956521739130435,5.0,0.0,0.0,0.9782608695658105,1.0638,win,ASIA,CHoCH,LIMIT_DEGRADED,SELL,Wednesday
515,2.683673469387755,48.0,0.8571428571428571,5.0,0.0,1.0,4.540816326530427,-0.0456,loss,NY,IFVG,MARKET,BUY,Wednesday
516,2.0285714285714285,38.0,0.6571428571428573,5.0,0.0,1.0,0.08571428571355813,-0.0141,scratch,ASIA,CHoCH,LIMIT_DEGRADED,SELL,Thursday
517,1.205128205128205,52.0,0.5897435897435898,5.0,0.0,1.0,0.20512820512801855,-1.0638,loss,ASIA,CHoCH,LIMIT_DEGRADED,SELL,Thursday
518,2.172727272727273,78.0,0.20909090909090908,5.0,0.0,1.0,5.254545454545636,-1.0126,loss,ASIA,IFVG,MARKET,SELL,Thursday
519,1.6326530612244898,18.0,2.36734693877551,5.0,0.0,1.0,1.0918367346940445,-0.025,loss,NY,IFVG,MARKET,BUY,Thursday
520,1.8670886075949367,48.0,1.4683544303797467,5.0,0.0,1.0,1.9240506329113694,-0.0102,scratch,NY,IFVG,MARKET,BUY,Thursday
521,1.8571428571428572,64.0,1.183673469387755,5.0,0.0,1.0,0.24489795918368276,5.3979,win,NY,IFVG,MARKET,BUY,Thursday
522,1.626865671641791,60.0,1.8955223880597014,10.0,2.0,1.0,0.5970149253725913,-1.0275,loss,ASIA,CHoCH,LIMIT,BUY,Friday
523,1.025974025974026,66.0,1.6493506493506493,10.0,0.0,1.0,0.44155844155863055,-1.0633,loss,ASIA,CHoCH,LIMIT_DEGRADED,BUY,Friday
524,0.8666666666666667,72.0,1.4111111111111112,10.0,0.0,1.0,0.5333333333333535,-0.0128,scratch,ASIA,CHoCH,LIMIT_DEGRADED,BUY,Friday
525,2.026785714285714,46.0,3.7857142857142856,10.0,0.0,1.0,3.6875000000000973,-1.0,loss,NY,IFVG,MARKET,BUY,Friday
526,1.3008130081300815,66.0,3.4471544715447155,10.0,0.0,1.0,2.13821138211391,-0.0062,scratch,NY,IFVG,MARKET,BUY,Friday
527,2.0,8.0,1.696969696969697,10.0,0.0,0.0,3.424242424242066,-0.0152,scratch,ASIA,IFVG,MARKET,SELL,Monday
528,1.2063492063492063,58.0,1.777777777777778,10.0,0.0,0.0,3.01587301587316,-0.0395,loss,ASIA,IFVG,MARKET,SELL,Monday
529,1.4941176470588236,116.0,1.3176470588235296,10.0,1.0,1.0,5.364705882352877,1.7087,win,ASIA,CHoCH,LIMIT,SELL,Monday
530,2.6129032258064515,6.0,1.3548387096774193,10.0,0.0,1.0,1.4193548387098534,-1.0,loss,NY,IFVG,MARKET,BUY,Monday
531,1.9782608695652173,30.0,1.3695652173913042,10.0,0.0,1.0,1.8369565217391897,-0.011,scratch,NY,IFVG,MARKET,BUY,Monday
532,1.5234375,46.0,0.984375,10.0,0.0,1.0,0.7734374999998295,-0.0103,scratch,NY,IFVG,MARKET,BUY,Monday
533,2.698412698412698,70.0,1.6031746031746033,10.0,0.0,1.0,1.7619047619042423,1.7059,win,ASIA,IFVG,MARKET,SELL,Tuesday
534,1.8846153846153846,24.0,2.0512820512820515,10.0,0.0,1.0,0.05128205128200464,-1.0136,loss,NY,IFVG,MARKET,BUY,Tuesday
535,1.711340206185567,30.0,1.6494845360824744,5.0,1.0,1.0,0.020618556701012175,-1.006,loss,NY,CHoCH,LIMIT,BUY,Tuesday
536,2.454545454545454,64.0,1.038961038961039,10.0,0.0,1.0,3.7792207792208856,-1.0106,loss,NY,IFVG,MARKET,BUY,Tuesday
537,5.404255319148937,36.0,0.1276595744680851,10.0,0.0,1.0,3.0425531914890134,-0.0098,scratch,ASIA,IFVG,MARKET,SELL,Wednesday
538,1.7391304347826089,10.0,2.104347826086957,10.0,0.0,1.0,6.843478260869471,-1.0,loss,NY,IFVG,MARKET,SELL,Wednesday
539,1.817391304347826,22.0,2.104347826086957,10.0,0.0,1.0,0.4260869565215494,-1.0048,loss,NY,IFVG,MARKET,SELL,Wednesday
540,2.2301587301587302,42.0,1.9206349206349205,9.0,0.0,1.0,0.9444444444444877,5.1902,win,NY,IFVG,MARKET,SELL,Wednesday
541,1.4545454545454546,54.0,0.2727272727272727,10.0,0.0,0.0,2.6545454545455205,-0.0125,scratch,ASIA,CHoCH,LIMIT_DEGRADED,BUY,Thursday
542,1.6290322580645162,80.0,0.24193548387096772,10.0,0.0,0.0,0.5483870967744282,-0.0198,scratch,ASIA,CHoCH,LIMIT_DEGRADED,BUY,Thursday
543,2.6853146853146854,32.0,9.608391608391608,10.0,0.0,1.0,1.7972027972025937,-0.0026,scratch,NY,IFVG,MARKET,BUY,Thursday
544,2.6646706586826348,104.0,8.227544910179642,10.0,0.0,1.0,0.9880239520958629,1.1079,win,NY,CHoCH,LIMIT_DEGRADED,BUY,Thursday
545,2.054054054054054,8.0,1.810810810810811,10.0,0.0,0.0,1.1621621621629488,-1.0,loss,ASIA,IFVG,MARKET,BUY,Friday
546,2.5671641791044775,32.0,1.0,10.0,0.0,0.0,4.477611940298507,-1.0058,loss,ASIA,IFVG,MARKET,BUY,Friday
547,1.6825396825396826,46.0,1.0634920634920635,10.0,0.0,0.0,0.5555555555554111,-1.0094,loss,ASIA,IFVG,MARKET,BUY,Friday
548,2.2837837837837838,12.0,10.135135135135135,10.0,0.0,1.0,0.44594594594584763,-1.0237,loss,NY,IFVG,MARKET,BUY,Friday
549,2.09375,32.0,5.859375,13.0,0.0,1.0,0.9921875000003411,-0.0037,scratch,NY,IFVG,MARKET,BUY,Friday
550,1.6796116504854368,54.0,3.640776699029126,10.0,0.0,1.0,0.32038834951449247,-1.0087,loss,NY,IFVG,MARKET,BUY,Friday
551,1.3661971830985915,26.0,0.04225352112676056,10.0,0.0,1.0,1.2112676056339822,-1.0,loss,ASIA,CHoCH,LIMIT_DEGRADED,SELL,Monday
552,2.7096774193548385,52.0,0.04838709677419355,10.0,0.0,1.0,2.1290322580640466,-1.0,loss,ASIA,IFVG,MARKET,SELL,Monday
553,1.0804597701149425,76.0,0.034482758620689655,10.0,0.0,1.0,1.2298850574714526,-1.0106,loss,ASIA,IFVG,MARKET,SELL,Monday
554,1.5454545454545454,24.0,11.93939393939394,10.0,0.0,1.0,2.4242424242425162,-1.0196,loss,NY,IFVG,MARKET,BUY,Monday
555,1.417910447761194,64.0,8.82089552238806,10.0,0.0,1.0,5.611940298507449,-1.0,loss,NY,IFVG,MARKET,BUY,Monday
556,1.3149606299212597,72.0,9.307086614173228,10.0,0.0,1.0,0.16535433070869007,-1.024,loss,NY,CHoCH,LIMIT_DEGRADED,BUY,Monday
557,2.8823529411764706,32.0,0.5294117647058824,10.0,0.0,1.0,1.5882352941184317,-1.0068,loss,ASIA,IFVG,MARKET,BUY,Tuesday
558,1.891304347826087,48.0,0.5869565217391305,10.0,0.0,1.0,0.2826086956514226,-0.0345,loss,ASIA,IFVG,MARKET,BUY,Tuesday
559,1.7230769230769232,78.0,0.4153846153846154,10.0,0.0,1.0,1.5076923076923356,-1.0268,loss,ASIA,IFVG,MARKET,BUY,Tuesday
560,1.7685950413223142,30.0,6.6115702479338845,10.0,0.0,1.0,2.553719008264207,-1.0187,loss,NY,IFVG,MARKET,SELL,Tuesday
561,1.055045871559633,50.0,7.339449541284403,10.0,0.0,1.0,2.486238532110125,-1.0087,loss,NY,IFVG,MARKET,SELL,Tuesday
562,1.3846153846153848,66.0,6.837606837606838,10.0,1.0,1.0,3.991452991453054,-1.0062,loss,NY,CHoCH,LIMIT,SELL,Tuesday
563,2.0882352941176467,18.0,0.47058823529411764,10.0,0.0,1.0,4.147058823530321,-1.0563,loss,ASIA,IFVG,MARKET,SELL,Wednesday
564,1.8863636363636362,34.0,0.36363636363636365,10.0,0.0,1.0,0.818181818181074,-1.012,loss,ASIA,IFVG,MARKET,SELL,Wednesday
565,2.28,68.0,0.32,10.0,0.0,1.0,0.019999999999527063,-1.0088,loss,ASIA,CHoCH,LIMIT_DEGRADED,SELL,Wednesday
566,1.7171717171717171,56.0,3.606060606060606,5.0,0.0,1.0,0.9343434343433884,-0.0118,scratch,NY,CHoCH,LIMIT_DEGRADED,BUY,Wednesday
567,2.165562913907285,90.0,4.728476821192053,5.0,0.0,1.0,0.4238410596025647,2.2202,win,NY,CHoCH,LIMIT_DEGRADED,BUY,Wednesday
568,1.934782608695652,22.0,2.0869565217391304,10.0,0.0,0.0,3.6956521739126478,-0.0112,scratch,ASIA,IFVG,MARKET,BUY,Thursday
569,1.6511627906976745,38.0,2.2325581395348837,10.0,0.0,0.0,0.6744186046521358,1.1268,win,ASIA,CHoCH,LIMIT_DEGRADED,BUY,Thursday
570,1.5384615384615385,48.0,1.4038461538461537,10.0,1.0,0.0,1.096153846154161,-0.0125,scratch,NY,CHoCH,LIMIT,BUY,Thursday
571,1.8,96.0,1.6222222222222222,10.0,0.0,0.0,1.288888888888727,1.0864,win,NY,CHoCH,LIMIT_DEGRADED,BUY,Thursday
572,0.98,56.0,0.5,10.0,0.0,1.0,1.0200000000004366,-0.0408,loss,ASIA,IFVG,MARKET,BUY,Friday
573,1.1571428571428573,98.0,0.35714285714285715,10.0,0.0,1.0,1.4142857142854026,-0.0123,scratch,ASIA,CHoCH,LIMIT_DEGRADED,BUY,Friday
574,2.0517241379310347,112.0,0.4310344827586207,10.0,0.0,1.0,0.4137931034486836,2.0,win,ASIA,CHoCH,LIMIT_DEGRADED,BUY,Friday
575,4.023809523809524,39.0,0.9672619047619048,5.0,1.0,1.0,4.092261904761905,-0.0101,scratch,NY,CHoCH,LIMIT,BUY,Friday
576,1.7301587301587302,40.0,2.5238095238095237,10.0,0.0,1.0,1.0000000000001732,-0.0092,scratch,ASIA,IFVG,MARKET,BUY,Tuesday
577,2.1538461538461537,62.0,2.4461538461538463,7.0,0.0,1.0,0.07692307692335676,0.0,scratch,ASIA,IFVG,MARKET,BUY,Tuesday
578,2.0853658536585367,88.0,1.9390243902439026,10.0,0.0,1.0,0.524390243902794,-0.0058,scratch,ASIA,CHoCH,LIMIT_DEGRADED,BUY,Tuesday
579,1.5522388059701493,12.0,3.5671641791044775,9.0,1.0,1.0,0.477611940298073,-1.0385,loss,NY,CHoCH,LIMIT,SELL,Tuesday
580,1.716417910447761,16.0,3.5671641791044775,9.0,0.0,1.0,0.07462686567191328,1.2696,win,NY,CHoCH,LIMIT_DEGRADED,SELL,Tuesday
581,2.4210526315789473,14.0,1.9473684210526316,10.0,0.0,1.0,0.13157894736889975,-1.0217,loss,ASIA,IFVG,MARKET,BUY,Wednesday
582,1.5999999999999999,64.0,1.6444444444444444,9.0,1.0,1.0,2.0888888888890103,-1.0139,loss,ASIA,CHoCH,LIMIT,BUY,Wednesday
583,4.30379746835443,78.0,0.9367088607594937,9.0,0.0,1.0,2.2531645569622785,-0.0088,scratch,ASIA,IFVG,MARKET,BUY,Wednesday
584,4.05,22.0,10.5875,9.0,0.0,1.0,0.9375,-1.0062,loss,NY,IFVG,MARKET,BUY,Wednesday
585,2.4601769911504427,72.0,7.49557522123894,9.0,0.0,1.0,3.159292035398375,-0.0072,scratch,NY,CHoCH,LIMIT_DEGRADED,BUY,Wednesday
586,1.6578947368421053,22.0,1.2894736842105263,11.0,0.0,0.0,2.1315789473682774,2.4762,win,ASIA,IFVG,MARKET,BUY,Thursday
587,1.4673913043478262,20.0,1.5326086956521738,9.0,0.0,1.0,0.07608695652191708,-1.0148,loss,NY,CHoCH,LIMIT_DEGRADED,BUY,Thursday
588,1.4734848484848484,90.0,0.5340909090909091,10.0,2.0,1.0,1.1022727272728443,-1.0,loss,NY,CHoCH,LIMIT,BUY,Thursday
589,2.9673202614379086,116.0,0.46078431372549017,18.0,0.0,1.0,2.7614379084968212,-0.0022,scratch,NY,IFVG,MARKET,BUY,Thursday
590,1.3727272727272726,18.0,2.1363636363636362,12.0,0.0,0.0,0.9909090909092231,-1.0265,loss,ASIA,IFVG,MARKET,BUY,Friday
591,2.635135135135135,64.0,3.175675675675676,10.0,0.0,0.0,1.5810810810805649,-0.0205,loss,ASIA,IFVG,MARKET,BUY,Friday
592,1.9117647058823528,84.0,2.3039215686274512,11.0,0.0,1.0,1.3921568627451693,-1.0051,loss,ASIA,IFVG,MARKET,BUY,Friday
593,1.8252427184466018,26.0,5.252427184466019,9.0,0.0,1.0,2.553398058252533,2.2819,win,NY,IFVG,MARKET,SELL,Friday
594,1.7999999999999998,24.0,0.5272727272727272,10.0,0.0,1.0,3.2545454545453882,-1.0202,loss,ASIA,IFVG,MARKET,SELL,Monday
595,2.4657534246575343,64.0,0.3972602739726027,10.0,0.0,1.0,2.5342465753423413,-0.0111,scratch,ASIA,IFVG,MARKET,SELL,Monday
596,2.05,84.0,0.29,10.0,0.0,1.0,0.09999999999990905,-1.0049,loss,ASIA,CHoCH,LIMIT_DEGRADED,SELL,Monday
597,1.7358490566037736,58.0,8.292452830188678,9.0,0.0,1.0,4.877358490566106,-1.0,loss,NY,IFVG,MARKET,BUY,Monday
598,2.248,76.0,7.031999999999999,9.0,0.0,1.0,1.511999999999898,-0.0036,scratch,NY,IFVG,MARKET,BUY,Monday
599,2.821192052980132,106.0,5.821192052980132,9.0,0.0,1.0,1.6225165562912702,4.6532,win,NY,IFVG,MARKET,BUY,Monday
600,2.98,14.0,1.94,9.0,0.0,0.0,2.7000000000007276,-1.0336,loss,ASIA,IFVG,MARKET,BUY,Tuesday
601,1.8775510204081634,48.0,1.9795918367346939,9.0,0.0,0.0,1.4693877551016326,4.8531,win,ASIA,IFVG,MARKET,BUY,Tuesday
602,1.7242798353909465,58.0,3.0823045267489713,9.0,0.0,1.0,4.510288065843636,5.1331,win,NY,IFVG,MARKET,BUY,Tuesday
603,0.9038461538461537,54.0,0.04807692307692308,10.0,1.0,1.0,5.634615384615507,1.0319,win,ASIA,CHoCH,LIMIT,SELL,Wednesday
604,2.6981132075471694,32.0,1.2924528301886793,36.0,0.0,1.0,3.6792452830189535,-1.0,loss,NY,IFVG,MARKET,SELL,Wednesday
605,2.611842105263158,76.0,0.9013157894736843,36.0,0.0,1.0,3.552631578947428,-1.0025,loss,NY,IFVG,MARKET,SELL,Wednesday
606,3.0806451612903225,42.0,1.8548387096774193,33.0,0.0,1.0,5.161290322580352,1.0995,win,ASIA,IFVG,MARKET,BUY,Thursday
607,1.75,24.0,1.3958333333333335,36.0,0.0,1.0,1.5833333333333144,-1.006,loss,NY,IFVG,MARKET,SELL,Thursday
608,2.812080536912752,40.0,0.8993288590604027,34.0,0.0,1.0,0.7449664429531055,0.0,scratch,NY,IFVG,MARKET,SELL,Thursday
609,1.9166666666666665,54.0,2.2196969696969697,33.0,1.0,1.0,0.9469696969696969,-1.0,loss,ASIA,CHoCH,LIMIT,SELL,Friday
610,2.033112582781457,62.0,8.145695364238412,36.0,0.0,1.0,0.07284768211928962,1.2117,win,NY,IFVG,MARKET,SELL,Friday
611,1.75,14.0,3.078947368421052,33.0,0.0,1.0,3.65789473684177,-1.0376,loss,ASIA,IFVG,MARKET,BUY,Monday
612,3.1058823529411765,32.0,2.7529411764705882,33.0,0.0,1.0,1.858823529411679,-1.0,loss,ASIA,IFVG,MARKET,BUY,Monday
613,2.4796747967479673,76.0,1.9024390243902438,33.0,0.0,1.0,2.471544715447125,0.0,scratch,ASIA,IFVG,MARKET,BUY,Monday
614,0.9870129870129869,54.0,3.0952380952380953,33.0,0.0,1.0,0.8354978354977646,-1.0,loss,NY,IFVG,MARKET,SELL,Monday
615,1.118881118881119,76.0,5.000000000000001,33.0,0.0,1.0,1.9510489510492437,-0.0063,scratch,NY,IFVG,MARKET,SELL,Monday
616,2.2429378531073447,98.0,4.03954802259887,36.0,1.0,1.0,0.6440677966100975,-0.0025,scratch,NY,CHoCH,LIMIT,SELL,Monday
617,2.25,16.0,0.4807692307692307,34.0,0.0,0.0,2.653846153846364,-1.0085,loss,ASIA,IFVG,MARKET,SELL,Tuesday
618,2.360655737704918,42.0,0.4098360655737705,34.0,0.0,0.0,3.245901639344292,-1.0069,loss,ASIA,IFVG,MARKET,SELL,Tuesday
619,3.0657894736842106,66.0,0.32894736842105265,36.0,0.0,1.0,2.9210526315792826,-1.0043,loss,ASIA,IFVG,MARKET,SELL,Tuesday
620,2.80188679245283,36.0,7.575471698113207,36.0,0.0,1.0,2.4528301886791595,-0.0034,scratch,NY,IFVG,MARKET,BUY,Tuesday
621,2.1956521739130435,68.0,5.818840579710145,36.0,1.0,1.0,0.0362318840577733,-1.0,loss,NY,CHoCH,LIMIT,BUY,Tuesday
622,3.324503311258278,102.0,5.317880794701987,33.0,0.0,1.0,2.006622516556424,-1.0,loss,NY,IFVG,MARKET,BUY,Tuesday
623,2.2777777777777777,63.0,0.4629629629629629,35.0,4.0,1.0,1.9629629629628618,-1.0081,loss,ASIA,CHoCH,LIMIT,SELL,Wednesday
624,2.530434782608696,82.0,0.2173913043478261,33.0,0.0,1.0,1.878260869565091,-0.0069,scratch,ASIA,IFVG,MARKET,SELL,Wednesday
625,0.5384615384615385,116.0,0.24038461538461536,33.0,0.0,1.0,0.44230769230772726,-1.0179,loss,ASIA,IFVG,MARKET,SELL,Wednesday
626,2.4765625,36.0,3.1484375,36.0,1.0,1.0,0.5156250000002416,0.0,scratch,NY,CHoCH,LIMIT,BUY,Wednesday
627,2.4339622641509435,90.0,2.5345911949685536,33.0,0.0,1.0,3.320754716980972,1.2377,win,NY,IFVG,MARKET,BUY,Wednesday
628,2.884057971014493,16.0,1.681159420289855,33.0,0.0,1.0,4.59420289855083,-1.0,loss,ASIA,IFVG,MARKET,BUY,Thursday
629,1.8571428571428572,66.0,0.9747899159663865,35.0,0.0,1.0,1.579831932772819,-0.0045,scratch,ASIA,IFVG,MARKET,BUY,Thursday
630,2.8494623655913975,106.0,0.31182795698924726,33.0,0.0,1.0,6.486559139784975,-1.0019,loss,ASIA,IFVG,MARKET,BUY,Thursday
631,3.0657439446366777,34.0,3.4844290657439445,33.0,0.0,1.0,3.2387543252595594,-1.0011,loss,NY,IFVG,MARKET,SELL,Thursday
632,1.835680751173709,80.0,4.727699530516432,33.0,0.0,1.0,1.8873239436619633,1.6113,win,NY,IFVG,MARKET,SELL,Thursday
633,2.5967741935483875,32.0,0.40322580645161293,33.0,0.0,0.0,0.7903225806455427,-1.0,loss,ASIA,IFVG,MARKET,BUY,Friday
634,2.4242424242424243,74.0,0.1893939393939394,33.0,0.0,0.0,6.045454545454559,5.3284,win,ASIA,IFVG,MARKET,BUY,Friday
635,2.544378698224852,36.0,1.63905325443787,33.0,0.0,1.0,1.6627218934910921,0.0,scratch,NY,IFVG,MARKET,BUY,Friday
636,2.8325123152709364,63.0,1.3645320197044337,33.0,2.0,1.0,0.2266009852216928,1.1235,win,NY,CHoCH,LIMIT,BUY,Friday
637,2.0606060606060606,30.0,1.6818181818181819,35.0,0.0,1.0,0.3787878787878788,0.0,scratch,ASIA,IFVG,MARKET,BUY,Monday
638,1.3618421052631577,68.0,0.730263157894737,33.0,0.0,1.0,0.2828947368422967,-1.0097,loss,ASIA,CHoCH,LIMIT_DEGRADED,BUY,Monday
639,1.3254437869822486,82.0,0.6568047337278107,33.0,0.0,1.0,1.5029585798819045,-1.0,loss,ASIA,IFVG,MARKET,BUY,Monday
640,1.3839285714285714,66.0,5.125,36.0,0.0,1.0,5.062500000000065,-1.0065,loss,NY,IFVG,MARKET,SELL,Monday
641,1.9322033898305084,78.0,4.864406779661017,33.0,0.0,1.0,1.118644067796749,-1.0,loss,NY,IFVG,MARKET,SELL,Monday
642,1.58,90.0,3.8266666666666667,33.0,0.0,1.0,0.5466666666664727,-1.0,loss,NY,IFVG,MARKET,SELL,Monday
643,2.655737704918033,10.0,2.540983606557377,33.0,0.0,0.0,2.2295081967215205,-0.0123,scratch,ASIA,IFVG,MARKET,SELL,Tuesday
644,1.7567567567567568,55.0,2.0945945945945947,36.0,1.0,0.0,3.1351351351353562,-0.0077,scratch,ASIA,CHoCH,LIMIT,SELL,Tuesday
645,3.0921052631578947,22.0,1.2105263157894737,35.0,0.0,1.0,2.4473684210527993,-1.0,loss,NY,IFVG,MARKET,BUY,Tuesday
646,1.6153846153846154,35.0,0.7863247863247864,33.0,1.0,1.0,0.3675213675212276,-1.0,loss,NY,CHoCH,LIMIT,BUY,Tuesday
647,2.006369426751592,82.0,0.5859872611464968,36.0,1.0,1.0,0.3439490445859641,0.0,scratch,NY,CHoCH,LIMIT,BUY,Tuesday
648,3.1875,24.0,1.0208333333333333,33.0,0.0,0.0,2.604166666666667,-1.0131,loss,ASIA,IFVG,MARKET,BUY,Wednesday
649,3.1523809523809523,74.0,0.4666666666666666,33.0,0.0,0.0,4.542857142857125,-0.003,scratch,ASIA,IFVG,MARKET,BUY,Wednesday
650,2.1951219512195124,12.0,4.646341463414634,33.0,0.0,1.0,2.085365853658581,0.0,scratch,NY,IFVG,MARKET,BUY,Wednesday
651,1.6871508379888267,38.0,2.1284916201117317,33.0,0.0,1.0,0.256983240223484,-1.0,loss,NY,CHoCH,LIMIT_DEGRADED,BUY,Wednesday
652,1.375,82.0,2.801470588235294,33.0,0.0,1.0,0.5220588235291042,2.4492,win,NY,CHoCH,LIMIT_DEGRADED,BUY,Wednesday
653,1.4823529411764707,30.0,1.188235294117647,35.0,1.0,0.0,0.14117647058864188,-1.0,loss,ASIA,CHoCH,LIMIT,SELL,Thursday
654,1.288659793814433,60.0,1.041237113402062,33.0,0.0,0.0,2.577319587628866,-1.008,loss,ASIA,IFVG,MARKET,SELL,Thursday
655,2.7929292929292933,94.0,0.51010101010101,36.0,0.0,1.0,4.505050505050542,1.2785,win,ASIA,IFVG,MARKET,SELL,Thursday
656,1.5858585858585859,26.0,2.444444444444444,35.0,0.0,1.0,3.0606060606062626,-1.0,loss,NY,IFVG,MARKET,SELL,Thursday
657,1.2649572649572651,48.0,1.0341880341880343,33.0,0.0,1.0,3.7820512820512433,-1.0034,loss,NY,IFVG,MARKET,SELL,Thursday
658,1.770949720670391,100.0,1.3519553072625698,35.0,0.0,1.0,2.173184357541828,0.0,scratch,NY,IFVG,MARKET,SELL,Thursday
659,3.028571428571429,8.0,0.7000000000000001,34.0,0.0,0.0,1.085714285713948,1.2311,win,ASIA,IFVG,MARKET,BUY,Friday
660,5.752988047808765,32.0,1.0119521912350598,36.0,0.0,1.0,0.9999999999999059,-1.0014,loss,NY,IFVG,MARKET,BUY,Friday
661,1.9129032258064516,76.0,0.19032258064516128,33.0,0.0,1.0,0.6451612903225806,-1.0017,loss,ASIA,CHoCH,LIMIT_DEGRADED,SELL,Monday
662,1.388739946380697,95.0,0.1581769436997319,33.0,1.0,1.0,1.959785522788189,-1.0,loss,ASIA,CHoCH,LIMIT,SELL,Monday
663,2.3863636363636362,16.0,16.68939393939394,33.0,0.0,1.0,1.8446969696969282,1.5175,win,NY,IFVG,MARKET,SELL,Monday
664,1.4551724137931035,28.0,2.689655172413793,33.0,0.0,0.0,4.337931034482733,-1.0,loss,ASIA,IFVG,MARKET,SELL,Tuesday
665,1.9215686274509802,34.0,2.549019607843137,33.0,0.0,1.0,0.5490196078429351,-1.0034,loss,ASIA,IFVG,MARKET,SELL,Tuesday
666,1.0,56.0,2.452830188679245,33.0,0.0,1.0,2.87421383647809,-0.0189,scratch,ASIA,IFVG,MARKET,SELL,Tuesday
667,3.547945205479452,62.0,0.5707762557077626,33.0,0.0,1.0,8.484018264840357,-1.0013,loss,NY,IFVG,MARKET,BUY,Tuesday
668,1.6797153024911031,84.0,0.44483985765124556,33.0,1.0,1.0,1.0640569395017017,-0.0021,scratch,NY,CHoCH,LIMIT,BUY,Tuesday
669,1.1236749116607774,116.0,0.4416961130742049,33.0,0.0,1.0,0.833922261484144,1.239,win,NY,IFVG,MARKET,BUY,Tuesday
670,1.4220183486238531,36.0,3.2935779816513757,33.0,0.0,1.0,2.321100917431376,-0.0129,scratch,ASIA,IFVG,MARKET,SELL,Wednesday
671,1.8294573643410852,78.0,2.782945736434108,33.0,0.0,1.0,1.6976744186043409,1.0339,win,ASIA,IFVG,MARKET,SELL,Wednesday
672,2.258064516129032,36.0,9.016129032258064,33.0,0.0,1.0,2.258064516129179,-0.0107,scratch,NY,IFVG,MARKET,BUY,Wednesday
673,2.0397350993377485,82.0,7.403973509933775,33.0,0.0,1.0,0.6225165562914269,0.0,scratch,NY,CHoCH,LIMIT_DEGRADED,BUY,Wednesday
674,1.1513761467889907,116.0,5.128440366972477,35.0,0.0,1.0,1.4816513761467973,0.0,scratch,NY,IFVG,MARKET,BUY,Wednesday
675,2.8860759493670884,22.0,0.9493670886075949,33.0,0.0,0.0,1.08860759493687,-0.0088,scratch,ASIA,IFVG,MARKET,BUY,Thursday
676,1.0347222222222223,104.0,0.5208333333333334,33.0,0.0,0.0,1.8194444444443687,0.0,scratch,ASIA,CHoCH,LIMIT_DEGRADED,BUY,Thursday
677,0.6226415094339622,26.0,11.566037735849056,36.0,3.0,1.0,0.48427672955973694,-1.0,loss,NY,CHoCH,LIMIT_DEGRADED,BUY,Thursday
678,1.865671641791045,84.0,9.149253731343284,33.0,1.0,1.0,5.004975124378309,1.1707,win,NY,CHoCH,LIMIT,BUY,Thursday
679,1.765432098765432,13.0,0.6666666666666666,33.0,1.0,0.0,0.09876543209923702,0.0,scratch,ASIA,CHoCH,LIMIT,SELL,Friday
680,1.9322033898305084,96.0,0.45762711864406785,33.0,0.0,0.0,2.101694915254253,-1.0,loss,ASIA,IFVG,MARKET,SELL,Friday
681,1.4601769911504425,108.0,0.47787610619469034,33.0,0.0,0.0,0.8495575221239261,-1.0303,loss,ASIA,IFVG,MARKET,SELL,Friday
682,2.5483870967741935,30.0,2.4193548387096775,33.0,0.0,1.0,1.8064516129034165,-0.0063,scratch,NY,IFVG,MARKET,BUY,Friday
683,2.1176470588235294,26.0,3.1568627450980395,33.0,0.0,1.0,1.1372549019606417,-1.0093,loss,ASIA,IFVG,MARKET,SELL,Monday
684,2.0625,60.0,3.354166666666667,34.0,0.0,1.0,2.333333333333106,-1.0202,loss,ASIA,IFVG,MARKET,SELL,Monday
685,1.7999999999999998,66.0,2.476923076923077,33.0,0.0,1.0,1.123076923076951,-1.0,loss,ASIA,IFVG,MARKET,SELL,Monday
686,1.9651162790697674,31.0,8.023255813953488,33.0,2.0,1.0,0.9883720930231501,0.0,scratch,NY,CHoCH,LIMIT,BUY,Monday
687,2.4680851063829787,70.0,7.340425531914894,36.0,0.0,1.0,2.021276595744778,4.0942,win,NY,IFVG,MARKET,BUY,Monday
688,3.327586206896552,52.0,1.7672413793103448,33.0,0.0,1.0,6.405172413793355,-1.0,loss,ASIA,IFVG,MARKET,BUY,Tuesday
689,1.5671641791044777,93.0,1.0199004975124377,33.0,1.0,1.0,4.925373134328404,-0.0032,scratch,ASIA,CHoCH,LIMIT,BUY,Tuesday
690,2.235955056179775,24.0,1.3033707865168538,36.0,1.0,1.0,0.5617977528089888,-1.0101,loss,NY,CHoCH,LIMIT,BUY,Tuesday
691,3.735714285714286,32.0,0.8285714285714285,36.0,1.0,1.0,0.22142857142853248,-1.0,loss,NY,CHoCH,LIMIT,BUY,Tuesday
692,3.7772925764192142,90.0,0.5065502183406113,33.0,0.0,1.0,3.6244541484714965,-0.0012,scratch,NY,IFVG,MARKET,BUY,Tuesday
693,1.2407407407407407,38.0,0.8888888888888888,33.0,1.0,0.0,4.740740740740639,-1.0149,loss,ASIA,CHoCH,LIMIT,SELL,Wednesday
694,3.2083333333333335,58.0,1.0,33.0,0.0,0.0,2.3125000000002656,-1.0,loss,ASIA,IFVG,MARKET,SELL,Wednesday
695,2.1129032258064515,94.0,0.3870967741935484,33.0,0.0,1.0,4.185483870967786,2.4847,win,ASIA,IFVG,MARKET,SELL,Wednesday
696,3.52233676975945,38.0,2.7079037800687282,33.0,0.0,1.0,3.8247422680412746,-1.001,loss,NY,IFVG,MARKET,BUY,Wednesday
697,2.6246418338108883,104.0,2.2578796561604584,33.0,0.0,1.0,4.180515759312362,-1.0011,loss,NY,IFVG,MARKET,BUY,Wednesday
698,3.1551724137931036,30.0,2.413793103448276,34.0,0.0,1.0,0.2758620689660504,1.0492,win,ASIA,IFVG,MARKET,BUY,Thursday
699,3.098591549295775,78.0,2.6450704225352117,33.0,0.0,1.0,9.059154929577424,-0.0009,scratch,NY,IFVG,MARKET,BUY,Thursday
700,2.58273381294964,116.0,3.377697841726619,33.0,0.0,1.0,3.820143884892211,5.5145,win,NY,CHoCH,LIMIT_DEGRADED,BUY,Thursday
701,3.382022471910112,54.0,1.595505617977528,33.0,0.0,0.0,5.3258426966289685,-1.0,loss,ASIA,IFVG,MARKET,BUY,Monday
702,1.9709302325581397,94.0,0.8255813953488372,33.0,1.0,0.0,3.122093023256015,-0.0059,scratch,ASIA,CHoCH,LIMIT,BUY,Monday
703,1.7835051546391754,13.0,6.288659793814433,33.0,1.0,1.0,1.4536082474229992,-1.0,loss,NY,CHoCH,LIMIT,SELL,Monday
704,1.7037037037037037,26.0,5.648148148148147,36.0,0.0,1.0,0.2222222222220201,1.0652,win,NY,IFVG,MARKET,SELL,Monday
705,1.9473684210526319,24.0,0.3859649122807018,35.0,1.0,0.0,1.614035087719426,1.2252,win,ASIA,CHoCH,LIMIT,BUY,Tuesday
706,2.972222222222222,20.0,15.49074074074074,33.0,0.0,1.0,0.9999999999999326,-1.0031,loss,NY,IFVG,MARKET,BUY,Tuesday
707,2.6357615894039736,44.0,11.079470198675496,35.0,0.0,1.0,1.6490066225164117,0.0,scratch,NY,IFVG,MARKET,BUY,Tuesday
708,2.0065359477124183,72.0,10.934640522875817,35.0,0.0,1.0,2.0392156862744386,-0.0033,scratch,NY,IFVG,MARKET,BUY,Tuesday
709,2.7936507936507935,44.0,2.9047619047619047,33.0,0.0,0.0,3.44444444444456,-0.0057,scratch,ASIA,IFVG,MARKET,SELL,Wednesday
710,2.479338842975207,76.0,1.512396694214876,35.0,1.0,0.0,0.42975206611568745,-0.0067,scratch,ASIA,CHoCH,LIMIT,SELL,Wednesday
711,1.8504672897196262,22.0,1.3831775700934579,36.0,0.0,0.0,0.42990654205610873,0.0,scratch,NY,IFVG,MARKET,SELL,Wednesday
712,2.5391304347826087,70.0,1.2869565217391306,35.0,0.0,0.0,2.008695652174261,2.0171,win,NY,IFVG,MARKET,SELL,Wednesday
713,1.3666666666666667,25.0,0.7,33.0,2.0,0.0,0.3666666666663332,-0.0122,scratch,ASIA,CHoCH,LIMIT,SELL,Thursday
714,1.7656249999999998,58.0,0.65625,33.0,0.0,0.0,3.109374999999659,5.5028,win,ASIA,IFVG,MARKET,SELL,Thursday
715,2.6815286624203822,32.0,4.10828025477707,36.0,0.0,1.0,0.8471337579617371,-1.0,loss,NY,CHoCH,LIMIT_DEGRADED,SELL,Thursday
716,1.643979057591623,48.0,3.3769633507853407,33.0,0.0,1.0,2.2774869109947167,5.3281,win,NY,IFVG,MARKET,SELL,Thursday
717,2.2790697674418605,12.0,4.4186046511627906,33.0,0.0,1.0,0.8372093023258775,-0.0102,scratch,ASIA,IFVG,MARKET,BUY,Friday
718,2.1616161616161618,62.0,1.9191919191919191,35.0,0.0,1.0,0.25252525252525254,-1.0,loss,ASIA,IFVG,MARKET,BUY,Friday
719,2.3893805309734515,78.0,1.68141592920354,33.0,0.0,1.0,1.256637168141255,-1.0074,loss,ASIA,IFVG,MARKET,BUY,Friday
720,2.675925925925926,46.0,7.74074074074074,33.0,0.0,1.0,2.6111111111108416,-0.0035,scratch,NY,IFVG,MARKET,BUY,Friday
721,3.0895522388059695,26.0,2.6865671641791042,33.0,0.0,1.0,1.6417910447759836,-1.0097,loss,ASIA,IFVG,MARKET,BUY,Monday
722,3.04,68.0,1.8,33.0,0.0,1.0,1.5099999999997635,-1.0033,loss,ASIA,IFVG,MARKET,BUY,Monday
723,1.7634408602150535,106.0,1.9354838709677418,33.0,0.0,1.0,2.0322580645159922,0.0,scratch,ASIA,IFVG,MARKET,BUY,Monday
724,2.8771929824561404,44.0,8.964912280701755,33.0,0.0,1.0,2.6052631578949605,-1.0,loss,NY,IFVG,MARKET,BUY,Monday
725,3.7272727272727275,72.0,7.1468531468531475,33.0,0.0,1.0,1.944055944055766,-1.0,loss,NY,IFVG,MARKET,BUY,Monday
726,1.827586206896552,34.0,2.7068965517241383,33.0,0.0,1.0,1.0172413793098118,1.3868,win,ASIA,IFVG,MARKET,SELL,Tuesday
727,1.7264150943396226,52.0,0.3113207547169811,33.0,0.0,1.0,4.443396226415128,0.0,scratch,NY,IFVG,MARKET,BUY,Tuesday
728,1.6826347305389222,90.0,0.1976047904191617,33.0,0.0,1.0,3.550898203592989,1.3416,win,NY,IFVG,MARKET,BUY,Tuesday
729,1.673469387755102,34.0,2.0816326530612246,33.0,0.0,0.0,0.3673469387751761,-1.0,loss,ASIA,CHoCH,LIMIT_DEGRADED,SELL,Wednesday
730,1.826086956521739,44.0,2.217391304347826,33.0,0.0,0.0,0.869565217391502,-0.0119,scratch,ASIA,IFVG,MARKET,SELL,Wednesday
731,2.2183098591549295,82.0,7.281690140845071,33.0,0.0,1.0,5.838028169014059,-1.0032,loss,NY,IFVG,MARKET,SELL,Wednesday
732,2.7477064220183487,96.0,4.743119266055046,33.0,0.0,1.0,1.784403669724712,0.0,scratch,NY,IFVG,MARKET,SELL,Wednesday
733,1.192982456140351,42.0,0.9561403508771932,33.0,0.0,1.0,0.9649122807020736,-1.0,loss,ASIA,IFVG,MARKET,BUY,Thursday
734,2.430769230769231,62.0,1.676923076923077,36.0,0.0,1.0,0.8153846153842236,-1.0,loss,ASIA,IFVG,MARKET,BUY,Thursday
735,2.178082191780822,96.0,1.493150684931507,33.0,0.0,1.0,0.5890410958901867,0.0,scratch,ASIA,IFVG,MARKET,BUY,Thursday
736,1.5053763440860215,56.0,1.2078853046594982,33.0,1.0,1.0,5.508960573476664,2.4295,win,NY,CHoCH,LIMIT,BUY,Thursday
737,1.2173913043478262,32.0,1.4130434782608696,33.0,0.0,1.0,0.0652173913047828,1.2143,win,ASIA,CHoCH,LIMIT_DEGRADED,SELL,Friday
738,1.3243243243243243,35.0,0.5743243243243243,33.0,1.0,1.0,0.5810810810811671,-1.0051,loss,NY,CHoCH,LIMIT,BUY,Friday
739,1.6981132075471699,38.0,0.5345911949685535,33.0,0.0,1.0,1.6289308176098682,-1.0,loss,NY,CHoCH,LIMIT_DEGRADED,BUY,Friday
740,1.4504504504504505,54.0,0.38288288288288286,33.0,0.0,1.0,0.7387387387388862,-1.0,loss,NY,IFVG,MARKET,BUY,Friday
741,2.4583333333333335,54.0,0.22916666666666669,33.0,0.0,1.0,3.6666666666671217,0.0,scratch,ASIA,IFVG,MARKET,SELL,Monday
742,1.6037735849056602,74.0,0.10377358490566037,33.0,0.0,1.0,0.20754716981113197,-1.0059,loss,ASIA,CHoCH,LIMIT_DEGRADED,SELL,Monday
743,2.4347826086956523,66.0,1.5217391304347827,33.0,0.0,1.0,2.5217391304351255,-1.0,loss,NY,CHoCH,LIMIT_DEGRADED,BUY,Monday
744,1.9294117647058824,74.0,1.2352941176470589,33.0,0.0,1.0,3.282352941176428,-1.0061,loss,NY,CHoCH,LIMIT_DEGRADED,BUY,Monday
745,2.536082474226804,94.0,1.0824742268041239,33.0,0.0,1.0,0.6804123711343394,-1.0041,loss,NY,IFVG,MARKET,BUY,Monday
746,2.122448979591837,28.0,1.6326530612244898,33.0,0.0,1.0,0.6734693877549536,5.0622,win,ASIA,CHoCH,LIMIT_DEGRADED,SELL,Tuesday
747,2.593167701863354,22.0,2.1925465838509313,33.0,0.0,1.0,3.195652173913032,1.0982,win,NY,IFVG,MARKET,SELL,Tuesday
748,2.7857142857142856,8.0,0.17857142857142858,33.0,0.0,1.0,1.3214285714289935,-0.0192,scratch,ASIA,IFVG,MARKET,SELL,Wednesday
749,2.6818181818181817,78.0,0.15151515151515152,33.0,0.0,1.0,0.3787878787878788,-0.0056,scratch,ASIA,CHoCH,LIMIT_DEGRADED,SELL,Wednesday
750,1.9277108433734942,94.0,0.12048192771084339,33.0,0.0,1.0,0.5301204819277766,-1.0,loss,ASIA,CHoCH,LIMIT_DEGRADED,SELL,Wednesday
751,1.683673469387755,10.0,0.7857142857142857,36.0,1.0,1.0,0.3877551020409277,-1.0,loss,NY,CHoCH,LIMIT,BUY,Wednesday
752,2.1707317073170733,36.0,0.6260162601626017,33.0,0.0,1.0,2.1138211382113083,-1.0,loss,NY,IFVG,MARKET,BUY,Wednesday
753,1.8734939759036144,66.0,0.46385542168674704,33.0,0.0,1.0,1.0542168674698795,-1.0064,loss,NY,IFVG,MARKET,BUY,Wednesday
754,3.3777777777777778,20.0,0.35555555555555557,33.0,0.0,0.0,1.022222222222303,-1.0132,loss,ASIA,IFVG,MARKET,BUY,Thursday
755,2.9,40.0,0.32,33.0,0.0,0.0,1.1400000000003274,-1.0,loss,ASIA,IFVG,MARKET,BUY,Thursday
756,2.246153846153846,66.0,0.24615384615384614,33.0,1.0,0.0,0.04615384615415398,-0.0068,scratch,ASIA,CHoCH,LIMIT,BUY,Thursday
757,2.7280701754385968,16.0,9.42982456140351,35.0,0.0,1.0,1.140350877193142,-0.0032,scratch,NY,IFVG,MARKET,BUY,Thursday
758,1.5906432748538013,76.0,6.286549707602339,33.0,1.0,1.0,2.4853801169590644,-0.0037,scratch,NY,CHoCH,LIMIT,BUY,Thursday
759,1.7159090909090908,112.0,6.107954545454546,33.0,0.0,1.0,1.755681818181901,-1.0066,loss,NY,IFVG,MARKET,BUY,Thursday
760,2.1463414634146343,26.0,0.8536585365853658,33.0,0.0,1.0,2.317073170732373,-1.0114,loss,ASIA,IFVG,MARKET,BUY,Friday
761,2.5121951219512195,40.0,0.8536585365853658,33.0,0.0,1.0,1.5365853658528157,-1.068,loss,ASIA,IFVG,MARKET,BUY,Friday
762,1.6862745098039216,64.0,0.6862745098039215,35.0,1.0,1.0,0.333333333333476,-1.0116,loss,ASIA,CHoCH,LIMIT,BUY,Friday
763,4.520231213872832,68.0,0.40173410404624277,33.0,0.0,1.0,3.6907514450867,-0.0006,scratch,NY,IFVG,MARKET,SELL,Friday
764,2.148148148148148,8.0,0.07407407407407407,33.0,0.0,1.0,2.3333333333337376,-1.0,loss,ASIA,IFVG,MARKET,SELL,Monday
765,0.9012345679012345,68.0,0.04938271604938271,33.0,0.0,1.0,1.1111111111112233,-1.0,loss,ASIA,CHoCH,LIMIT_DEGRADED,SELL,Monday
766,2.048780487804878,74.0,0.04878048780487805,33.0,0.0,1.0,0.6829268292682261,-1.0,loss,ASIA,CHoCH,LIMIT_DEGRADED,SELL,Monday
767,2.8269230769230766,68.0,2.192307692307692,36.0,0.0,1.0,3.0384615384613984,0.0,scratch,NY,IFVG,MARKET,BUY,Monday
768,1.8947368421052635,16.0,0.14035087719298248,33.0,0.0,1.0,1.5438596491222008,-1.0093,loss,ASIA,IFVG,MARKET,BUY,Tuesday
769,1.8979591836734695,32.0,0.163265306122449,33.0,0.0,1.0,2.367346938776141,-0.0215,loss,ASIA,IFVG,MARKET,BUY,Tuesday
770,3.045454545454545,68.0,0.12121212121212122,33.0,0.0,1.0,0.939393939394463,-1.0249,loss,ASIA,IFVG,MARKET,BUY,Tuesday
771,1.90625,12.0,0.484375,33.0,1.0,1.0,0.3437500000003979,0.0,scratch,NY,CHoCH,LIMIT,BUY,Tuesday
772,1.0303030303030303,90.0,0.23484848484848483,33.0,2.0,1.0,0.5681818181818181,-1.0,loss,NY,CHoCH,LIMIT,BUY,Tuesday
773,2.7818181818181817,30.0,2.509090909090909,34.0,0.0,1.0,0.6181818181820827,-1.0,loss,ASIA,IFVG,MARKET,BUY,Wednesday
774,2.3661971830985915,72.0,1.9436619718309858,33.0,0.0,1.0,3.802816901408835,1.494,win,ASIA,IFVG,MARKET,BUY,Wednesday
775,1.3118279569892473,58.0,0.25,33.0,1.0,1.0,4.975806451612839,-0.002,scratch,NY,CHoCH,LIMIT,BUY,Wednesday
776,2.1120689655172415,98.0,0.4008620689655173,33.0,0.0,1.0,0.840517241379232,-1.002,loss,NY,IFVG,MARKET,BUY,Wednesday
777,2.4615384615384612,44.0,2.128205128205128,33.0,1.0,0.0,0.7435897435896502,-1.0,loss,ASIA,CHoCH,LIMIT,SELL,Thursday
778,1.5189873417721518,84.0,1.050632911392405,33.0,1.0,0.0,3.3544303797469506,-1.0083,loss,ASIA,CHoCH,LIMIT,SELL,Thursday
779,0.9838709677419355,108.0,1.3387096774193548,33.0,1.0,0.0,0.919354838709208,1.5902,win,ASIA,CHoCH,LIMIT,SELL,Thursday
780,1.935897435897436,14.0,4.576923076923077,33.0,1.0,1.0,0.28205128205102553,-0.0066,scratch,NY,CHoCH,LIMIT,BUY,Thursday
781,1.943262411347518,32.0,2.5319148936170213,38.0,0.0,1.0,0.20567375886522243,2.3358,win,NY,CHoCH,LIMIT_DEGRADED,BUY,Thursday
782,3.056603773584906,32.0,0.830188679245283,35.0,0.0,0.0,2.0188679245286107,-0.0062,scratch,ASIA,IFVG,MARKET,BUY,Friday
783,1.5876288659793816,56.0,0.4536082474226804,33.0,0.0,1.0,1.1752577319591004,2.4156,win,ASIA,CHoCH,LIMIT_DEGRADED,BUY,Friday
784,1.53,13.0,1.77,35.0,1.0,1.0,0.2699999999999818,-0.0065,scratch,NY,CHoCH,LIMIT,BUY,Friday
785,1.8679245283018866,22.0,0.056603773584905655,33.0,0.0,0.0,4.056603773585077,-1.0101,loss,ASIA,IFVG,MARKET,SELL,Monday
786,1.7608695652173914,56.0,0.06521739130434782,33.0,0.0,0.0,1.456521739130593,-1.0123,loss,ASIA,IFVG,MARKET,SELL,Monday
787,2.653061224489796,66.0,0.061224489795918366,36.0,0.0,0.0,0.326530612244601,-1.0,loss,ASIA,IFVG,MARKET,SELL,Monday
788,1.7472527472527473,18.0,0.9120879120879121,33.0,0.0,0.0,0.23076923076927075,0.0,scratch,NY,CHoCH,LIMIT_DEGRADED,SELL,Monday
789,1.8333333333333335,84.0,0.8645833333333334,33.0,1.0,0.0,2.979166666666326,-1.0,loss,NY,CHoCH,LIMIT,SELL,Monday
790,2.4444444444444446,98.0,0.6587301587301587,35.0,0.0,1.0,0.4365079365080809,-1.0,loss,NY,IFVG,MARKET,SELL,Monday
791,2.709090909090909,14.0,1.109090909090909,33.0,0.0,1.0,0.7090909090915043,-1.0134,loss,ASIA,IFVG,MARKET,BUY,Tuesday
792,2.43859649122807,32.0,1.0701754385964912,33.0,0.0,1.0,1.5087719298239872,-1.0,loss,ASIA,IFVG,MARKET,BUY,Tuesday
793,2.409090909090909,64.0,1.3863636363636362,33.0,0.0,1.0,4.227272727273017,-1.0,loss,ASIA,IFVG,MARKET,BUY,Tuesday
794,3.1335740072202163,54.0,0.02888086642599278,33.0,0.0,1.0,3.7075812274368167,-1.0046,loss,NY,IFVG,MARKET,BUY,Tuesday
795,2.903225806451613,26.0,2.8225806451612905,33.0,0.0,1.0,2.85483870967739,-1.0111,loss,ASIA,IFVG,MARKET,BUY,Wednesday
796,2.5423728813559325,52.0,2.9661016949152543,33.0,0.0,1.0,0.13559322033885973,-0.0133,scratch,ASIA,IFVG,MARKET,BUY,Wednesday
797,2.435185185185185,100.0,1.6203703703703702,33.0,0.0,1.0,2.0925925925923736,-1.0,loss,ASIA,CHoCH,LIMIT_DEGRADED,BUY,Wednesday
798,1.5698924731182795,22.0,5.924731182795698,33.0,0.0,1.0,1.0000000000003129,-1.0,loss,NY,IFVG,MARKET,BUY,Wednesday
799,2.4791666666666665,42.0,5.739583333333333,33.0,0.0,1.0,2.552083333333144,0.0,scratch,NY,IFVG,MARKET,BUY,Wednesday
800,1.418918918918919,106.0,3.722972972972973,33.0,0.0,1.0,2.96621621621613,-1.0,loss,NY,IFVG,MARKET,BUY,Wednesday
801,1.2894736842105263,30.0,0.9342105263157894,33.0,0.0,0.0,0.36842105263124386,-0.0102,scratch,ASIA,IFVG,MARKET,BUY,Thursday
802,2.158333333333333,72.0,0.5916666666666667,33.0,0.0,0.0,3.5000000000002274,-1.0,loss,ASIA,IFVG,MARKET,BUY,Thursday
803,1.7077922077922076,86.0,0.461038961038961,33.0,1.0,0.0,0.2597402597403188,-1.0038,loss,ASIA,CHoCH,LIMIT,BUY,Thursday
804,1.6666666666666665,22.0,16.10185185185185,36.0,1.0,0.0,0.08333333333346807,-1.0,loss,NY,CHoCH,LIMIT,BUY,Thursday
805,2.014925373134328,58.0,6.4888059701492535,36.0,0.0,0.0,5.847014925373161,-0.0019,scratch,NY,IFVG,MARKET,BUY,Thursday
806,2.7336244541484715,90.0,7.593886462882097,36.0,0.0,0.0,1.10917030567684,-1.0016,loss,NY,CHoCH,LIMIT_DEGRADED,BUY,Thursday
807,3.28125,6.0,0.125,33.0,0.0,0.0,1.3125000000002274,-1.0095,loss,ASIA,IFVG,MARKET,BUY,Friday
808,3.7441860465116283,18.0,0.09302325581395349,36.0,0.0,0.0,0.8139534883718815,-0.0062,scratch,ASIA,IFVG,MARKET,BUY,Friday
809,2.214285714285714,68.0,0.07142857142857142,33.0,0.0,0.0,0.8214285714286363,-1.0081,loss,ASIA,CHoCH,LIMIT_DEGRADED,BUY,Friday
810,1.9650349650349652,40.0,9.6993006993007,33.0,0.0,1.0,1.2307692307693834,-1.0,loss,NY,CHoCH,LIMIT_DEGRADED,BUY,Friday
811,2.313131313131313,82.0,7.005050505050504,33.0,0.0,1.0,2.904040404040404,-1.0,loss,NY,IFVG,MARKET,BUY,Friday
812,1.8583690987124464,98.0,5.952789699570815,33.0,0.0,1.0,1.8969957081545377,-1.0,loss,NY,IFVG,MARKET,BUY,Friday
813,1.7209302325581395,34.0,0.930232558139535,33.0,0.0,0.0,1.9767441860473578,1.9595,win,ASIA,IFVG,MARKET,SELL,Monday
814,1.8809523809523812,12.0,2.25,33.0,1.0,1.0,0.5119047619051084,-1.019,loss,NY,CHoCH,LIMIT,BUY,Monday
815,3.2385321100917426,44.0,1.7339449541284402,33.0,0.0,1.0,2.7522935779816513,1.0312,win,NY,IFVG,MARKET,BUY,Monday
816,1.5,20.0,1.120689655172414,33.0,0.0,1.0,1.4310344827592794,0.0,scratch,ASIA,IFVG,MARKET,SELL,Tuesday
817,2.110091743119266,82.0,0.5963302752293578,33.0,0.0,1.0,3.844036697247756,-1.0,loss,ASIA,IFVG,MARKET,SELL,Tuesday
818,1.6796116504854368,108.0,0.6310679611650486,33.0,0.0,1.0,0.36893203883505743,-0.0116,scratch,ASIA,IFVG,MARKET,SELL,Tuesday
819,1.4585987261146496,38.0,2.1847133757961785,33.0,0.0,1.0,2.299363057324632,-1.0,loss,NY,IFVG,MARKET,SELL,Tuesday
820,2.084507042253521,62.0,2.415492957746479,36.0,0.0,1.0,2.753521126760781,-1.0,loss,NY,IFVG,MARKET,SELL,Tuesday
821,2.279761904761905,88.0,2.041666666666667,33.0,0.0,1.0,4.3571428571429545,-1.0104,loss,NY,IFVG,MARKET,SELL,Tuesday
822,2.389830508474576,40.0,0.01694915254237288,33.0,0.0,0.0,2.644067796610077,-1.0,loss,ASIA,IFVG,MARKET,SELL,Wednesday
823,1.7586206896551724,66.0,0.011494252873563218,34.0,0.0,0.0,3.6666666666667296,-0.0131,scratch,ASIA,IFVG,MARKET,SELL,Wednesday
824,2.520661157024793,22.0,0.6198347107438017,33.0,0.0,0.0,2.570247933884403,-1.0,loss,NY,IFVG,MARKET,SELL,Wednesday
825,1.0999999999999999,36.0,0.6818181818181818,33.0,0.0,0.0,0.14545454545441316,0.0,scratch,NY,IFVG,MARKET,SELL,Wednesday
826,1.4861111111111112,92.0,0.5208333333333334,36.0,0.0,1.0,4.624999999999899,0.0,scratch,NY,CHoCH,LIMIT_DEGRADED,SELL,Wednesday
827,2.4,42.0,3.5818181818181816,33.0,0.0,0.0,4.636363636363967,-1.0076,loss,ASIA,IFVG,MARKET,SELL,Thursday
828,1.8227848101265822,66.0,2.4936708860759493,33.0,0.0,0.0,1.544303797468101,-1.0139,loss,ASIA,IFVG,MARKET,SELL,Thursday
829,2.340909090909091,78.0,2.2386363636363638,33.0,0.0,0.0,0.6931818181819629,-1.0,loss,ASIA,IFVG,MARKET,SELL,Thursday
830,3.155440414507772,26.0,9.233160621761659,33.0,0.0,1.0,4.388601036269327,-1.0033,loss,NY,IFVG,MARKET,BUY,Thursday
831,3.384858044164038,54.0,5.621451104100947,35.0,0.0,1.0,1.5331230283912074,-1.0009,loss,NY,IFVG,MARKET,BUY,Thursday
832,2.1235632183908044,88.0,5.120689655172414,33.0,0.0,1.0,2.6005747126437306,-1.0027,loss,NY,IFVG,MARKET,BUY,Thursday
833,2.0,52.0,0.39344262295081966,33.0,1.0,0.0,4.459016393443041,-1.0,loss,ASIA,CHoCH,LIMIT,BUY,Friday
834,2.9864864864864864,68.0,0.32432432432432434,35.0,0.0,0.0,1.4054054054053562,0.0,scratch,ASIA,IFVG,MARKET,BUY,Friday
835,3.0743801652892566,114.0,0.19834710743801653,33.0,0.0,1.0,3.008264462810188,-0.0027,scratch,ASIA,IFVG,MARKET,BUY,Friday
836,1.9166666666666667,42.0,0.5222222222222221,33.0,0.0,1.0,3.388888888888838,-1.0,loss,NY,IFVG,MARKET,SELL,Friday
837,2.0191387559808613,50.0,0.44976076555023925,33.0,0.0,1.0,0.9377990430622184,-0.0024,scratch,NY,IFVG,MARKET,SELL,Friday
838,2.2962962962962963,42.0,1.0617283950617282,33.0,0.0,1.0,2.2962962962964535,-1.0,loss,ASIA,IFVG,MARKET,BUY,Monday
839,2.4128440366972472,64.0,0.7889908256880733,35.0,0.0,1.0,1.6605504587159634,-1.0038,loss,ASIA,IFVG,MARKET,BUY,Monday
840,1.1846153846153846,90.0,0.6615384615384615,33.0,0.0,1.0,2.100000000000014,-1.0,loss,ASIA,IFVG,MARKET,BUY,Monday
841,3.15,18.0,12.54,36.0,0.0,1.0,2.119999999999891,0.0,scratch,NY,IFVG,MARKET,SELL,Monday
842,2.7028985507246377,66.0,9.08695652173913,36.0,0.0,1.0,3.289855072463742,-0.0027,scratch,NY,CHoCH,LIMIT_DEGRADED,SELL,Monday
843,2.5189873417721516,86.0,7.9367088607594924,33.0,0.0,1.0,0.39873417721525894,1.2889,win,NY,CHoCH,LIMIT_DEGRADED,SELL,Monday
844,1.1964285714285714,33.0,1.7499999999999998,36.0,1.0,0.0,0.2678571428573052,-1.0299,loss,ASIA,CHoCH,LIMIT,BUY,Tuesday
845,2.086206896551724,44.0,1.6896551724137931,5.0,0.0,0.0,2.3793103448277746,1.9339,win,ASIA,IFVG,MARKET,BUY,Tuesday
846,1.1287878787878787,42.0,5.356060606060606,33.0,1.0,1.0,0.6666666666664048,-1.0067,loss,NY,CHoCH,LIMIT,BUY,Tuesday
847,3.138686131386861,84.0,5.160583941605839,33.0,0.0,1.0,3.759124087591307,2.1186,win,NY,IFVG,MARKET,BUY,Tuesday
848,1.4666666666666668,32.0,2.0166666666666666,33.0,0.0,0.0,1.2166666666659391,0.0,scratch,ASIA,IFVG,MARKET,SELL,Wednesday
849,2.2295081967213117,72.0,1.9836065573770492,5.0,0.0,1.0,0.7377049180324887,-1.0,loss,ASIA,CHoCH,LIMIT_DEGRADED,SELL,Wednesday
850,1.6136363636363635,20.0,3.3257575757575752,38.0,2.0,1.0,0.6893939393938291,0.0,scratch,NY,CHoCH,LIMIT,SELL,Wednesday
851,1.7135678391959799,46.0,2.2060301507537687,33.0,0.0,1.0,1.1356783919599087,-1.0,loss,NY,IFVG,MARKET,SELL,Wednesday
852,2.927374301675978,102.0,2.4525139664804465,35.0,0.0,1.0,4.541899441340843,-1.0,loss,NY,IFVG,MARKET,SELL,Wednesday
853,1.8823529411764706,44.0,0.3137254901960784,33.0,0.0,1.0,3.490196078430873,-1.0,loss,ASIA,IFVG,MARKET,BUY,Thursday
854,2.319148936170213,54.0,0.34042553191489366,33.0,0.0,1.0,1.2340425531913346,-1.0,loss,ASIA,IFVG,MARKET,BUY,Thursday
855,3.3387096774193545,78.0,0.25806451612903225,33.0,0.0,1.0,1.5645161290319354,-1.0,loss,ASIA,IFVG,MARKET,BUY,Thursday
856,1.3177570093457942,16.0,3.4953271028037385,33.0,1.0,1.0,0.616822429906831,-1.0,loss,NY,CHoCH,LIMIT,SELL,Thursday
857,3.175438596491228,36.0,2.1871345029239766,36.0,0.0,1.0,3.0409356725145136,-0.0018,scratch,NY,IFVG,MARKET,SELL,Thursday
858,0.5894039735099338,86.0,2.4768211920529803,33.0,0.0,1.0,2.774834437086129,-1.0,loss,NY,IFVG,MARKET,SELL,Thursday
859,2.3793103448275863,56.0,0.3103448275862069,34.0,0.0,0.0,1.1206896551725707,-0.0145,scratch,ASIA,IFVG,MARKET,BUY,Friday
860,1.7916666666666667,18.0,0.6666666666666667,35.0,0.0,0.0,5.104166666666762,-1.0,loss,NY,IFVG,MARKET,BUY,Friday
861,2.0567010309278353,60.0,0.16494845360824742,33.0,0.0,1.0,6.252577319587686,1.8158,win,NY,IFVG,MARKET,BUY,Friday
862,1.6481481481481481,34.0,1.4259259259259258,14.0,0.0,0.0,1.4074074074069693,1.2697,win,ASIA,IFVG,MARKET,SELL,Monday
863,1.8871794871794874,62.0,3.7333333333333334,5.0,0.0,1.0,10.102564102564243,1.6685,win,NY,IFVG,MARKET,BUY,Monday
864,2.0161290322580645,24.0,1.2741935483870968,14.0,0.0,0.0,0.7419354838710264,-1.04,loss,ASIA,IFVG,MARKET,SELL,Tuesday
865,1.5483870967741935,52.0,1.2741935483870968,14.0,0.0,0.0,1.9354838709674487,2.3021,win,ASIA,IFVG,MARKET,SELL,Tuesday
866,2.4159292035398234,12.0,8.486725663716815,13.0,0.0,1.0,1.8938053097344008,-1.0073,loss,NY,IFVG,MARKET,BUY,Tuesday
867,3.861344537815126,48.0,4.029411764705882,13.0,0.0,1.0,3.8571428571427884,-1.0,loss,NY,IFVG,MARKET,BUY,Tuesday
868,1.763546798029557,104.0,4.724137931034483,14.0,0.0,1.0,2.251231527093453,-1.0112,loss,NY,IFVG,MARKET,BUY,Tuesday
869,1.9032258064516128,8.0,0.6129032258064516,15.0,0.0,0.0,0.09677419354829908,-1.0254,loss,ASIA,IFVG,MARKET,SELL,Wednesday
870,0.7777777777777779,18.0,0.5277777777777778,14.0,1.0,0.0,0.027777777777752515,-1.0714,loss,ASIA,CHoCH,LIMIT,SELL,Wednesday
871,1.7586206896551724,71.0,0.4367816091954023,14.0,1.0,0.0,0.3218390804594774,-0.0196,scratch,ASIA,CHoCH,LIMIT,SELL,Wednesday
872,2.552,38.0,0.752,14.0,0.0,0.0,4.440000000000145,-1.0031,loss,NY,IFVG,MARKET,BUY,Wednesday
873,1.526315789473684,46.0,0.6184210526315789,14.0,0.0,0.0,0.15789473684196165,-0.0129,scratch,NY,IFVG,MARKET,BUY,Wednesday
874,1.842105263157895,84.0,0.49473684210526314,15.0,0.0,0.0,2.7315789473684498,-1.0057,loss,NY,IFVG,MARKET,BUY,Wednesday
875,2.08,25.0,0.14666666666666667,14.0,1.0,0.0,2.680000000000291,1.0385,win,ASIA,CHoCH,LIMIT,BUY,Thursday
876,1.5816326530612246,20.0,0.17346938775510207,14.0,0.0,1.0,2.3979591836738408,-0.129,loss,NY,IFVG,MARKET,SELL,Thursday
877,1.3176178660049627,56.0,0.04218362282878412,14.0,0.0,1.0,2.960297766749339,-1.0113,loss,NY,IFVG,MARKET,SELL,Thursday
878,1.7408536585365855,72.0,0.05182926829268293,14.0,1.0,1.0,0.12499999999995565,-0.0035,scratch,NY,CHoCH,LIMIT,SELL,Thursday
879,1.4482758620689655,26.0,2.7126436781609193,18.0,0.0,1.0,0.8160919540230304,-1.0079,loss,ASIA,IFVG,MARKET,BUY,Friday
880,1.5882352941176472,34.0,2.776470588235294,9.0,0.0,1.0,0.29411764705882354,-0.0074,scratch,ASIA,IFVG,MARKET,BUY,Friday
881,1.4606741573033708,52.0,2.651685393258427,16.0,0.0,1.0,0.21348314606747704,-0.0077,scratch,ASIA,IFVG,MARKET,BUY,Friday
882,1.935064935064935,35.0,3.344155844155844,13.0,1.0,1.0,0.487012987012987,-1.0168,loss,NY,CHoCH,LIMIT,BUY,Friday
883,4.363636363636364,74.0,3.1212121212121215,14.0,0.0,1.0,3.0787878787878347,-0.0069,scratch,NY,IFVG,MARKET,BUY,Friday
884,1.953125,48.0,1.8124999999999998,14.0,1.0,1.0,1.0624999999997442,1.128,win,ASIA,CHoCH,LIMIT,SELL,Monday
885,1.9823008849557526,32.0,2.6548672566371683,14.0,0.0,1.0,0.1327433628319389,-0.0223,loss,NY,IFVG,MARKET,SELL,Monday
886,1.2499999999999998,88.0,2.205882352941176,14.0,0.0,1.0,0.3676470588235294,-1.0059,loss,NY,CHoCH,LIMIT_DEGRADED,SELL,Monday
887,1.5384615384615385,7.0,0.4807692307692307,17.0,1.0,0.0,0.3076923076920278,-1.025,loss,ASIA,CHoCH,LIMIT,SELL,Tuesday
888,1.8032786885245904,12.0,0.4098360655737705,17.0,1.0,0.0,0.2950819672128464,-0.0182,scratch,ASIA,CHoCH,LIMIT,SELL,Tuesday
889,1.9387755102040816,38.0,0.5102040816326531,17.0,0.0,0.0,0.2244897959186272,-0.0105,scratch,ASIA,IFVG,MARKET,SELL,Tuesday
890,1.471830985915493,40.0,1.0985915492957747,13.0,0.0,1.0,6.218309859154878,1.8804,win,NY,CHoCH,LIMIT_DEGRADED,SELL,Tuesday
891,1.0,29.0,2.808510638297873,14.0,1.0,1.0,0.936170212765106,-1.0,loss,ASIA,CHoCH,LIMIT,SELL,Wednesday
892,1.6363636363636362,52.0,3.0,14.0,3.0,1.0,0.09090909090900823,-1.0139,loss,ASIA,CHoCH,LIMIT,SELL,Wednesday
893,3.8,70.0,1.4666666666666668,14.0,0.0,1.0,5.122222222222364,-1.0,loss,ASIA,IFVG,MARKET,SELL,Wednesday
894,3.056,26.0,5.88,13.0,0.0,1.0,2.62400000000016,-0.0105,scratch,NY,IFVG,MARKET,BUY,Wednesday
895,1.7300613496932515,76.0,4.50920245398773,13.0,0.0,1.0,0.6932515337423983,-0.0035,scratch,NY,CHoCH,LIMIT_DEGRADED,BUY,Wednesday
896,1.7586206896551724,88.0,0.09195402298850575,13.0,0.0,1.0,0.04597701149421106,2.0654,win,ASIA,CHoCH,LIMIT_DEGRADED,BUY,Thursday
897,3.508064516129032,22.0,0.10483870967741936,13.0,0.0,1.0,2.8225806451612905,-1.0138,loss,NY,IFVG,MARKET,BUY,Thursday
898,2.392405063291139,52.0,0.05485232067510548,14.0,0.0,1.0,1.7215189873417414,1.5697,win,NY,IFVG,MARKET,BUY,Thursday
899,1.6875,37.0,1.125,16.0,1.0,1.0,0.07812500000028422,-1.0278,loss,ASIA,CHoCH,LIMIT,BUY,Friday
900,1.7878787878787876,44.0,1.0909090909090908,17.0,0.0,1.0,0.818181818181763,-1.0085,loss,ASIA,IFVG,MARKET,BUY,Friday
901,2.757142857142857,62.0,1.0285714285714287,14.0,0.0,1.0,0.942857142856935,6.2108,win,ASIA,IFVG,MARKET,BUY,Friday
902,1.1079136690647482,62.0,2.3741007194244603,7.0,0.0,1.0,3.208633093525206,-1.0065,loss,NY,IFVG,MARKET,BUY,Friday
903,1.1333333333333335,80.0,2.0,14.0,0.0,1.0,2.509090909090832,-1.0053,loss,NY,IFVG,MARKET,BUY,Friday
904,1.4887640449438202,84.0,1.8539325842696628,14.0,0.0,1.0,0.6573033707865578,-0.0151,scratch,NY,IFVG,MARKET,BUY,Friday
905,2.527777777777778,24.0,1.3888888888888888,16.0,0.0,1.0,1.555555555555404,-0.011,scratch,ASIA,IFVG,MARKET,BUY,Monday
906,2.6808510638297873,46.0,1.0638297872340425,14.0,0.0,1.0,0.3404255319150678,-1.0079,loss,ASIA,CHoCH,LIMIT_DEGRADED,BUY,Monday
907,2.380952380952381,62.0,1.1904761904761905,14.0,0.0,1.0,2.011904761904286,1.33,win,ASIA,IFVG,MARKET,BUY,Monday
908,2.2476190476190476,12.0,5.285714285714286,14.0,0.0,1.0,3.0761904761904932,0.0,scratch,NY,IFVG,MARKET,BUY,Monday
909,1.9942528735632186,94.0,3.189655172413793,14.0,0.0,1.0,1.5804597701149425,-0.0058,scratch,NY,CHoCH,LIMIT_DEGRADED,BUY,Monday
910,1.8813559322033901,43.0,1.0847457627118644,15.0,3.0,0.0,0.25423728813574736,-0.018,scratch,ASIA,CHoCH,LIMIT,BUY,Tuesday
911,2.1496598639455784,51.0,0.20408163265306123,12.0,3.0,1.0,0.7074829931972542,-0.0063,scratch,NY,CHoCH,LIMIT,BUY,Tuesday
912,2.5906040268456376,99.0,0.20134228187919462,14.0,1.0,1.0,0.7315436241608663,0.0,scratch,NY,CHoCH,LIMIT,BUY,Tuesday
913,1.7380952380952381,58.0,1.380952380952381,14.0,0.0,0.0,1.6190476190472294,-1.0411,loss,ASIA,IFVG,MARKET,SELL,Wednesday
914,2.059701492537313,72.0,0.8656716417910446,13.0,0.0,0.0,1.552238805970095,4.2078,win,ASIA,CHoCH,LIMIT_DEGRADED,SELL,Wednesday
915,2.7239263803680984,36.0,0.9631901840490799,13.0,0.0,1.0,3.9447852760735196,-1.0045,loss,NY,IFVG,MARKET,BUY,Wednesday
916,2.1533742331288344,68.0,0.9631901840490799,14.0,0.0,1.0,2.0490797546013164,-1.0057,loss,NY,IFVG,MARKET,BUY,Wednesday
917,2.369918699186992,84.0,0.6382113821138212,13.0,0.0,1.0,3.7073170731706875,-1.0,loss,NY,IFVG,MARKET,BUY,Wednesday
918,2.4303797468354427,22.0,2.5696202531645564,12.0,0.0,1.0,3.2025316455698736,-0.0104,scratch,ASIA,IFVG,MARKET,BUY,Thursday
919,1.9906542056074765,24.0,8.607476635514018,14.0,0.0,1.0,1.7663551401867967,-1.0047,loss,NY,IFVG,MARKET,BUY,Thursday
920,2.838709677419355,38.0,5.941935483870968,14.0,0.0,1.0,0.9612903225807977,0.0,scratch,NY,IFVG,MARKET,BUY,Thursday
921,3.7622377622377625,66.0,6.440559440559442,14.0,1.0,1.0,0.552447552447845,-0.0019,scratch,NY,CHoCH,LIMIT,BUY,Thursday
922,2.5777777777777775,16.0,2.3777777777777778,14.0,0.0,0.0,1.4888888888890506,0.0,scratch,ASIA,IFVG,MARKET,SELL,Friday
923,1.7966101694915255,62.0,1.8135593220338986,14.0,0.0,1.0,0.13559322033885973,-1.0,loss,ASIA,CHoCH,LIMIT_DEGRADED,SELL,Friday
924,1.50561797752809,82.0,1.202247191011236,14.0,0.0,1.0,2.786516853932605,5.3894,win,ASIA,CHoCH,LIMIT_DEGRADED,SELL,Friday
925,1.8448275862068968,24.0,2.336206896551724,14.0,0.0,1.0,0.43965517241358926,-1.0093,loss,NY,CHoCH,LIMIT_DEGRADED,SELL,Friday
926,1.9516129032258065,62.0,2.185483870967742,14.0,0.0,1.0,4.3870967741935925,-0.0041,scratch,NY,IFVG,MARKET,SELL,Friday
927,2.325842696629213,106.0,1.5224719101123596,14.0,0.0,1.0,1.0337078651686211,-1.0217,loss,NY,IFVG,MARKET,SELL,Friday
928,2.1111111111111107,36.0,1.4876543209876543,14.0,0.0,1.0,0.5740740740739729,-1.0088,loss,ASIA,CHoCH,LIMIT_DEGRADED,SELL,Monday
929,1.702970297029703,72.0,2.386138613861386,14.0,0.0,1.0,4.1980198019799815,-1.0058,loss,ASIA,IFVG,MARKET,SELL,Monday
930,2.101010101010101,92.0,2.4343434343434347,14.0,0.0,1.0,1.8787878787880075,-1.0048,loss,ASIA,IFVG,MARKET,SELL,Monday
931,2.8874172185430464,70.0,0.10596026490066225,14.0,0.0,1.0,0.9933774834437086,0.0,scratch,NY,IFVG,MARKET,BUY,Monday
932,1.0458015267175573,28.0,1.7709923664122136,14.0,1.0,1.0,0.43511450381691885,5.4648,win,ASIA,CHoCH,LIMIT,BUY,Tuesday
933,1.9166666666666665,26.0,1.4513888888888888,10.0,0.0,1.0,2.7777777777777777,-1.0072,loss,NY,IFVG,MARKET,SELL,Tuesday
934,1.5185185185185186,60.0,1.1058201058201058,5.0,0.0,1.0,3.513227513227446,-1.0348,loss,NY,IFVG,MARKET,SELL,Tuesday
935,1.9574468085106385,92.0,1.1117021276595744,14.0,1.0,1.0,4.132978723404245,-0.0163,scratch,NY,CHoCH,LIMIT,SELL,Tuesday
936,2.247191011235955,10.0,2.2134831460674156,14.0,0.0,1.0,1.0224719101127069,-1.02,loss,ASIA,IFVG,MARKET,BUY,Wednesday
937,1.5922330097087378,61.0,1.9126213592233008,16.0,5.0,1.0,0.3786407766989055,-1.0061,loss,ASIA,CHoCH,LIMIT,BUY,Wednesday
938,3.5294117647058822,74.0,2.3176470588235296,18.0,0.0,1.0,1.682352941176813,-1.0033,loss,ASIA,CHoCH,LIMIT_DEGRADED,BUY,Wednesday
939,1.5422535211267605,43.0,0.5809859154929577,14.0,1.0,1.0,3.880281690140839,-0.0068,scratch,NY,CHoCH,LIMIT,BUY,Wednesday
940,1.8219895287958117,95.0,0.8638743455497382,14.0,1.0,1.0,0.8586387434556688,0.0,scratch,NY,CHoCH,LIMIT,BUY,Wednesday
941,2.4680851063829787,24.0,0.8617021276595745,14.0,0.0,1.0,1.4148936170211992,-1.0216,loss,ASIA,IFVG,MARKET,BUY,Thursday
942,1.7407407407407405,64.0,0.75,14.0,1.0,1.0,3.8148148148147136,-0.016,scratch,ASIA,CHoCH,LIMIT,BUY,Thursday
943,1.3218884120171674,82.0,3.7553648068669525,14.0,0.0,1.0,1.042918454935747,6.0295,win,NY,CHoCH,LIMIT_DEGRADED,SELL,Thursday
944,1.446808510638298,20.0,1.3617021276595747,14.0,1.0,0.0,0.8936170212767506,-1.0221,loss,ASIA,CHoCH,LIMIT,SELL,Friday
945,1.0588235294117647,40.0,1.2549019607843137,14.0,1.0,0.0,0.29411764705900184,-0.0463,loss,ASIA,CHoCH,LIMIT,SELL,Friday
946,4.0873786407766985,76.0,1.2427184466019416,14.0,0.0,1.0,2.699029126213345,-1.0,loss,ASIA,IFVG,MARKET,SELL,Friday
947,2.0669856459330145,38.0,1.5023923444976077,14.0,0.0,1.0,1.8851674641148588,-0.0023,scratch,NY,IFVG,MARKET,BUY,Friday
948,1.5121951219512197,68.0,1.531707317073171,14.0,0.0,1.0,1.4390243902440356,-1.0097,loss,NY,IFVG,MARKET,BUY,Friday
949,2.003952569169961,114.0,1.241106719367589,14.0,0.0,1.0,5.38735177865617,-0.002,scratch,NY,IFVG,MARKET,BUY,Friday
950,1.3703703703703702,26.0,2.0814814814814815,14.0,0.0,0.0,3.0592592592593397,-0.0108,scratch,ASIA,CHoCH,LIMIT_DEGRADED,BUY,Monday
951,2.2211538461538463,68.0,2.701923076923077,14.0,0.0,0.0,0.5865384615385839,-1.0,loss,ASIA,CHoCH,LIMIT_DEGRADED,BUY,Monday
952,2.096385542168675,88.0,3.385542168674699,14.0,0.0,0.0,1.3253012048191677,1.0115,win,ASIA,IFVG,MARKET,BUY,Monday
953,2.922077922077922,38.0,2.662337662337662,14.0,0.0,1.0,2.227272727272621,0.0,scratch,NY,IFVG,MARKET,BUY,Monday
954,2.432258064516129,102.0,2.6451612903225805,14.0,0.0,1.0,4.761290322580716,-0.0027,scratch,NY,IFVG,MARKET,BUY,Monday
955,1.4787234042553192,26.0,1.0531914893617023,14.0,0.0,1.0,0.19148936170243727,-1.0072,loss,ASIA,IFVG,MARKET,SELL,Tuesday
956,2.0642201834862384,56.0,0.9082568807339448,14.0,1.0,1.0,0.9082568807337447,1.8533,win,ASIA,CHoCH,LIMIT,SELL,Tuesday
957,1.6162790697674418,16.0,1.9534883720930232,15.0,0.0,1.0,0.6976744186045454,-1.0216,loss,NY,IFVG,MARKET,BUY,Tuesday
958,1.3968253968253967,70.0,1.3333333333333333,14.0,0.0,1.0,0.5317460317460895,1.2102,win,NY,IFVG,MARKET,BUY,Tuesday
959,1.160220994475138,32.0,1.4806629834254144,14.0,0.0,1.0,1.3480662983425715,-1.0238,loss,ASIA,IFVG,MARKET,SELL,Wednesday
960,1.5333333333333332,60.0,1.488888888888889,14.0,0.0,1.0,3.9277777777778686,0.0,scratch,ASIA,IFVG,MARKET,SELL,Wednesday
961,2.658536585365854,92.0,1.6341463414634148,14.0,0.0,1.0,0.06097560975604211,-0.0046,scratch,ASIA,IFVG,MARKET,SELL,Wednesday
962,1.3127962085308058,58.0,8.130331753554504,14.0,0.0,1.0,0.2890995260663033,-1.0054,loss,NY,CHoCH,LIMIT_DEGRADED,SELL,Wednesday
963,1.7826086956521738,80.0,11.474916387959865,14.0,0.0,1.0,1.026755852842864,1.1351,win,NY,IFVG,MARKET,SELL,Wednesday
964,1.9385964912280702,8.0,1.149122807017544,14.0,0.0,0.0,0.4210526315789634,4.416,win,ASIA,IFVG,MARKET,SELL,Thursday
965,3.539877300613497,72.0,8.30674846625767,14.0,0.0,1.0,0.374233128834155,1.3865,win,NY,CHoCH,LIMIT_DEGRADED,BUY,Thursday
966,1.5424836601307188,35.0,0.5751633986928104,14.0,1.0,0.0,0.07843137254894827,-1.0339,loss,ASIA,CHoCH,LIMIT,SELL,Friday
967,1.5845070422535212,44.0,0.619718309859155,14.0,0.0,0.0,0.16901408450688854,-1.0089,loss,ASIA,IFVG,MARKET,SELL,Friday
968,1.7499999999999998,58.0,0.6470588235294117,14.0,0.0,0.0,0.11029411764712568,0.0,scratch,ASIA,IFVG,MARKET,SELL,Friday
969,1.1343283582089552,41.0,0.7761194029850748,14.0,2.0,0.0,2.2736318407961016,-1.0044,loss,NY,CHoCH,LIMIT,SELL,Friday
970,1.8225806451612903,72.0,0.8387096774193549,14.0,0.0,0.0,4.086021505376295,-0.0236,loss,NY,IFVG,MARKET,SELL,Friday
971,5.07725321888412,118.0,0.6695278969957081,14.0,0.0,0.0,0.25321888412023413,-0.0042,scratch,NY,CHoCH,LIMIT_DEGRADED,SELL,Friday
972,2.6915422885572142,32.0,0.17412935323383086,14.0,0.0,1.0,5.328358208955242,-1.0055,loss,ASIA,IFVG,MARKET,BUY,Monday
973,2.5496183206106866,78.0,0.2671755725190839,14.0,0.0,1.0,2.5038167938929354,-1.015,loss,ASIA,IFVG,MARKET,BUY,Monday
974,3.0066666666666664,116.0,0.2333333333333333,14.0,0.0,1.0,4.246666666666897,-0.0067,scratch,ASIA,IFVG,MARKET,BUY,Monday
975,1.6814814814814814,74.0,5.033333333333333,14.0,5.0,1.0,0.07407407407417513,1.5176,win,NY,CHoCH,LIMIT,SELL,Monday
976,1.9007633587786261,32.0,0.7404580152671755,14.0,0.0,0.0,3.3282442748092573,1.0402,win,ASIA,IFVG,MARKET,BUY,Tuesday
977,1.2880434782608696,12.0,1.6956521739130435,14.0,0.0,1.0,1.1739130434781817,-1.0,loss,NY,IFVG,MARKET,SELL,Tuesday
978,2.7489539748953975,38.0,1.3054393305439331,14.0,0.0,1.0,2.979079497907904,-0.0061,scratch,NY,IFVG,MARKET,SELL,Tuesday
979,1.1188118811881187,62.0,1.5445544554455446,14.0,0.0,1.0,1.1534653465346174,-1.0354,loss,NY,IFVG,MARKET,SELL,Tuesday
980,1.4038461538461537,70.0,0.45192307692307687,16.0,0.0,1.0,1.9326923076925175,-1.0068,loss,ASIA,IFVG,MARKET,BUY,Wednesday
981,1.7627118644067798,76.0,0.3983050847457627,17.0,0.0,1.0,2.4745762711865025,1.4231,win,ASIA,IFVG,MARKET,BUY,Wednesday
982,3.5572139303482593,32.0,1.1343283582089552,27.0,0.0,1.0,0.8955223880595659,-1.0,loss,NY,IFVG,MARKET,BUY,Wednesday
983,1.1516853932584268,20.0,0.46629213483146065,14.0,1.0,1.0,0.20786516853926454,-1.0,loss,ASIA,CHoCH,LIMIT,SELL,Thursday
984,1.2418300653594772,36.0,0.5424836601307189,14.0,0.0,1.0,0.6797385620914794,-0.0316,loss,ASIA,IFVG,MARKET,SELL,Thursday
985,1.835294117647059,26.0,3.2529411764705887,14.0,0.0,1.0,2.1941176470588344,-1.016,loss,NY,IFVG,MARKET,SELL,Thursday
986,2.8781725888324874,66.0,2.8071065989847717,14.0,0.0,1.0,1.6395939086294509,-1.0018,loss,NY,IFVG,MARKET,SELL,Thursday
987,1.8391959798994975,94.0,2.778894472361809,14.0,0.0,1.0,2.994974874371649,-1.0246,loss,NY,IFVG,MARKET,SELL,Thursday
988,1.8928571428571428,26.0,0.2589285714285714,14.0,0.0,0.0,1.4999999999998537,-1.0189,loss,ASIA,IFVG,MARKET,BUY,Friday
989,1.676923076923077,59.0,0.22307692307692306,14.0,1.0,1.0,3.800000000000042,1.1881,win,ASIA,CHoCH,LIMIT,BUY,Friday
990,3.018927444794953,50.0,0.9968454258675079,14.0,0.0,1.0,2.955835962145076,-1.0031,loss,NY,IFVG,MARKET,BUY,Friday
991,1.488372093023256,62.0,2.0372093023255813,5.0,1.0,1.0,3.874418604651129,-0.0031,scratch,ASIA,CHoCH,LIMIT,BUY,Monday
992,3.1464646464646466,26.0,3.9545454545454546,14.0,0.0,1.0,0.7727272727273737,5.363,win,NY,IFVG,MARKET,BUY,Monday
993,1.4195402298850577,34.0,8.505747126436782,14.0,0.0,1.0,4.683908045977064,-0.0121,scratch,NY,IFVG,MARKET,BUY,Tuesday
994,1.6883720930232557,88.0,6.883720930232559,14.0,0.0,1.0,3.753488372092888,-0.011,scratch,NY,IFVG,MARKET,BUY,Tuesday
995,1.4444444444444444,24.0,1.507936507936508,14.0,0.0,1.0,0.38888888888871564,-1.0,loss,ASIA,IFVG,MARKET,BUY,Wednesday
996,2.081081081081081,38.0,1.7117117117117115,14.0,0.0,1.0,1.8018018018018016,-0.013,scratch,ASIA,IFVG,MARKET,BUY,Wednesday
997,0.4779874213836478,46.0,0.4465408805031446,14.0,0.0,1.0,1.5974842767295367,-1.0263,loss,NY,CHoCH,LIMIT_DEGRADED,BUY,Wednesday
998,2.065217391304348,56.0,0.5144927536231885,14.0,0.0,1.0,2.210144927536364,-0.007,scratch,NY,CHoCH,LIMIT_DEGRADED,BUY,Wednesday
999,3.620689655172414,118.0,0.3497536945812808,16.0,0.0,1.0,0.8965517241380118,1.0057,win,NY,CHoCH,LIMIT_DEGRADED,BUY,Wednesday
1000,1.2681564245810055,43.0,1.0558659217877093,15.0,2.0,1.0,2.2569832402234433,1.1586,win,NY,CHoCH,LIMIT,BUY,Thursday
1001,1.864406779661017,34.0,1.8389830508474576,14.0,1.0,1.0,0.4915254237287519,-0.0136,scratch,ASIA,CHoCH,LIMIT,BUY,Friday
1002,1.3563829787234043,22.0,6.207446808510639,14.0,1.0,1.0,2.4414893617022053,-1.0,loss,NY,CHoCH,LIMIT,BUY,Friday
1003,2.1471861471861473,38.0,5.0519480519480515,14.0,0.0,1.0,2.9523809523808264,-1.0121,loss,NY,IFVG,MARKET,BUY,Friday
1004,1.9816513761467889,52.0,5.353211009174312,5.0,0.0,1.0,0.42201834862388654,-1.0116,loss,NY,IFVG,MARKET,BUY,Friday
1005,1.9246231155778895,58.0,2.0,14.0,0.0,1.0,0.9497487437187575,-1.0026,loss,ASIA,CHoCH,LIMIT_DEGRADED,SELL,Monday
1006,1.8057142857142858,74.0,2.2742857142857145,14.0,0.0,1.0,1.3028571428569973,8.1588,win,ASIA,IFVG,MARKET,SELL,Monday
1007,1.2994923857868022,22.0,1.2284263959390862,14.0,0.0,1.0,2.035532994923969,-1.0117,loss,NY,IFVG,MARKET,SELL,Monday
1008,2.185185185185185,34.0,1.1203703703703702,14.0,0.0,1.0,1.1111111111111531,8.48,win,NY,IFVG,MARKET,SELL,Monday
1009,2.023890784982935,27.0,0.7269624573378839,14.0,1.0,1.0,0.43686006825929874,-0.0034,scratch,ASIA,CHoCH,LIMIT,BUY,Tuesday
1010,1.52,15.0,3.031111111111111,14.0,1.0,1.0,0.04000000000006468,-1.0088,loss,NY,CHoCH,LIMIT,BUY,Tuesday
1011,1.9831932773109244,56.0,2.865546218487395,10.0,0.0,1.0,5.49999999999987,-0.0106,scratch,NY,IFVG,MARKET,BUY,Tuesday
1012,3.196850393700787,46.0,2.2440944881889764,14.0,0.0,0.0,3.2047244094489478,-1.0025,loss,ASIA,IFVG,MARKET,SELL,Wednesday
1013,1.588785046728972,96.0,2.663551401869159,14.0,1.0,1.0,5.579439252336261,-1.0059,loss,ASIA,CHoCH,LIMIT,SELL,Wednesday
1014,2.2913907284768213,18.0,5.748344370860927,14.0,0.0,1.0,2.55629139072826,-1.0,loss,NY,IFVG,MARKET,BUY,Wednesday
1015,1.4976525821596245,36.0,4.075117370892019,16.0,1.0,1.0,0.33802816901420407,1.1223,win,NY,CHoCH,LIMIT,BUY,Wednesday
1016,2.101754385964912,32.0,0.3964912280701754,14.0,0.0,1.0,0.6701754385965997,-1.0017,loss,ASIA,CHoCH,LIMIT_DEGRADED,SELL,Thursday
1017,1.45398773006135,66.0,0.6932515337423313,14.0,0.0,1.0,1.5889570552145342,-0.0084,scratch,ASIA,IFVG,MARKET,SELL,Thursday
1018,1.4786324786324787,15.0,8.324786324786325,14.0,1.0,1.0,2.2820512820513446,-0.0289,loss,NY,CHoCH,LIMIT,BUY,Thursday
1019,2.2318840579710146,39.0,7.057971014492754,17.0,1.0,1.0,0.9202898550724506,0.0,scratch,NY,CHoCH,LIMIT,BUY,Thursday
1020,4.706666666666666,86.0,12.986666666666666,14.0,0.0,1.0,1.3333333333333333,-1.0,loss,NY,CHoCH,LIMIT_DEGRADED,BUY,Thursday
1021,1.8584905660377358,52.0,1.660377358490566,15.0,0.0,1.0,7.547169811320754,-1.0254,loss,ASIA,IFVG,MARKET,SELL,Friday
1022,1.5120481927710843,101.0,1.0602409638554218,14.0,1.0,1.0,9.475903614457843,-0.008,scratch,ASIA,CHoCH,LIMIT,SELL,Friday
1023,2.6301369863013697,22.0,2.267123287671233,14.0,0.0,1.0,1.8561643835616688,-0.0182,scratch,NY,IFVG,MARKET,BUY,Friday
1024,1.5374149659863945,58.0,2.251700680272109,15.0,0.0,1.0,0.9727891156464565,-0.0044,scratch,NY,IFVG,MARKET,BUY,Friday
1025,2.519230769230769,96.0,2.121794871794872,14.0,0.0,1.0,0.9871794871794638,-1.0051,loss,NY,IFVG,MARKET,BUY,Friday
1026,1.9387755102040816,52.0,3.0306122448979593,15.0,0.0,1.0,2.0816326530611873,1.3921,win,ASIA,IFVG,MARKET,SELL,Monday
1027,2.5730994152046787,8.0,4.3274853801169595,15.0,0.0,1.0,1.2222222222220414,1.0045,win,NY,IFVG,MARKET,BUY,Monday
1028,1.5220588235294115,46.0,0.7058823529411764,14.0,0.0,1.0,1.2500000000002005,1.0435,win,ASIA,IFVG,MARKET,SELL,Tuesday
1029,1.5634920634920635,34.0,1.9126984126984128,15.0,0.0,1.0,3.8015873015876336,-1.0152,loss,NY,IFVG,MARKET,SELL,Tuesday
1030,2.578034682080925,68.0,1.393063583815029,14.0,0.0,1.0,4.4277456647398,-1.0067,loss,NY,IFVG,MARKET,SELL,Tuesday
1031,3.0261780104712046,96.0,1.261780104712042,14.0,0.0,1.0,0.8691099476439029,1.0917,win,NY,IFVG,MARKET,SELL,Tuesday
1032,2.2113821138211383,46.0,1.146341463414634,14.0,0.0,1.0,1.455284552845499,-1.0037,loss,ASIA,IFVG,MARKET,SELL,Wednesday
1033,1.6124031007751938,70.0,1.0930232558139534,14.0,0.0,1.0,5.480620155038887,-0.0048,scratch,ASIA,IFVG,MARKET,SELL,Wednesday
1034,1.6580310880829017,14.0,3.761658031088083,18.0,0.0,1.0,0.12435233160610452,-1.0094,loss,NY,IFVG,MARKET,SELL,Wednesday
1035,1.4481327800829875,42.0,3.012448132780083,9.0,0.0,1.0,3.921161825726254,-1.0086,loss,NY,IFVG,MARKET,SELL,Wednesday
1036,1.115107913669065,74.0,5.223021582733813,14.0,0.0,1.0,2.165467625899111,-0.0387,loss,NY,IFVG,MARKET,SELL,Wednesday
1037,1.935064935064935,24.0,1.2987012987012987,12.0,0.0,0.0,2.662337662337308,-1.0067,loss,ASIA,IFVG,MARKET,SELL,Thursday
1038,2.96875,44.0,1.0416666666666667,14.0,1.0,1.0,0.510416666666913,-0.0105,scratch,ASIA,CHoCH,LIMIT,SELL,Thursday
1039,1.8275862068965518,108.0,1.1494252873563218,14.0,0.0,1.0,2.5977011494255384,-0.0126,scratch,ASIA,IFVG,MARKET,SELL,Thursday
1040,2.1176470588235294,14.0,4.803921568627452,15.0,0.0,1.0,0.5294117647058467,-1.0231,loss,NY,IFVG,MARKET,BUY,Thursday
1041,2.5609756097560976,32.0,2.987804878048781,8.0,0.0,1.0,2.902439024390377,-1.0,loss,NY,IFVG,MARKET,BUY,Thursday
1042,1.5255102040816328,50.0,2.5000000000000004,14.0,0.0,1.0,1.1377551020408256,0.0,scratch,NY,IFVG,MARKET,BUY,Thursday
1043,1.328125,44.0,1.9062500000000002,14.0,0.0,1.0,2.2916666666664773,-0.0078,scratch,ASIA,IFVG,MARKET,SELL,Friday
1044,1.9259259259259258,76.0,2.7111111111111112,14.0,0.0,1.0,1.8888888888886866,-1.0115,loss,ASIA,IFVG,MARKET,SELL,Friday
1045,1.329479768786127,26.0,2.179190751445087,14.0,1.0,1.0,1.79768786127175,-0.0304,loss,NY,CHoCH,LIMIT,BUY,Friday
1046,2.631205673758865,34.0,1.3368794326241136,7.0,0.0,1.0,1.0886524822694004,-0.0148,scratch,NY,IFVG,MARKET,BUY,Friday
1047,2.5164835164835164,78.0,1.380952380952381,17.0,0.0,1.0,3.95970695970694,1.1069,win,NY,IFVG,MARKET,BUY,Friday
1048,2.1999999999999997,76.0,4.476923076923077,14.0,0.0,1.0,15.253846153846098,-0.014,scratch,ASIA,CHoCH,LIMIT_DEGRADED,SELL,Monday
1049,1.3537414965986394,19.0,7.013605442176871,14.0,1.0,1.0,0.040816326530575125,-1.0101,loss,NY,CHoCH,LIMIT,BUY,Monday
1050,2.5642857142857145,70.0,7.364285714285715,14.0,0.0,1.0,0.23571428571455857,1.273,win,NY,IFVG,MARKET,BUY,Monday
1051,1.6363636363636365,24.0,3.735537190082644,14.0,1.0,1.0,0.4380165289254094,0.0,scratch,ASIA,CHoCH,LIMIT,BUY,Tuesday
1052,1.6081081081081081,47.0,3.054054054054054,14.0,1.0,1.0,1.554054054054177,1.6891,win,ASIA,CHoCH,LIMIT,BUY,Tuesday
1053,2.143884892086331,22.0,6.992805755395684,14.0,0.0,1.0,3.1942446043165864,4.8756,win,NY,IFVG,MARKET,BUY,Tuesday
1054,3.7272727272727275,22.0,2.804195804195804,19.0,0.0,1.0,1.9930069930072476,-1.015,loss,ASIA,IFVG,MARKET,BUY,Wednesday
1055,3.962264150943396,32.0,0.13836477987421383,101.0,0.0,1.0,2.9811320754715607,-0.0032,scratch,NY,IFVG,MARKET,BUY,Wednesday
1056,4.955445544554455,94.0,0.10891089108910891,6.0,0.0,1.0,1.0693069306929972,0.9103,win,NY,CHoCH,LIMIT_DEGRADED,BUY,Wednesday
1057,0.9851485148514851,51.0,2.01980198019802,45.0,1.0,1.0,10.19306930693054,-1.005,loss,ASIA,CHoCH,LIMIT,BUY,Thursday
1058,2.5714285714285716,74.0,2.9142857142857146,14.0,0.0,1.0,2.757142857142948,-1.025,loss,ASIA,IFVG,MARKET,BUY,Thursday
1059,1.8529411764705883,40.0,2.949579831932773,20.0,1.0,1.0,1.3571428571428648,-0.0136,scratch,NY,CHoCH,LIMIT,SELL,Thursday
1060,2.439189189189189,34.0,2.9324324324324325,24.0,0.0,1.0,0.6418918918920763,-1.0083,loss,ASIA,CHoCH,LIMIT_DEGRADED,BUY,Friday
1061,2.071428571428571,58.0,2.818181818181818,24.0,0.0,1.0,1.8441558441556434,-1.0,loss,ASIA,IFVG,MARKET,BUY,Friday
1062,3.8598726114649677,96.0,2.7643312101910826,24.0,0.0,1.0,1.2675159235670295,-1.0,loss,ASIA,IFVG,MARKET,BUY,Friday
1063,2.1063829787234045,18.0,4.388297872340425,18.0,1.0,1.0,0.3244680851064507,1.7727,win,NY,CHoCH,LIMIT,SELL,Friday
1064,2.174825174825175,32.0,1.6223776223776223,18.0,0.0,0.0,3.069930069929981,-0.0096,scratch,ASIA,IFVG,MARKET,SELL,Monday
1065,1.8161764705882353,42.0,3.448529411764706,18.0,0.0,1.0,2.0514705882352673,-1.0,loss,NY,IFVG,MARKET,BUY,Monday
1066,1.92,54.0,3.126666666666667,16.0,1.0,1.0,0.2333333333332727,-1.0,loss,NY,CHoCH,LIMIT,BUY,Monday
1067,1.7293233082706765,96.0,3.5263157894736845,9.0,1.0,1.0,2.0601503759396853,-1.0043,loss,NY,CHoCH,LIMIT,BUY,Monday
1068,2.056603773584906,36.0,2.547169811320755,16.0,0.0,1.0,0.4905660377362609,-0.0183,scratch,ASIA,CHoCH,LIMIT_DEGRADED,BUY,Tuesday
1069,2.5616438356164384,88.0,3.6986301369863015,16.0,0.0,1.0,1.2054794520549441,-1.0,loss,ASIA,CHoCH,LIMIT_DEGRADED,BUY,Tuesday
1070,2.742857142857143,96.0,3.8571428571428577,16.0,0.0,1.0,1.7428571428568571,-1.0104,loss,ASIA,CHoCH,LIMIT_DEGRADED,BUY,Tuesday
1071,2.7,18.0,5.6909090909090905,16.0,0.0,1.0,3.2909090909089915,-0.0034,scratch,NY,IFVG,MARKET,SELL,Tuesday
1072,1.435754189944134,68.0,3.4972067039106145,14.0,0.0,1.0,1.1229050279330828,-0.0233,loss,NY,IFVG,MARKET,SELL,Tuesday
1073,1.1193181818181819,107.0,3.5568181818181817,13.0,1.0,1.0,1.2272727272726447,-0.0203,loss,NY,CHoCH,LIMIT,SELL,Tuesday
1074,3.2209302325581395,12.0,2.5348837209302326,14.0,0.0,1.0,1.3372093023256872,-1.0036,loss,ASIA,IFVG,MARKET,BUY,Wednesday
1075,1.676470588235294,92.0,3.2058823529411766,14.0,0.0,1.0,1.9117647058819516,-1.0088,loss,ASIA,IFVG,MARKET,BUY,Wednesday
1076,1.135135135135135,115.0,2.945945945945946,14.0,1.0,1.0,0.4189189189194597,-1.0119,loss,ASIA,CHoCH,LIMIT,BUY,Wednesday
1077,1.2892561983471076,30.0,2.7685950413223144,13.0,0.0,1.0,1.9752066115701428,-0.0128,scratch,NY,IFVG,MARKET,SELL,Wednesday
1078,1.486910994764398,10.0,2.6230366492146597,13.0,1.0,0.0,0.13089005235602094,5.7542,win,ASIA,CHoCH,LIMIT,BUY,Thursday
1079,1.7121212121212122,26.0,2.444444444444444,13.0,0.0,0.0,0.1464646464646281,-0.0118,scratch,NY,IFVG,MARKET,SELL,Thursday
1080,3.5128205128205128,72.0,2.482051282051282,13.0,0.0,0.0,0.8717948717947785,-0.0015,scratch,NY,CHoCH,LIMIT_DEGRADED,SELL,Thursday
1081,0.9370629370629372,20.0,1.9020979020979023,13.0,0.0,1.0,4.825174825174571,-1.0224,loss,ASIA,IFVG,MARKET,SELL,Friday
1082,1.986842105263158,50.0,1.7894736842105263,13.0,0.0,1.0,2.5328947368420454,-1.0099,loss,ASIA,IFVG,MARKET,SELL,Friday
1083,2.1263736263736264,64.0,1.4945054945054945,12.0,0.0,1.0,0.48901098901091905,0.0,scratch,ASIA,IFVG,MARKET,SELL,Friday
1084,5.361581920903955,32.0,1.2146892655367232,13.0,0.0,1.0,1.632768361581849,1.0868,win,NY,IFVG,MARKET,BUY,Friday
1085,1.4676258992805757,10.0,0.6762589928057554,14.0,1.0,1.0,0.8992805755395684,-1.0,loss,ASIA,CHoCH,LIMIT,SELL,Monday
1086,1.7000000000000002,58.0,0.7833333333333333,13.0,0.0,1.0,2.0500000000000305,-1.0147,loss,ASIA,IFVG,MARKET,SELL,Monday
1087,2.124031007751938,82.0,0.7286821705426356,13.0,0.0,1.0,2.116279069767456,-1.0,loss,ASIA,IFVG,MARKET,SELL,Monday
1088,2.3679245283018866,22.0,8.650943396226415,14.0,0.0,1.0,2.1226415094339623,-1.0159,loss,NY,IFVG,MARKET,SELL,Monday
1089,1.1272727272727272,64.0,8.336363636363636,7.0,2.0,1.0,1.6454545454544958,-1.0,loss,NY,CHoCH,LIMIT,SELL,Monday
1090,1.6176470588235292,78.0,8.990196078431373,13.0,0.0,1.0,0.02941176470607852,2.4242,win,NY,CHoCH,LIMIT_DEGRADED,SELL,Monday
1091,2.0,48.0,1.829268292682927,13.0,2.0,1.0,0.951219512195366,1.0671,win,ASIA,CHoCH,LIMIT,BUY,Tuesday
1092,1.5392156862745099,22.0,3.333333333333333,13.0,1.0,1.0,0.049019607843315584,-0.0127,scratch,NY,CHoCH,LIMIT,SELL,Tuesday
1093,1.595744680851064,68.0,3.617021276595745,13.0,0.0,1.0,2.351063829787273,-1.0067,loss,NY,IFVG,MARKET,SELL,Tuesday
1094,3.56,94.0,3.4,13.0,0.0,1.0,1.8699999999998909,0.0,scratch,NY,IFVG,MARKET,SELL,Tuesday
1095,1.361111111111111,25.0,1.6759259259259258,14.0,1.0,1.0,0.23148148148148145,1.2245,win,ASIA,CHoCH,LIMIT,BUY,Thursday
1096,1.25,70.0,0.49166666666666664,14.0,1.0,1.0,5.68333333333347,1.08,win,NY,CHoCH,LIMIT,BUY,Thursday
1097,1.8829787234042554,24.0,1.372340425531915,12.0,0.0,0.0,1.7446808510636944,-0.0113,scratch,ASIA,IFVG,MARKET,SELL,Friday
1098,2.9871794871794872,58.0,1.6538461538461537,14.0,0.0,0.0,1.807692307692704,0.0,scratch,ASIA,CHoCH,LIMIT_DEGRADED,SELL,Friday
1099,0.9084507042253522,52.0,3.1971830985915495,5.0,0.0,1.0,0.563380281690269,-0.0155,scratch,NY,IFVG,MARKET,SELL,Friday
1100,1.9483870967741934,92.0,2.9290322580645163,13.0,1.0,1.0,0.916129032257818,-1.0033,loss,NY,CHoCH,LIMIT,SELL,Friday
1101,1.89,10.0,1.29,26.0,0.0,1.0,0.75,-1.0106,loss,ASIA,IFVG,MARKET,SELL,Monday
1102,1.4579439252336448,34.0,1.205607476635514,20.0,0.0,1.0,1.775700934579524,-1.0064,loss,ASIA,CHoCH,LIMIT_DEGRADED,SELL,Monday
1103,1.723404255319149,52.0,1.372340425531915,17.0,1.0,1.0,0.19148936170195352,-0.0062,scratch,ASIA,CHoCH,LIMIT,SELL,Monday
1104,2.6542056074766354,24.0,1.8971962616822426,13.0,0.0,1.0,1.7383177570094648,-1.0246,loss,NY,IFVG,MARKET,BUY,Monday
1105,2.723529411764706,66.0,1.1941176470588235,11.0,0.0,1.0,7.323529411764599,-0.0065,scratch,NY,IFVG,MARKET,BUY,Monday
1106,1.357142857142857,86.0,2.4107142857142856,13.0,3.0,1.0,0.03571428571425323,-1.0263,loss,ASIA,CHoCH,LIMIT_DEGRADED,BUY,Tuesday
1107,1.9772727272727273,112.0,3.0681818181818183,13.0,0.0,1.0,2.86363636363686,-1.046,loss,ASIA,IFVG,MARKET,BUY,Tuesday
1108,2.7961165048543686,22.0,1.1941747572815533,13.0,0.0,1.0,5.524271844660247,1.2882,win,NY,IFVG,MARKET,BUY,Tuesday
1109,1.0431654676258992,21.0,0.09352517985611512,6.0,1.0,1.0,1.1870503597119686,1.0621,win,ASIA,CHoCH,LIMIT,BUY,Thursday
1110,2.0564516129032255,6.0,6.435483870967742,13.0,0.0,1.0,1.911290322580557,-1.0,loss,NY,IFVG,MARKET,BUY,Thursday
1111,1.3017751479289943,30.0,4.721893491124261,13.0,1.0,1.0,2.804733727810791,-0.0545,loss,NY,CHoCH,LIMIT,BUY,Thursday
1112,1.4263157894736842,92.0,4.2,13.0,0.0,1.0,0.031578947368392334,-0.0258,loss,NY,CHoCH,LIMIT_DEGRADED,BUY,Thursday
1113,1.2647058823529411,52.0,2.1470588235294117,13.0,1.0,1.0,3.588235294117727,-0.0233,loss,ASIA,CHoCH,LIMIT,BUY,Friday
1114,2.4347826086956523,70.0,1.2695652173913043,11.0,0.0,1.0,0.4782608695653756,-0.0036,scratch,ASIA,IFVG,MARKET,BUY,Friday
1115,3.515151515151515,112.0,1.4747474747474747,12.0,0.0,1.0,0.04040404040400366,-0.0144,scratch,ASIA,CHoCH,LIMIT_DEGRADED,BUY,Friday
1116,1.1,50.0,1.295,10.0,4.0,1.0,0.01999999999998181,-1.0,loss,NY,CHoCH,LIMIT,SELL,Friday
1117,1.0,58.0,1.463276836158192,14.0,0.0,1.0,0.12429378531087834,-0.0056,scratch,NY,IFVG,MARKET,SELL,Friday
1118,1.4285714285714286,106.0,1.423076923076923,13.0,0.0,1.0,2.324175824175834,1.2308,win,NY,IFVG,MARKET,SELL,Friday
1119,2.731958762886598,66.0,2.6288659793814433,13.0,0.0,1.0,5.494845360824668,-0.0075,scratch,ASIA,IFVG,MARKET,BUY,Monday
1120,2.1710526315789473,116.0,3.3552631578947367,13.0,3.0,1.0,0.09210526315811014,-1.0121,loss,ASIA,CHoCH,LIMIT,BUY,Monday
1121,1.146788990825688,56.0,2.2844036697247705,5.0,0.0,1.0,6.565749235474084,-0.0267,loss,NY,IFVG,MARKET,BUY,Monday
1122,3.0080862533692723,88.0,2.013477088948787,13.0,0.0,1.0,2.2075471698113356,1.6912,win,NY,IFVG,MARKET,BUY,Monday
1123,1.6323529411764706,34.0,0.8676470588235293,13.0,0.0,0.0,4.073529411764679,-1.009,loss,ASIA,IFVG,MARKET,BUY,Wednesday
1124,1.5405405405405403,42.0,0.7972972972972973,13.0,1.0,0.0,0.01351351351319396,-1.0088,loss,ASIA,CHoCH,LIMIT,BUY,Wednesday
1125,2.0875,52.0,0.7374999999999999,14.0,0.0,0.0,0.6000000000000227,-1.006,loss,ASIA,CHoCH,LIMIT_DEGRADED,BUY,Wednesday
1126,1.7085714285714286,22.0,0.9542857142857143,14.0,1.0,1.0,0.16000000000011433,-1.0134,loss,NY,CHoCH,LIMIT,BUY,Wednesday
1127,2.55868544600939,44.0,0.784037558685446,14.0,0.0,1.0,1.511737089201784,1.1321,win,NY,CHoCH,LIMIT_DEGRADED,BUY,Wednesday
1128,2.514705882352941,6.0,2.161764705882353,14.0,0.0,0.0,0.2058823529409892,0.0,scratch,ASIA,IFVG,MARKET,SELL,Thursday
1129,1.5921052631578947,48.0,1.9342105263157894,14.0,0.0,0.0,1.1052631578949283,-1.0083,loss,ASIA,CHoCH,LIMIT_DEGRADED,SELL,Thursday
1130,3.2650602409638556,60.0,1.7710843373493976,11.0,0.0,0.0,1.373493975903461,-0.0074,scratch,ASIA,IFVG,MARKET,SELL,Thursday
1131,2.0227272727272725,20.0,8.136363636363637,14.0,0.0,1.0,0.8939393939392699,-0.0112,scratch,NY,IFVG,MARKET,BUY,Thursday
1132,2.9662162162162162,92.0,7.256756756756757,36.0,0.0,1.0,6.270270270270405,-0.0182,scratch,NY,IFVG,MARKET,BUY,Thursday
1133,2.0512820512820515,20.0,0.3974358974358974,16.0,0.0,0.0,1.1538461538462703,0.0,scratch,ASIA,IFVG,MARKET,BUY,Friday
1134,1.4395604395604396,38.0,0.34065934065934067,14.0,0.0,0.0,0.5934065934065534,-1.0229,loss,ASIA,CHoCH,LIMIT_DEGRADED,BUY,Friday
1135,1.4999999999999998,46.0,0.33695652173913043,15.0,0.0,0.0,0.08695652173905134,-1.0,loss,ASIA,CHoCH,LIMIT_DEGRADED,BUY,Friday
1136,2.555555555555556,8.0,1.6837606837606838,14.0,0.0,1.0,0.05982905982881108,-0.0067,scratch,NY,IFVG,MARKET,BUY,Friday
1137,1.1893333333333334,42.0,0.5253333333333333,5.0,1.0,1.0,3.871999999999995,2.222,win,NY,CHoCH,LIMIT,BUY,Friday
1138,1.4672131147540983,82.0,0.00819672131147541,5.0,1.0,1.0,5.565573770491773,-0.0279,loss,ASIA,CHoCH,LIMIT,SELL,Monday
1139,1.8054298642533937,28.0,6.018099547511313,6.0,0.0,1.0,0.42986425339378864,0.0,scratch,NY,CHoCH,LIMIT_DEGRADED,SELL,Monday
1140,1.9489051094890508,78.0,9.708029197080291,10.0,1.0,1.0,0.7080291970801459,-0.0075,scratch,NY,CHoCH,LIMIT,SELL,Monday
1141,1.330049261083744,118.0,6.551724137931036,5.0,0.0,1.0,1.965517241379427,1.8,win,NY,IFVG,MARKET,SELL,Monday
1142,1.5575221238938055,45.0,2.424778761061947,13.0,1.0,1.0,2.203539823009059,-0.017,scratch,ASIA,CHoCH,LIMIT,BUY,Tuesday
1143,2.4565217391304346,68.0,2.9782608695652173,12.0,0.0,1.0,0.09782608695618562,-0.0044,scratch,ASIA,CHoCH,LIMIT_DEGRADED,BUY,Tuesday
1144,2.3902439024390243,22.0,0.7804878048780488,11.0,0.0,1.0,1.7398373983738802,-1.0816,loss,NY,IFVG,MARKET,SELL,Tuesday
1145,3.9437229437229435,38.0,0.41558441558441556,5.0,0.0,1.0,1.5714285714286187,0.0,scratch,NY,IFVG,MARKET,SELL,Tuesday
1146,1.2837837837837838,32.0,3.162162162162162,5.0,0.0,0.0,0.5810810810814744,-1.0316,loss,ASIA,IFVG,MARKET,SELL,Wednesday
1147,2.7027027027027026,44.0,3.162162162162162,12.0,0.0,0.0,0.2702702702700245,-0.035,loss,ASIA,IFVG,MARKET,SELL,Wednesday
1148,1.4835164835164836,114.0,2.571428571428571,12.0,0.0,0.0,2.4065934065934664,-1.0,loss,ASIA,IFVG,MARKET,SELL,Wednesday
1149,1.8073394495412842,8.0,3.8807339449541285,12.0,0.0,1.0,1.1284403669724936,0.0,scratch,NY,IFVG,MARKET,BUY,Wednesday
1150,4.936507936507937,32.0,2.2380952380952386,13.0,0.0,1.0,0.39153439153427605,-1.0086,loss,NY,IFVG,MARKET,BUY,Wednesday
1151,1.0194174757281553,16.0,0.1553398058252427,12.0,0.0,1.0,3.43689320388346,-1.0286,loss,ASIA,IFVG,MARKET,SELL,Thursday
1152,3.2222222222222223,40.0,0.16161616161616163,7.0,0.0,1.0,2.0909090909092565,1.2947,win,ASIA,IFVG,MARKET,SELL,Thursday
1153,1.9597989949748744,62.0,1.984924623115578,5.0,0.0,1.0,0.19095477386917306,-1.0128,loss,NY,IFVG,MARKET,BUY,Thursday
1154,2.8762886597938144,100.0,2.0360824742268044,8.0,0.0,1.0,0.5618556701031678,-0.009,scratch,NY,CHoCH,LIMIT_DEGRADED,BUY,Thursday
1155,2.032258064516129,28.0,0.040322580645161296,11.0,1.0,1.0,0.41129032258045445,-1.0,loss,ASIA,CHoCH,LIMIT,SELL,Friday
1156,2.1973684210526314,90.0,0.06578947368421052,7.0,0.0,1.0,5.5394736842105745,-1.006,loss,ASIA,IFVG,MARKET,SELL,Friday
1157,1.9756097560975612,110.0,0.06097560975609757,10.0,0.0,1.0,1.1097560975607983,-1.0,loss,ASIA,IFVG,MARKET,SELL,Friday
1158,3.485207100591716,32.0,0.1301775147928994,5.0,0.0,1.0,0.7159763313609683,-1.0,loss,NY,IFVG,MARKET,SELL,Friday
1159,1.2281879194630874,26.0,1.3624161073825503,8.0,0.0,1.0,2.2147651006709577,-1.0164,loss,ASIA,IFVG,MARKET,SELL,Monday
1160,2.596026490066225,38.0,1.344370860927152,5.0,0.0,1.0,1.2384105960264178,-1.0,loss,ASIA,IFVG,MARKET,SELL,Monday
1161,2.08,68.0,2.03,5.0,0.0,1.0,0.15000000000009095,-1.0192,loss,ASIA,IFVG,MARKET,SELL,Monday
1162,2.2458471760797343,71.0,1.6544850498338872,5.0,4.0,1.0,2.4584717607973725,1.7624,win,NY,CHoCH,LIMIT,BUY,Monday
1163,2.166666666666667,34.0,3.0595238095238093,12.0,0.0,1.0,0.934523809523907,-1.011,loss,NY,CHoCH,LIMIT_DEGRADED,BUY,Tuesday
1164,2.142857142857143,64.0,3.1925465838509313,12.0,0.0,1.0,1.0559006211178994,4.4317,win,NY,IFVG,MARKET,BUY,Tuesday
1165,2.76,32.0,3.79,13.0,0.0,1.0,1.7300000000000182,-1.0109,loss,ASIA,IFVG,MARKET,BUY,Wednesday
1166,2.7341772151898733,110.0,4.7974683544303796,12.0,0.0,1.0,1.3291139240508631,1.0324,win,ASIA,CHoCH,LIMIT_DEGRADED,BUY,Wednesday
1167,1.3819444444444444,74.0,4.229166666666667,12.0,2.0,1.0,5.569444444444432,-1.0101,loss,NY,CHoCH,LIMIT,BUY,Wednesday
1168,1.7922077922077921,86.0,3.954545454545454,13.0,0.0,1.0,0.837662337662314,-1.0181,loss,NY,CHoCH,LIMIT_DEGRADED,BUY,Wednesday
1169,2.6610169491525424,106.0,3.4406779661016946,14.0,0.0,1.0,1.2485875706214895,-0.0064,scratch,NY,IFVG,MARKET,BUY,Wednesday
1170,2.6666666666666665,20.0,0.48148148148148145,14.0,0.0,1.0,2.864197530863838,-1.0093,loss,ASIA,IFVG,MARKET,BUY,Thursday
1171,1.5,58.0,0.319672131147541,16.0,0.0,1.0,1.8032786885248138,-0.0055,scratch,ASIA,IFVG,MARKET,BUY,Thursday
1172,1.4603174603174602,68.0,3.492063492063492,13.0,0.0,1.0,1.4550264550264551,-1.0181,loss,NY,CHoCH,LIMIT_DEGRADED,SELL,Thursday
1173,1.9767441860465116,100.0,3.837209302325581,12.0,1.0,1.0,1.8895348837209303,0.0,scratch,NY,CHoCH,LIMIT,SELL,Thursday
1174,2.0476190476190474,11.0,3.666666666666667,12.0,1.0,1.0,0.5714285714285932,-1.0,loss,ASIA,CHoCH,LIMIT,BUY,Friday
1175,1.9764705882352942,40.0,3.623529411764706,13.0,0.0,1.0,0.21176470588216034,-1.0119,loss,ASIA,CHoCH,LIMIT_DEGRADED,BUY,Friday
1176,1.59,50.0,3.08,13.0,0.0,1.0,0.6799999999998363,6.7376,win,ASIA,CHoCH,LIMIT_DEGRADED,BUY,Friday
1177,2.6153846153846154,42.0,6.0256410256410255,12.0,0.0,1.0,0.7008547008544521,-1.0033,loss,NY,IFVG,MARKET,BUY,Friday
1178,2.445161290322581,80.0,4.548387096774193,12.0,0.0,1.0,3.251612903225783,-1.0079,loss,NY,IFVG,MARKET,BUY,Friday
1179,1.7081339712918662,100.0,3.373205741626794,15.0,0.0,1.0,1.349282296650796,-0.0056,scratch,NY,IFVG,MARKET,BUY,Friday
1180,1.7884615384615383,102.0,1.391025641025641,13.0,0.0,1.0,10.50000000000007,-0.0036,scratch,ASIA,IFVG,MARKET,BUY,Monday
1181,2.630573248407643,35.0,0.03821656050955414,19.0,1.0,1.0,0.09554140127394328,1.5254,win,NY,CHoCH,LIMIT,SELL,Monday
1182,1.0588235294117647,26.0,1.0588235294117647,19.0,1.0,1.0,0.8235294117648485,-0.0093,scratch,ASIA,CHoCH,LIMIT,SELL,Tuesday
1183,1.2903225806451613,100.0,1.1612903225806452,18.0,0.0,1.0,0.5698924731180057,-0.0583,loss,ASIA,CHoCH,LIMIT_DEGRADED,SELL,Tuesday
1184,1.7843137254901962,112.0,1.0588235294117647,18.0,1.0,1.0,0.26470588235292336,-1.0275,loss,ASIA,CHoCH,LIMIT,SELL,Tuesday
1185,1.5350877192982457,74.0,3.649122807017544,13.0,0.0,1.0,0.38596491228074964,1.48,win,NY,IFVG,MARKET,BUY,Tuesday
1186,1.2586206896551724,40.0,1.0,13.0,1.0,1.0,0.4482758620693419,-1.0,loss,ASIA,CHoCH,LIMIT,BUY,Wednesday
1187,2.446428571428571,64.0,1.0357142857142856,13.0,0.0,1.0,3.339285714285519,-0.0073,scratch,ASIA,IFVG,MARKET,BUY,Wednesday
1188,2.722222222222222,92.0,1.074074074074074,13.0,0.0,1.0,0.4629629629629629,-1.0068,loss,ASIA,CHoCH,LIMIT_DEGRADED,BUY,Wednesday
1189,2.0,26.0,3.0696202531645564,12.0,1.0,1.0,1.1265822784808515,-1.0,loss,NY,CHoCH,LIMIT,SELL,Wednesday
1190,2.437037037037037,88.0,3.592592592592592,13.0,0.0,1.0,3.4814814814816835,-1.003,loss,NY,IFVG,MARKET,SELL,Wednesday
1191,2.6790123456790123,28.0,1.9259259259259258,13.0,0.0,1.0,3.0864197530864197,-0.0046,scratch,ASIA,IFVG,MARKET,BUY,Thursday
1192,2.652173913043478,40.0,7.409937888198757,11.0,0.0,1.0,1.9130434782608243,-0.0023,scratch,NY,IFVG,MARKET,BUY,Thursday
1193,1.8219178082191783,84.0,8.17123287671233,5.0,1.0,1.0,0.1917808219176338,-0.0113,scratch,NY,CHoCH,LIMIT,BUY,Thursday
1194,2.4157303370786516,98.0,6.702247191011236,8.0,0.0,1.0,1.5337078651685496,1.7395,win,NY,CHoCH,LIMIT_DEGRADED,BUY,Thursday
1195,2.8135593220338984,56.0,0.15254237288135594,9.0,0.0,0.0,1.6610169491525733,-1.0361,loss,ASIA,IFVG,MARKET,BUY,Friday
1196,1.576086956521739,90.0,0.09782608695652173,12.0,2.0,0.0,0.5217391304348024,-0.0483,loss,ASIA,CHoCH,LIMIT,BUY,Friday
1197,2.0842105263157897,102.0,0.09473684210526316,16.0,0.0,0.0,1.0000000000002873,-1.0253,loss,ASIA,CHoCH,LIMIT_DEGRADED,BUY,Friday
1198,1.5274725274725274,18.0,10.32967032967033,5.0,0.0,1.0,0.6813186813185613,-1.0576,loss,NY,CHoCH,LIMIT_DEGRADED,BUY,Friday
1199,1.6938775510204083,48.0,6.394557823129252,12.0,1.0,1.0,0.5374149659863698,-0.012,scratch,NY,CHoCH,LIMIT,BUY,Friday
1200,2.172932330827068,110.0,7.067669172932331,7.0,0.0,1.0,1.2781954887220095,1.3979,win,NY,CHoCH,LIMIT_DEGRADED,BUY,Friday
1201,1.497041420118343,40.0,1.2485207100591715,10.0,0.0,1.0,0.10059171597637442,1.4625,win,ASIA,IFVG,MARKET,SELL,Monday
1202,1.9485294117647056,16.0,15.683823529411763,12.0,0.0,1.0,0.544117647058663,-0.0038,scratch,NY,IFVG,MARKET,BUY,Monday
1203,1.139344262295082,54.0,17.483606557377048,5.0,1.0,1.0,0.9016393442625933,-0.0144,scratch,NY,CHoCH,LIMIT,BUY,Monday
1204,1.644736842105263,16.0,3.9210526315789473,5.0,0.0,0.0,0.618421052631914,2.736,win,ASIA,IFVG,MARKET,BUY,Tuesday
1205,1.696969696969697,68.0,2.6515151515151514,8.0,1.0,1.0,2.262626262626272,0.0,scratch,NY,CHoCH,LIMIT,BUY,Tuesday
1206,0.9942528735632183,16.0,1.0,12.0,1.0,1.0,0.8390804597701359,-1.0,loss,ASIA,CHoCH,LIMIT,BUY,Wednesday
1207,1.7154471544715446,48.0,1.4146341463414633,5.0,0.0,1.0,3.0000000000000444,5.6735,win,ASIA,IFVG,MARKET,BUY,Wednesday
1208,0.7982062780269058,38.0,5.215246636771301,12.0,0.0,1.0,2.941704035874415,-0.0169,scratch,NY,IFVG,MARKET,BUY,Wednesday
1209,0.9908675799086758,60.0,5.3105022831050235,10.0,1.0,1.0,1.4429223744291573,1.9447,win,NY,CHoCH,LIMIT,BUY,Wednesday
1210,2.096774193548387,18.0,1.1048387096774195,5.0,1.0,0.0,4.008064516128871,1.2,win,ASIA,CHoCH,LIMIT,BUY,Thursday
1211,2.3874999999999997,22.0,0.11249999999999999,5.0,0.0,1.0,4.068750000000136,-1.0,loss,NY,IFVG,MARKET,BUY,Thursday
1212,1.446808510638298,78.0,0.1276595744680851,5.0,0.0,1.0,4.1134751773050935,-0.0196,scratch,NY,IFVG,MARKET,BUY,Thursday
1213,2.605263157894737,66.0,0.01754385964912281,15.0,0.0,1.0,0.2631578947370017,-0.0236,loss,ASIA,IFVG,MARKET,BUY,Friday
1214,3.1794019933554822,34.0,0.49833887043189373,5.0,1.0,1.0,2.6511627906976805,-1.0073,loss,NY,CHoCH,LIMIT,SELL,Friday
1215,1.5523012552301254,96.0,0.6276150627615062,7.0,0.0,1.0,2.184100418409958,-1.0108,loss,NY,IFVG,MARKET,SELL,Friday
1216,1.6381322957198445,112.0,0.5836575875486382,5.0,0.0,1.0,1.22178988326861,-1.0071,loss,NY,CHoCH,LIMIT_DEGRADED,SELL,Friday
1217,1.6234567901234567,36.0,0.9938271604938271,13.0,0.0,1.0,1.623456790123524,-1.0266,loss,ASIA,IFVG,MARKET,BUY,Monday
1218,2.1023622047244093,52.0,1.2677165354330708,15.0,0.0,1.0,0.5039370078739155,1.1086,win,ASIA,IFVG,MARKET,BUY,Monday
1219,1.3401360544217686,14.0,11.013605442176871,9.0,1.0,1.0,1.0340136054421645,0.9848,win,NY,CHoCH,LIMIT,BUY,Monday
1220,2.451127819548872,8.0,3.631578947368421,15.0,0.0,1.0,1.6766917293233219,4.56,win,ASIA,IFVG,MARKET,BUY,Tuesday
1221,1.003875968992248,34.0,10.112403100775193,9.0,0.0,1.0,1.2906976744185765,-1.0347,loss,NY,IFVG,MARKET,SELL,Tuesday
1222,1.5985401459854014,55.0,9.521897810218977,16.0,1.0,1.0,2.5036496350365427,-1.0091,loss,NY,CHoCH,LIMIT,SELL,Tuesday
1223,1.9525691699604746,82.0,10.312252964426879,11.0,0.0,1.0,1.6956521739130292,-1.0081,loss,NY,IFVG,MARKET,SELL,Tuesday
1224,1.4577464788732395,70.0,2.6126760563380285,5.0,0.0,1.0,2.1126760563380285,-1.0386,loss,ASIA,CHoCH,LIMIT_DEGRADED,SELL,Wednesday
1225,2.095890410958904,98.0,2.541095890410959,15.0,0.0,1.0,1.5136986301370112,1.0817,win,ASIA,CHoCH,LIMIT_DEGRADED,SELL,Wednesday
1226,1.6,8.0,3.2518518518518515,15.0,1.0,1.0,1.0888888888890775,6.5093,win,NY,CHoCH,LIMIT,SELL,Wednesday
1227,1.1176470588235294,14.0,0.4957983193277311,15.0,1.0,1.0,2.252100840335997,-1.0,loss,ASIA,CHoCH,LIMIT,BUY,Thursday
1228,1.2058823529411764,39.0,0.43382352941176466,5.0,1.0,1.0,1.4999999999999731,7.5876,win,ASIA,CHoCH,LIMIT,BUY,Thursday
1229,3.4023437500000004,34.0,1.5546875,8.0,0.0,1.0,3.61328125,-1.0126,loss,NY,IFVG,MARKET,BUY,Thursday
1230,3.251231527093596,72.0,1.9605911330049264,5.0,0.0,1.0,2.2857142857144472,1.5991,win,NY,IFVG,MARKET,BUY,Thursday
1231,1.7257142857142858,24.0,0.5428571428571428,10.0,0.0,1.0,0.12000000000002078,-1.1887,loss,NY,IFVG,MARKET,SELL,Friday
1232,1.403361344537815,40.0,0.39915966386554624,5.0,0.0,1.0,1.0924369747900688,3.294,win,NY,IFVG,MARKET,SELL,Friday
1233,0.8323699421965318,26.0,1.0578034682080926,15.0,1.0,1.0,2.965317919074945,-1.0,loss,ASIA,CHoCH,LIMIT,SELL,Monday
1234,2.119791666666667,46.0,0.9531250000000001,5.0,0.0,1.0,3.3385416666668277,-1.0,loss,ASIA,IFVG,MARKET,SELL,Monday
1235,1.3043478260869565,62.0,1.1366459627329193,62.0,0.0,1.0,0.18012422360246186,-1.0381,loss,ASIA,IFVG,MARKET,SELL,Monday
1236,1.457142857142857,19.0,0.6095238095238095,15.0,1.0,1.0,1.6952380952382857,-1.0,loss,NY,CHoCH,LIMIT,BUY,Monday
1237,2.008,29.0,0.512,11.0,1.0,1.0,0.9200000000000728,-1.0159,loss,NY,CHoCH,LIMIT,BUY,Monday
1238,2.1401869158878504,68.0,0.5981308411214953,14.0,1.0,1.0,0.5981308411213763,1.1572,win,NY,CHoCH,LIMIT,BUY,Monday
1239,3.4343434343434343,16.0,0.33333333333333337,16.0,0.0,1.0,4.000000000000036,-1.0176,loss,ASIA,IFVG,MARKET,BUY,Tuesday
1240,3.6967213114754096,40.0,0.27049180327868855,12.0,0.0,1.0,3.516393442622921,5.4388,win,ASIA,IFVG,MARKET,BUY,Tuesday
1241,1.92,80.0,7.720000000000001,10.0,0.0,1.0,0.6400000000001456,1.6833,win,NY,CHoCH,LIMIT_DEGRADED,BUY,Tuesday
1242,2.888888888888889,70.0,3.5470085470085477,15.0,0.0,1.0,6.256410256410397,1.4527,win,ASIA,IFVG,MARKET,SELL,Wednesday
1243,1.422818791946309,14.0,1.2818791946308725,13.0,0.0,1.0,3.3221476510065893,0.0,scratch,NY,IFVG,MARKET,SELL,Wednesday
1244,2.581699346405229,50.0,1.2483660130718954,15.0,0.0,1.0,0.9281045751634462,-0.0025,scratch,NY,IFVG,MARKET,SELL,Wednesday
1245,1.4342857142857142,74.0,1.0914285714285714,9.0,0.0,1.0,0.9828571428572884,1.3546,win,NY,CHoCH,LIMIT_DEGRADED,SELL,Wednesday
1246,1.5772357723577235,20.0,2.3008130081300813,15.0,1.0,1.0,0.37398373983742794,-1.0052,loss,ASIA,CHoCH,LIMIT,BUY,Thursday
1247,1.6474358974358974,47.0,1.814102564102564,22.0,1.0,1.0,2.9166666666664915,-1.0195,loss,ASIA,CHoCH,LIMIT,BUY,Thursday
1248,2.0530973451327434,74.0,2.504424778761062,14.0,0.0,1.0,1.0530973451327919,-0.0043,scratch,ASIA,IFVG,MARKET,BUY,Thursday
1249,2.2376237623762374,42.0,0.13366336633663367,15.0,0.0,1.0,1.2574257425742394,1.9469,win,NY,IFVG,MARKET,SELL,Thursday
1250,1.9341317365269461,26.0,0.1437125748502994,18.0,0.0,1.0,5.586826347305346,4.4606,win,ASIA,IFVG,MARKET,SELL,Friday
1251,1.2459016393442623,12.0,1.4836065573770492,15.0,0.0,1.0,0.9016393442622206,-1.0,loss,NY,IFVG,MARKET,SELL,Friday
1252,1.6232876712328768,22.0,1.2397260273972603,15.0,1.0,1.0,0.8835616438355915,-1.0169,loss,NY,CHoCH,LIMIT,SELL,Friday
1253,2.736559139784946,32.0,0.9731182795698925,15.0,0.0,1.0,0.3387096774194135,-1.0,loss,NY,CHoCH,LIMIT_DEGRADED,SELL,Friday
1254,2.5328947368421053,28.0,4.598684210526316,5.0,0.0,1.0,0.9276315789472727,-0.0052,scratch,NY,IFVG,MARKET,BUY,Monday
1255,1.8297872340425534,102.0,2.4787234042553195,8.0,0.0,1.0,5.631205673758904,-0.0097,scratch,NY,IFVG,MARKET,BUY,Monday
1256,3.025641025641026,26.0,0.7948717948717949,14.0,0.0,0.0,2.0598290598293243,0.0,scratch,ASIA,IFVG,MARKET,SELL,Tuesday
1257,1.601769911504425,66.0,0.8230088495575223,9.0,0.0,0.0,2.008849557522108,-1.0055,loss,ASIA,IFVG,MARKET,SELL,Tuesday
1258,2.5740740740740735,82.0,0.861111111111111,13.0,0.0,0.0,1.259259259258956,4.5658,win,ASIA,CHoCH,LIMIT_DEGRADED,SELL,Tuesday
1259,0.4791666666666667,20.0,6.192708333333334,15.0,0.0,1.0,0.8177083333334186,-0.0326,loss,NY,IFVG,MARKET,SELL,Tuesday
1260,2.1043956043956045,102.0,6.532967032967033,15.0,1.0,1.0,7.28021978021978,5.6397,win,NY,CHoCH,LIMIT,SELL,Tuesday
1261,2.6486486486486487,62.0,1.7783783783783784,15.0,0.0,1.0,5.697297297297277,-1.002,loss,ASIA,IFVG,MARKET,BUY,Wednesday
1262,2.17816091954023,82.0,1.8908045977011494,15.0,0.0,1.0,0.2701149425286206,0.0,scratch,ASIA,IFVG,MARKET,BUY,Wednesday
1263,2.2679738562091503,40.0,1.326797385620915,15.0,0.0,1.0,0.4509803921568984,3.8239,win,NY,CHoCH,LIMIT_DEGRADED,SELL,Wednesday
1264,1.838095238095238,32.0,0.4476190476190476,15.0,1.0,0.0,0.30476190476206066,-1.0,loss,ASIA,CHoCH,LIMIT,SELL,Thursday
1265,3.947368421052632,54.0,0.41228070175438597,15.0,0.0,0.0,2.438596491228246,4.8771,win,ASIA,IFVG,MARKET,SELL,Thursday
1266,1.372670807453416,10.0,7.229813664596273,15.0,0.0,1.0,0.7018633540373348,-1.0181,loss,NY,IFVG,MARKET,SELL,Thursday
1267,1.3000000000000003,30.0,6.126315789473685,16.0,0.0,1.0,2.005263157894708,1.4494,win,NY,IFVG,MARKET,SELL,Thursday
1268,3.6054421768707483,14.0,0.034013605442176874,15.0,0.0,0.0,4.102040816326666,4.8554,win,ASIA,IFVG,MARKET,SELL,Friday
1269,2.7297297297297294,24.0,5.264864864864864,15.0,0.0,1.0,2.3081081081080983,1.305,win,NY,IFVG,MARKET,SELL,Friday
1270,1.9387755102040816,64.0,3.86734693877551,15.0,0.0,1.0,3.744897959183748,-1.0053,loss,ASIA,IFVG,MARKET,SELL,Monday
1271,1.5058823529411764,88.0,4.458823529411765,15.0,0.0,1.0,0.43529411764693043,0.0,scratch,ASIA,IFVG,MARKET,SELL,Monday
1272,0.49122807017543857,26.0,4.590643274853801,15.0,0.0,1.0,3.3450292397662307,-1.0476,loss,NY,IFVG,MARKET,BUY,Monday
1273,1.942446043165468,54.0,5.64748201438849,15.0,0.0,1.0,0.40287769784168737,-0.0074,scratch,NY,CHoCH,LIMIT_DEGRADED,BUY,Monday
1274,3.7865853658536586,34.0,0.10975609756097561,15.0,0.0,0.0,5.054878048780743,0.0,scratch,ASIA,IFVG,MARKET,BUY,Tuesday
1275,2.087719298245614,32.0,14.391812865497077,11.0,0.0,1.0,1.9415204678363531,-1.0224,loss,NY,IFVG,MARKET,BUY,Tuesday
1276,1.0869565217391306,54.0,11.88888888888889,15.0,1.0,1.0,0.5797101449274484,-1.0222,loss,NY,CHoCH,LIMIT,BUY,Tuesday
1277,1.6491935483870968,29.0,0.40725806451612906,15.0,2.0,1.0,0.06854838709680353,-0.0073,scratch,ASIA,CHoCH,LIMIT,SELL,Wednesday
1278,1.7575757575757573,82.0,0.7651515151515151,15.0,0.0,1.0,2.992424242424449,2.0086,win,ASIA,CHoCH,LIMIT_DEGRADED,SELL,Wednesday
1279,1.5857142857142859,14.0,1.042857142857143,14.0,0.0,1.0,1.550000000000052,-1.0045,loss,NY,IFVG,MARKET,BUY,Wednesday
1280,1.7588424437299035,60.0,0.4694533762057878,15.0,0.0,1.0,5.697749196141415,0.0,scratch,NY,IFVG,MARKET,BUY,Wednesday
1281,3.260869565217391,82.0,1.4130434782608696,13.0,0.0,1.0,9.152173913043557,1.3567,win,ASIA,IFVG,MARKET,SELL,Thursday
1282,2.251366120218579,20.0,4.524590163934426,9.0,0.0,1.0,2.923497267759513,-0.0073,scratch,NY,IFVG,MARKET,SELL,Thursday
1283,1.9706959706959706,38.0,3.032967032967033,13.0,0.0,1.0,0.5641025641025508,-1.0019,loss,NY,CHoCH,LIMIT_DEGRADED,SELL,Thursday
1284,1.4695652173913045,74.0,3.6,14.0,0.0,1.0,2.3913043478260874,-1.0089,loss,NY,IFVG,MARKET,SELL,Thursday
1285,1.0,12.0,1.226027397260274,15.0,0.0,1.0,0.27397260273978835,-0.0137,scratch,ASIA,IFVG,MARKET,SELL,Friday
1286,1.1555555555555554,54.0,1.325925925925926,13.0,1.0,1.0,4.429629629629643,0.0,scratch,ASIA,CHoCH,LIMIT,SELL,Friday
1287,1.2993630573248407,86.0,1.1401273885350318,15.0,0.0,1.0,0.5031847133760626,-1.0,loss,ASIA,CHoCH,LIMIT_DEGRADED,SELL,Friday
1288,1.4834437086092715,10.0,3.6953642384105962,15.0,1.0,1.0,2.3245033112581215,-1.0134,loss,NY,CHoCH,LIMIT,BUY,Friday
1289,2.28135593220339,34.0,1.8915254237288135,14.0,0.0,1.0,2.186440677966194,-0.0015,scratch,NY,IFVG,MARKET,BUY,Friday
1290,3.250704225352113,68.0,1.571830985915493,9.0,0.0,1.0,2.6253521126761026,-0.0104,scratch,NY,IFVG,MARKET,BUY,Friday
1291,1.601503759398496,18.0,0.23308270676691728,15.0,1.0,1.0,2.466165413533643,-0.0282,loss,ASIA,CHoCH,LIMIT,SELL,Monday
1292,1.3628318584070798,86.0,0.27433628318584075,15.0,1.0,1.0,0.3539823008850363,-1.013,loss,ASIA,CHoCH,LIMIT,SELL,Monday
1293,2.791666666666667,106.0,0.3229166666666667,15.0,0.0,1.0,3.062500000000057,-0.0373,loss,ASIA,IFVG,MARKET,SELL,Monday
1294,1.1038961038961037,63.0,1.1515151515151516,15.0,2.0,1.0,0.46753246753243605,0.0,scratch,NY,CHoCH,LIMIT,SELL,Monday
1295,1.7188940092165899,88.0,1.2258064516129032,12.0,0.0,1.0,2.0645161290322664,-0.0161,scratch,NY,IFVG,MARKET,SELL,Monday
1296,1.931034482758621,16.0,0.5862068965517242,9.0,0.0,1.0,1.9310344827584327,1.5558,win,ASIA,IFVG,MARKET,BUY,Tuesday
1297,1.4514285714285715,18.0,7.125714285714286,15.0,0.0,1.0,2.4914285714286444,3.4716,win,NY,IFVG,MARKET,BUY,Tuesday
1298,1.0,15.0,1.4878048780487805,15.0,1.0,1.0,0.6829268292682261,-1.0366,loss,ASIA,CHoCH,LIMIT,SELL,Wednesday
1299,2.488095238095238,44.0,1.4523809523809523,15.0,0.0,1.0,5.2976190476193725,-1.0239,loss,ASIA,IFVG,MARKET,SELL,Wednesday
1300,0.7282608695652174,102.0,1.326086956521739,15.0,0.0,1.0,2.054347826086818,-0.0299,loss,ASIA,CHoCH,LIMIT_DEGRADED,SELL,Wednesday
1301,2.3035714285714284,30.0,0.6562499999999999,9.0,0.0,1.0,5.035714285714374,4.7133,win,NY,IFVG,MARKET,BUY,Wednesday
1302,2.6666666666666665,54.0,1.9080459770114941,15.0,0.0,1.0,3.9770114942529156,1.6466,win,ASIA,IFVG,MARKET,BUY,Thursday
1303,1.5524861878453038,20.0,0.17679558011049723,15.0,0.0,1.0,1.2541436464088296,1.242,win,NY,IFVG,MARKET,BUY,Thursday
1304,2.2024539877300615,38.0,0.17791411042944785,15.0,0.0,1.0,2.7300613496931403,-0.0056,scratch,ASIA,IFVG,MARKET,BUY,Friday
1305,1.8172043010752688,108.0,0.31182795698924726,15.0,0.0,1.0,1.193548387096911,-1.0,loss,ASIA,IFVG,MARKET,BUY,Friday
1306,1.4657534246575343,19.0,2.636986301369863,15.0,1.0,1.0,1.3150684931507348,-0.014,scratch,NY,CHoCH,LIMIT,BUY,Friday
1307,1.267123287671233,53.0,1.3184931506849316,14.0,1.0,1.0,2.904109589041102,-1.0,loss,NY,CHoCH,LIMIT,BUY,Friday
1308,0.9901960784313725,62.0,1.2581699346405228,15.0,0.0,1.0,0.9803921568627451,-0.0231,loss,NY,IFVG,MARKET,BUY,Friday
1309,1.8026315789473686,107.0,1.9736842105263157,15.0,1.0,1.0,5.2368421052631815,-1.0,loss,ASIA,CHoCH,LIMIT,BUY,Monday
1310,1.1683673469387756,61.0,1.4795918367346939,11.0,1.0,1.0,1.066326530612319,-1.0131,loss,NY,CHoCH,LIMIT,SELL,Monday
1311,0.9718309859154929,94.0,2.0422535211267605,15.0,0.0,1.0,5.112676056337862,-1.029,loss,NY,IFVG,MARKET,SELL,Monday
1312,0.8115942028985509,108.0,2.101449275362319,15.0,0.0,1.0,1.398550724637892,0.0,scratch,NY,IFVG,MARKET,SELL,Monday
1313,1.3983739837398375,21.0,0.2601626016260163,11.0,1.0,1.0,0.6747967479674205,1.8256,win,ASIA,CHoCH,LIMIT,BUY,Tuesday
1314,1.3475609756097562,20.0,11.109756097560975,15.0,1.0,1.0,0.15853658536598678,-1.0,loss,NY,CHoCH,LIMIT,BUY,Tuesday
1315,3.2209737827715355,50.0,6.823970037453183,10.0,0.0,1.0,2.7078651685393327,-1.0012,loss,NY,IFVG,MARKET,BUY,Tuesday
1316,1.2129277566539924,86.0,6.927756653992395,14.0,1.0,1.0,1.406844106463982,-0.0031,scratch,NY,CHoCH,LIMIT,BUY,Tuesday
1317,2.1149425287356323,14.0,1.2988505747126435,15.0,0.0,1.0,0.5517241379310553,-0.0326,loss,ASIA,IFVG,MARKET,SELL,Wednesday
1318,1.859154929577465,34.0,1.5915492957746478,15.0,0.0,1.0,0.4647887323942637,-0.0606,loss,ASIA,IFVG,MARKET,SELL,Wednesday
1319,2.92,64.0,1.5066666666666666,15.0,0.0,1.0,1.7866666666668607,-1.0228,loss,ASIA,CHoCH,LIMIT_DEGRADED,SELL,Wednesday
1320,2.7622950819672134,20.0,1.7131147540983607,15.0,0.0,1.0,4.713114754098361,-1.003,loss,NY,IFVG,MARKET,BUY,Wednesday
1321,1.1741573033707864,44.0,1.1741573033707864,15.0,0.0,1.0,3.2359550561796424,0.0,scratch,NY,IFVG,MARKET,BUY,Wednesday
1322,1.1749999999999998,78.0,1.30625,15.0,1.0,1.0,0.5937499999998863,-1.0319,loss,NY,CHoCH,LIMIT,BUY,Wednesday
1323,2.620437956204379,14.0,1.5620437956204378,15.0,0.0,1.0,0.7080291970801459,-1.0028,loss,ASIA,IFVG,MARKET,BUY,Thursday
1324,2.0420168067226894,68.0,1.7983193277310927,15.0,0.0,1.0,2.680672268907609,-1.0041,loss,ASIA,IFVG,MARKET,BUY,Thursday
1325,2.7112299465240643,58.0,2.0588235294117645,15.0,0.0,1.0,1.8288770053476324,-1.0039,loss,NY,IFVG,MARKET,SELL,Thursday
1326,2.503649635036496,112.0,2.81021897810219,15.0,0.0,1.0,4.357664233576828,-1.0,loss,NY,IFVG,MARKET,SELL,Thursday
1327,1.837837837837838,6.0,2.2027027027027026,15.0,0.0,0.0,1.0810810810807123,-0.0294,loss,ASIA,IFVG,MARKET,SELL,Friday
1328,1.232,63.0,1.3039999999999998,15.0,1.0,1.0,0.03200000000033469,5.4645,win,ASIA,CHoCH,LIMIT,SELL,Friday
1329,1.8964401294498383,74.0,0.11326860841423948,15.0,0.0,1.0,10.993527508090551,1.0051,win,NY,IFVG,MARKET,BUY,Friday
1330,1.9745762711864407,22.0,4.161016949152542,15.0,0.0,0.0,0.7796610169492142,-1.0172,loss,ASIA,CHoCH,LIMIT_DEGRADED,SELL,Monday
1331,1.0396825396825398,44.0,3.8968253968253967,15.0,0.0,1.0,1.6269841269839105,1.1603,win,ASIA,IFVG,MARKET,SELL,Monday
1332,2.2746113989637307,52.0,0.2072538860103627,15.0,0.0,1.0,2.8549222797928593,-0.0137,scratch,NY,IFVG,MARKET,BUY,Monday
1333,2.2323651452282154,112.0,0.16597510373443983,15.0,0.0,1.0,5.68879668049794,-1.0074,loss,NY,IFVG,MARKET,BUY,Monday
1334,2.247191011235955,30.0,3.2134831460674156,15.0,0.0,0.0,2.516853932584535,-0.01,scratch,ASIA,IFVG,MARKET,BUY,Tuesday
1335,2.9239130434782608,74.0,3.1086956521739126,15.0,0.0,0.0,4.326086956521759,-1.0112,loss,ASIA,IFVG,MARKET,BUY,Tuesday
1336,1.6710526315789476,80.0,2.2280701754385968,15.0,0.0,1.0,0.8245614035086204,-1.0,loss,NY,CHoCH,LIMIT_DEGRADED,BUY,Tuesday
1337,2.131313131313131,94.0,2.5656565656565657,15.0,0.0,1.0,0.9090909090907713,-1.0,loss,NY,CHoCH,LIMIT_DEGRADED,BUY,Tuesday
1338,2.5567010309278353,24.0,2.3505154639175254,15.0,0.0,1.0,2.051546391752821,-1.0161,loss,ASIA,IFVG,MARKET,SELL,Wednesday
1339,1.103448275862069,86.0,2.6206896551724137,15.0,0.0,1.0,7.689655172413856,-1.0208,loss,ASIA,IFVG,MARKET,SELL,Wednesday
1340,1.2249999999999999,92.0,2.8499999999999996,15.0,0.0,1.0,0.024999999999977263,-1.0,loss,ASIA,IFVG,MARKET,SELL,Wednesday
1341,2.7007299270072993,28.0,3.1605839416058394,15.0,0.0,1.0,4.138686131386914,-1.0027,loss,NY,IFVG,MARKET,BUY,Wednesday
1342,1.6170212765957448,69.0,2.3031914893617023,15.0,1.0,1.0,3.521276595744865,-0.0066,scratch,NY,CHoCH,LIMIT,BUY,Wednesday
1343,1.2621359223300972,62.0,4.038834951456311,15.0,1.0,1.0,2.3009708737867434,6.7642,win,ASIA,CHoCH,LIMIT,BUY,Thursday
1344,2.25,6.0,9.121951219512196,15.0,1.0,1.0,1.0060975609756653,-1.0054,loss,NY,CHoCH,LIMIT,BUY,Thursday
1345,2.052401746724891,30.0,6.532751091703057,15.0,0.0,1.0,3.88209606986894,-1.0149,loss,NY,IFVG,MARKET,BUY,Thursday
1346,2.0497925311203318,46.0,6.20746887966805,15.0,0.0,1.0,2.0041493775935195,2.081,win,NY,IFVG,MARKET,BUY,Thursday
1347,1.5220588235294115,20.0,1.5294117647058822,15.0,0.0,1.0,2.9632352941176268,-0.0242,loss,NY,IFVG,MARKET,BUY,Friday
1348,1.620689655172414,20.0,0.8189655172413793,15.0,0.0,1.0,1.215517241379185,3.6143,win,ASIA,IFVG,MARKET,SELL,Monday
1349,2.0648648648648646,42.0,6.189189189189189,14.0,0.0,1.0,0.11891891891881076,-1.0026,loss,NY,IFVG,MARKET,BUY,Monday
1350,2.4232209737827715,80.0,4.288389513108614,12.0,0.0,1.0,2.895131086142329,-1.0077,loss,NY,IFVG,MARKET,BUY,Monday
1351,2.818941504178273,114.0,3.1894150417827296,12.0,0.0,1.0,3.9442896935932743,1.8591,win,NY,IFVG,MARKET,BUY,Monday
1352,2.4324324324324325,34.0,2.912162162162162,15.0,0.0,1.0,2.655405405405602,-1.0056,loss,NY,IFVG,MARKET,SELL,Tuesday
1353,2.5714285714285716,82.0,2.1989795918367347,15.0,0.0,1.0,1.5510204081634789,-0.0159,scratch,NY,IFVG,MARKET,SELL,Tuesday
1354,1.4159292035398232,106.0,1.907079646017699,15.0,0.0,1.0,0.8628318584069993,-1.0,loss,NY,IFVG,MARKET,SELL,Tuesday
1355,1.5932203389830508,62.0,2.1440677966101696,17.0,4.0,1.0,0.4915254237287519,5.7359,win,ASIA,CHoCH,LIMIT,BUY,Wednesday
1356,2.2802197802197806,38.0,0.967032967032967,15.0,0.0,1.0,3.868131868131848,-1.0072,loss,NY,IFVG,MARKET,SELL,Wednesday
1357,1.6886792452830188,100.0,0.830188679245283,15.0,0.0,1.0,2.5377358490566553,1.5028,win,NY,IFVG,MARKET,SELL,Wednesday
1358,1.9510309278350517,34.0,3.7706185567010313,15.0,0.0,1.0,4.8453608247421975,-0.0013,scratch,ASIA,IFVG,MARKET,BUY,Thursday
1359,1.4293948126801153,74.0,4.216138328530259,15.0,0.0,1.0,0.5677233429394236,-0.002,scratch,ASIA,CHoCH,LIMIT_DEGRADED,BUY,Thursday
1360,2.173809523809524,62.0,9.714285714285714,15.0,0.0,1.0,1.7190476190475714,-0.0263,loss,NY,IFVG,MARKET,SELL,Thursday
1361,0.8878326996197718,104.0,7.756653992395437,17.0,0.0,1.0,3.684410646387767,-1.0171,loss,NY,CHoCH,LIMIT_DEGRADED,SELL,Thursday
1362,0.6848249027237354,110.0,7.937743190661479,16.0,0.0,1.0,4.645914396887092,-0.0256,loss,NY,CHoCH,LIMIT_DEGRADED,SELL,Thursday
1363,2.518518518518518,64.0,0.7555555555555555,16.0,0.0,0.0,0.9851851851851312,-1.0118,loss,ASIA,CHoCH,LIMIT_DEGRADED,SELL,Friday
1364,1.683098591549296,76.0,0.7183098591549296,17.0,0.0,0.0,2.978873239436633,1.1423,win,ASIA,IFVG,MARKET,SELL,Friday
1365,2.272108843537415,20.0,1.732426303854875,17.0,0.0,1.0,0.8911564625849968,-1.005,loss,NY,IFVG,MARKET,BUY,Friday
1366,1.031390134529148,62.0,1.1420029895366217,17.0,0.0,1.0,3.2735426008968744,-0.0072,scratch,NY,IFVG,MARKET,BUY,Friday
1367,1.4324894514767932,92.0,1.611814345991561,17.0,0.0,1.0,0.3649789029535903,-1.0118,loss,NY,CHoCH,LIMIT_DEGRADED,BUY,Friday
1368,2.180161943319838,46.0,1.180161943319838,53.0,0.0,1.0,1.923076923076923,-1.0139,loss,ASIA,IFVG,MARKET,SELL,Monday
1369,2.8732590529247912,66.0,0.8119777158774374,52.0,0.0,1.0,0.3259052924791289,-1.0019,loss,ASIA,IFVG,MARKET,SELL,Monday
1370,1.3269230769230769,17.0,2.5801282051282053,17.0,1.0,1.0,4.605769230769341,-1.0169,loss,NY,CHoCH,LIMIT,BUY,Monday
1371,2.76984126984127,48.0,2.1296296296296298,17.0,0.0,1.0,3.0820105820106063,-0.0057,scratch,NY,IFVG,MARKET,BUY,Monday
1372,1.3823529411764708,48.0,1.5,17.0,0.0,1.0,5.847058823529444,1.2128,win,ASIA,IFVG,MARKET,SELL,Tuesday
1373,1.9796610169491524,30.0,5.728813559322033,15.0,0.0,1.0,3.738983050847525,-1.0068,loss,NY,IFVG,MARKET,BUY,Tuesday
1374,2.5754716981132075,68.0,7.971698113207546,15.0,0.0,1.0,1.3726415094338935,1.2821,win,NY,IFVG,MARKET,BUY,Tuesday
1375,1.4748603351955307,19.0,0.45251396648044695,15.0,1.0,0.0,2.58938547486033,-1.0,loss,ASIA,CHoCH,LIMIT,SELL,Wednesday
1376,2.625,36.0,0.5625000000000001,15.0,0.0,0.0,0.8020833333334723,-1.0159,loss,ASIA,IFVG,MARKET,SELL,Wednesday
1377,3.238839285714285,68.0,10.787946428571427,21.0,0.0,1.0,3.5424107142857912,1.3205,win,NY,IFVG,MARKET,BUY,Wednesday
1378,1.7325102880658434,8.0,1.7572016460905346,21.0,0.0,0.0,0.46090534979419373,1.7648,win,ASIA,IFVG,MARKET,BUY,Thursday
1379,1.1494661921708185,24.0,5.569395017793594,20.0,1.0,1.0,0.4056939501778906,-0.0217,loss,NY,CHoCH,LIMIT,BUY,Thursday
1380,2.139423076923077,46.0,3.762019230769231,7.0,0.0,1.0,1.5865384615384397,-0.0169,scratch,NY,IFVG,MARKET,BUY,Thursday
1381,0.9431818181818181,114.0,4.4460227272727275,20.0,1.0,1.0,1.5056818181818699,-1.012,loss,NY,CHoCH,LIMIT,BUY,Thursday
1382,2.3489583333333335,12.0,1.7916666666666667,17.0,0.0,1.0,1.2031250000002085,4.1161,win,ASIA,IFVG,MARKET,BUY,Friday
1383,1.2408536585365855,26.0,1.4268292682926829,17.0,1.0,1.0,0.10975609756101444,1.0541,win,NY,CHoCH,LIMIT,BUY,Friday
1384,2.1363636363636367,32.0,1.898989898989899,20.0,1.0,1.0,0.18181818181824613,-1.0142,loss,ASIA,CHoCH,LIMIT,BUY,Monday
1385,0.7441860465116279,56.0,2.186046511627907,17.0,1.0,1.0,2.1511627906978332,-1.0,loss,ASIA,CHoCH,LIMIT,BUY,Monday
1386,1.2281879194630874,119.0,1.261744966442953,15.0,5.0,1.0,1.2785234899328677,-0.0082,scratch,ASIA,CHoCH,LIMIT,BUY,Monday
1387,1.9520958083832334,8.0,1.5928143712574852,23.0,0.0,1.0,1.1077844311376701,-0.0307,loss,NY,IFVG,MARKET,SELL,Monday
1388,1.5973154362416107,92.0,0.5950782997762865,18.0,0.0,1.0,0.7024608501118283,-1.0028,loss,NY,IFVG,MARKET,SELL,Monday
1389,1.537859007832898,112.0,0.6945169712793734,18.0,0.0,1.0,1.120104438642288,-0.0051,scratch,NY,CHoCH,LIMIT_DEGRADED,SELL,Monday
1390,2.611650485436893,14.0,0.1941747572815534,18.0,0.0,0.0,0.9029126213590644,-1.0669,loss,ASIA,IFVG,MARKET,BUY,Tuesday
1391,2.3852459016393444,66.0,0.1639344262295082,19.0,1.0,0.0,1.073770491803234,2.1649,win,ASIA,CHoCH,LIMIT,BUY,Tuesday
1392,2.005917159763314,20.0,1.3668639053254439,12.0,0.0,1.0,3.875739644970522,1.0649,win,NY,IFVG,MARKET,SELL,Tuesday
1393,2.0670103092783503,62.0,5.994845360824743,18.0,0.0,1.0,0.005154639175370247,-0.0025,scratch,ASIA,IFVG,MARKET,BUY,Wednesday
1394,1.5796178343949043,98.0,3.7038216560509554,18.0,0.0,1.0,3.659235668789884,1.3528,win,ASIA,CHoCH,LIMIT_DEGRADED,BUY,Wednesday
1395,2.622775800711744,53.0,8.597864768683275,18.0,1.0,1.0,1.41992882562286,-1.0,loss,NY,CHoCH,LIMIT,BUY,Wednesday
1396,2.061290322580645,88.0,7.793548387096774,18.0,0.0,1.0,1.9129032258063987,-1.0078,loss,NY,IFVG,MARKET,BUY,Wednesday
1397,2.0371517027863777,108.0,7.479876160990712,19.0,0.0,1.0,0.6501547987615818,5.6026,win,NY,IFVG,MARKET,BUY,Wednesday
1398,2.803571428571429,34.0,0.886904761904762,20.0,0.0,1.0,2.8869047619049786,-0.0042,scratch,ASIA,IFVG,MARKET,SELL,Thursday
1399,1.2926829268292683,86.0,0.519163763066202,18.0,0.0,1.0,2.8118466898955274,2.4771,win,ASIA,IFVG,MARKET,SELL,Thursday
1400,3.73943661971831,22.0,2.471830985915493,19.0,0.0,1.0,4.376760563380384,-0.0009,scratch,NY,IFVG,MARKET,SELL,Thursday
1401,1.5495867768595042,64.0,2.9008264462809916,18.0,0.0,1.0,1.5743801652892337,-1.0027,loss,NY,IFVG,MARKET,SELL,Thursday
1402,4.977848101265823,106.0,2.221518987341772,18.0,0.0,1.0,1.9651898734177329,1.2975,win,NY,CHoCH,LIMIT_DEGRADED,SELL,Thursday
1403,1.0,28.0,1.891625615763547,21.0,0.0,1.0,0.3103448275862607,7.256,win,ASIA,IFVG,MARKET,BUY,Monday
1404,1.503267973856209,16.0,17.026143790849673,19.0,0.0,1.0,0.8169934640522876,-0.0217,loss,NY,IFVG,MARKET,BUY,Monday
1405,2.116731517509728,32.0,10.136186770428017,18.0,0.0,1.0,1.4007782101166961,1.7629,win,NY,IFVG,MARKET,BUY,Monday
1406,1.624078624078624,34.0,0.08108108108108109,19.0,0.0,1.0,2.7125307125307034,-1.0061,loss,ASIA,IFVG,MARKET,SELL,Tuesday
1407,1.8546511627906976,112.0,0.09593023255813954,19.0,0.0,1.0,8.104651162790729,-0.0016,scratch,ASIA,IFVG,MARKET,SELL,Tuesday
1408,2.8436657681940702,24.0,0.8652291105121294,18.0,0.0,1.0,1.3207547169811567,1.2408,win,NY,IFVG,MARKET,SELL,Tuesday
1409,2.5082568807339447,74.0,0.4256880733944954,18.0,0.0,1.0,0.339449541284387,-1.0037,loss,ASIA,CHoCH,LIMIT_DEGRADED,BUY,Wednesday
1410,2.7466367713004485,98.0,0.5201793721973094,18.0,0.0,1.0,0.34977578475335097,-0.0073,scratch,ASIA,IFVG,MARKET,BUY,Wednesday
1411,2.3833865814696487,62.0,1.926517571884984,18.0,0.0,1.0,0.22683706070288703,1.9772,win,ASIA,CHoCH,LIMIT_DEGRADED,BUY,Thursday
1412,1.6892430278884465,41.0,2.043824701195219,18.0,2.0,1.0,0.04780876494037674,-1.0024,loss,NY,CHoCH,LIMIT,BUY,Thursday
1413,1.5192982456140351,70.0,1.7999999999999998,18.0,1.0,1.0,2.3929824561402486,-1.0115,loss,NY,CHoCH,LIMIT,BUY,Thursday
1414,1.5103857566765577,85.0,1.522255192878338,18.0,1.0,1.0,1.4243323442137037,-1.0216,loss,NY,CHoCH,LIMIT,BUY,Thursday
1415,1.0471014492753625,24.0,2.829710144927536,19.0,0.0,1.0,2.318840579710178,-1.0277,loss,ASIA,IFVG,MARKET,SELL,Friday
1416,1.4458333333333335,36.0,3.2541666666666664,20.0,0.0,1.0,0.05833333333346976,-0.0058,scratch,ASIA,IFVG,MARKET,SELL,Friday
1417,1.7256317689530687,68.0,2.819494584837545,18.0,0.0,1.0,0.27436823104684605,-1.0167,loss,ASIA,CHoCH,LIMIT_DEGRADED,SELL,Friday
1418,2.4890829694323147,14.0,13.393013100436681,19.0,0.0,1.0,1.9999999999999682,-1.0088,loss,NY,IFVG,MARKET,SELL,Friday
1419,2.864754098360656,32.0,12.569672131147541,23.0,0.0,1.0,1.2663934426230106,-0.01,scratch,NY,IFVG,MARKET,SELL,Friday
1420,1.45,112.0,6.389583333333334,18.0,0.0,1.0,2.0437499999999886,-0.0043,scratch,NY,CHoCH,LIMIT_DEGRADED,SELL,Friday
1421,2.023026315789474,12.0,3.3552631578947367,19.0,0.0,0.0,1.707236842105281,-1.0163,loss,ASIA,IFVG,MARKET,SELL,Monday
1422,1.6082089552238803,36.0,3.805970149253731,19.0,0.0,0.0,0.7350746268657666,-1.0116,loss,ASIA,IFVG,MARKET,SELL,Monday
1423,3.4400000000000004,66.0,3.709090909090909,18.0,0.0,0.0,1.3490909090909222,1.9704,win,ASIA,IFVG,MARKET,SELL,Monday
1424,1.3333333333333333,38.0,0.7235772357723578,18.0,0.0,0.0,0.654471544715499,-1.0152,loss,NY,IFVG,MARKET,BUY,Monday
1425,2.541501976284585,46.0,0.7035573122529645,19.0,0.0,0.0,0.7075098814229106,-1.0016,loss,NY,CHoCH,LIMIT_DEGRADED,BUY,Monday
1426,1.4549180327868851,71.0,0.7295081967213115,18.0,1.0,0.0,1.8155737704919226,-0.0113,scratch,NY,CHoCH,LIMIT,BUY,Monday
1427,3.1777777777777776,22.0,0.12777777777777777,18.0,0.0,0.0,0.7777777777778283,-0.0192,scratch,ASIA,IFVG,MARKET,SELL,Tuesday
1428,0.9655172413793103,80.0,0.07931034482758621,18.0,0.0,1.0,0.951724137930953,-1.05,loss,ASIA,CHoCH,LIMIT_DEGRADED,SELL,Tuesday
1429,2.345724907063197,100.0,0.08550185873605949,18.0,0.0,1.0,2.483271375464623,-0.0174,scratch,ASIA,IFVG,MARKET,SELL,Tuesday
1430,2.3413654618473894,22.0,4.835341365461846,6.0,0.0,1.0,0.060240963855458206,-1.0034,loss,NY,CHoCH,LIMIT_DEGRADED,SELL,Tuesday
1431,2.6566666666666667,38.0,4.013333333333333,20.0,0.0,1.0,0.7066666666666302,-1.0013,loss,NY,IFVG,MARKET,SELL,Tuesday
1432,1.3387622149837135,78.0,3.9218241042345277,18.0,0.0,1.0,2.3745928338762097,-1.0049,loss,NY,IFVG,MARKET,SELL,Tuesday
1433,2.2395209580838324,62.0,0.09580838323353294,18.0,0.0,1.0,6.227544910179695,-1.0134,loss,ASIA,IFVG,MARKET,BUY,Wednesday
1434,3.009852216748769,72.0,0.0788177339901478,20.0,0.0,1.0,1.5763546798028663,0.0,scratch,ASIA,IFVG,MARKET,BUY,Wednesday
1435,0.71461716937355,34.0,6.716937354988399,19.0,0.0,1.0,3.948955916473314,-0.0357,loss,NY,CHoCH,LIMIT_DEGRADED,SELL,Wednesday
1436,2.447058823529412,84.0,8.514705882352942,19.0,0.0,1.0,5.1147058823529035,-1.0096,loss,NY,IFVG,MARKET,SELL,Wednesday
1437,1.2192771084337348,113.0,6.97590361445783,18.0,1.0,1.0,3.0963855421686524,1.3281,win,NY,CHoCH,LIMIT,SELL,Wednesday
1438,2.210762331838565,18.0,2.026905829596412,19.0,0.0,1.0,0.34080717488778633,5.4107,win,ASIA,IFVG,MARKET,SELL,Thursday
1439,1.5884244372990355,10.0,10.92604501607717,18.0,0.0,1.0,0.8681672025724351,-1.0142,loss,NY,IFVG,MARKET,SELL,Thursday
1440,1.7989821882951653,63.0,8.646310432569974,18.0,1.0,1.0,5.758269720101693,-0.0042,scratch,NY,CHoCH,LIMIT,SELL,Thursday
1441,2.0139275766016715,80.0,9.465181058495821,18.0,0.0,1.0,0.08077994428981013,-1.0014,loss,NY,IFVG,MARKET,SELL,Thursday
1442,1.6134020618556701,35.0,0.041237113402061855,18.0,1.0,1.0,3.283505154639119,1.9617,win,ASIA,CHoCH,LIMIT,SELL,Friday
1443,1.5159574468085109,8.0,6.085106382978723,18.0,1.0,1.0,1.952127659574507,-1.014,loss,NY,CHoCH,LIMIT,BUY,Friday
1444,2.7327823691460056,40.0,3.1515151515151514,18.0,0.0,1.0,2.9641873278236264,-1.001,loss,NY,IFVG,MARKET,BUY,Friday
1445,1.9080779944289694,76.0,3.1866295264623954,18.0,0.0,1.0,3.676880222841175,-0.0058,scratch,NY,IFVG,MARKET,BUY,Friday
1446,0.9084507042253522,30.0,3.133802816901409,18.0,1.0,1.0,3.2112676056337643,-1.0155,loss,ASIA,CHoCH,LIMIT,BUY,Monday
1447,3.2222222222222223,48.0,2.60233918128655,19.0,0.0,1.0,1.6374269005849018,2.2232,win,ASIA,IFVG,MARKET,BUY,Monday
1448,1.4357976653696498,36.0,16.463035019455255,19.0,0.0,1.0,0.1284046692606721,-0.0108,scratch,NY,CHoCH,LIMIT_DEGRADED,BUY,Monday
1449,2.4456521739130435,66.0,22.994565217391305,18.0,0.0,1.0,1.103260869565079,-1.0044,loss,NY,CHoCH,LIMIT_DEGRADED,BUY,Monday
1450,1.1198347107438016,108.0,17.483471074380166,18.0,1.0,1.0,2.0702479338842,0.0,scratch,NY,CHoCH,LIMIT,BUY,Monday
1451,2.333333333333333,36.0,0.8888888888888888,18.0,0.0,0.0,3.8472222222221966,-1.0516,loss,ASIA,IFVG,MARKET,BUY,Tuesday
1452,1.8898678414096917,22.0,6.894273127753304,18.0,0.0,1.0,0.22026431718061673,2.3007,win,NY,IFVG,MARKET,BUY,Tuesday
1453,2.48993288590604,56.0,0.39429530201342283,18.0,0.0,1.0,5.5318791946308385,-0.004,scratch,ASIA,IFVG,MARKET,BUY,Wednesday
1454,2.6984126984126986,98.0,0.5328798185941043,18.0,0.0,1.0,1.7823129251700969,-0.0286,loss,ASIA,IFVG,MARKET,BUY,Wednesday
1455,1.5023041474654377,26.0,0.3317972350230415,18.0,0.0,1.0,0.13364055299537494,-1.0061,loss,NY,IFVG,MARKET,BUY,Wednesday
1456,2.0409836065573774,32.0,0.29508196721311475,18.0,0.0,1.0,1.036885245901535,-1.0,loss,NY,IFVG,MARKET,BUY,Wednesday
1457,3.028169014084507,94.0,0.2535211267605634,18.0,0.0,1.0,2.34507042253516,-0.0186,scratch,NY,IFVG,MARKET,BUY,Wednesday
1458,1.3916083916083917,8.0,3.4685314685314688,18.0,0.0,0.0,0.7132867132867006,4.9476,win,ASIA,IFVG,MARKET,BUY,Thursday
1459,1.957547169811321,34.0,10.245283018867923,18.0,0.0,1.0,4.853773584905643,-1.0699,loss,NY,IFVG,MARKET,SELL,Thursday
1460,1.2260536398467434,44.0,8.32183908045977,19.0,0.0,1.0,1.4367816091954024,1.0063,win,NY,IFVG,MARKET,SELL,Thursday
1461,2.151685393258427,10.0,0.07303370786516854,18.0,0.0,1.0,1.3258426966290295,-0.0157,scratch,ASIA,IFVG,MARKET,SELL,Friday
1462,2.2139303482587067,64.0,0.0646766169154229,18.0,0.0,1.0,4.298507462686731,5.8948,win,ASIA,IFVG,MARKET,SELL,Friday
1463,1.6331658291457287,48.0,8.346733668341708,18.0,1.0,1.0,1.3316582914571036,-0.0031,scratch,NY,CHoCH,LIMIT,BUY,Friday
1464,1.9234449760765548,76.0,7.947368421052632,18.0,0.0,1.0,1.0765550239234452,-0.0025,scratch,NY,IFVG,MARKET,BUY,Friday
1465,2.8271186440677964,54.0,2.9627118644067796,18.0,0.0,1.0,3.8305084745763325,-1.0144,loss,ASIA,IFVG,MARKET,BUY,Monday
1466,2.392059553349876,68.0,2.1687344913151363,18.0,0.0,1.0,1.1464019851116354,-1.0062,loss,ASIA,IFVG,MARKET,BUY,Monday
1467,1.538022813688213,86.0,1.661596958174905,18.0,0.0,1.0,1.65589353612168,1.0717,win,ASIA,IFVG,MARKET,BUY,Monday
1468,2.285211267605634,38.0,11.19718309859155,18.0,0.0,1.0,3.3732394366196927,-1.0031,loss,NY,IFVG,MARKET,SELL,Monday
1469,0.5193370165745856,92.0,8.78453038674033,18.0,0.0,1.0,4.2624309392266,-0.0904,loss,NY,CHoCH,LIMIT_DEGRADED,SELL,Monday
1470,1.7930232558139536,118.0,7.395348837209303,18.0,1.0,1.0,1.1069767441859915,-0.0026,scratch,NY,CHoCH,LIMIT,SELL,Monday
1471,1.9123711340206186,32.0,0.4896907216494845,18.0,0.0,1.0,1.9484536082472914,-1.0108,loss,ASIA,CHoCH,LIMIT_DEGRADED,BUY,Tuesday
1472,1.901639344262295,52.0,0.5191256830601092,19.0,0.0,1.0,0.9289617486340288,-0.0086,scratch,ASIA,IFVG,MARKET,BUY,Tuesday
1473,1.9761904761904763,76.0,0.45238095238095233,18.0,0.0,1.0,1.652380952380857,-1.0024,loss,ASIA,CHoCH,LIMIT_DEGRADED,BUY,Tuesday
1474,2.255813953488372,36.0,1.2059800664451827,15.0,1.0,1.0,5.714285714285654,-1.0074,loss,NY,CHoCH,LIMIT,BUY,Tuesday
1475,2.9377162629757785,86.0,1.2560553633217992,15.0,0.0,1.0,2.0830449826989557,-1.0106,loss,NY,IFVG,MARKET,BUY,Tuesday
1476,1.8415300546448088,28.0,0.6120218579234973,15.0,0.0,1.0,5.66120218579217,-0.0267,loss,ASIA,IFVG,MARKET,BUY,Wednesday
1477,1.9064039408866997,57.0,0.5517241379310346,15.0,1.0,1.0,1.014778325123126,-1.0103,loss,ASIA,CHoCH,LIMIT,BUY,Wednesday
1478,1.8470149253731343,68.0,0.41791044776119407,15.0,0.0,1.0,0.6753731343283378,-0.002,scratch,ASIA,IFVG,MARKET,BUY,Wednesday
1479,1.2552693208430916,88.0,3.4871194379391106,15.0,0.0,1.0,1.1967213114754398,-1.0224,loss,NY,IFVG,MARKET,SELL,Wednesday
1480,2.4157043879907625,98.0,3.4387990762124714,15.0,0.0,1.0,1.9237875288683435,-0.0029,scratch,NY,CHoCH,LIMIT_DEGRADED,SELL,Wednesday
1481,2.251700680272109,14.0,1.7074829931972788,15.0,0.0,0.0,1.6598639455779591,0.0,scratch,ASIA,IFVG,MARKET,BUY,Thursday
1482,1.2613636363636365,35.0,1.4261363636363635,15.0,1.0,0.0,0.9659090909089876,-1.0,loss,ASIA,CHoCH,LIMIT,BUY,Thursday
1483,1.5714285714285714,44.0,1.7074829931972788,15.0,0.0,0.0,0.07482993197287574,2.0736,win,ASIA,IFVG,MARKET,BUY,Thursday
1484,2.4039215686274513,22.0,6.988235294117648,15.0,1.0,0.0,0.43529411764693043,1.1223,win,NY,CHoCH,LIMIT,BUY,Thursday
1485,0.8750000000000001,24.0,2.5500000000000003,15.0,1.0,1.0,0.12857142857131165,-0.0408,loss,ASIA,CHoCH,LIMIT,SELL,Friday
1486,2.8796296296296293,46.0,3.3055555555555554,15.0,0.0,1.0,0.018518518518712206,-1.008,loss,ASIA,CHoCH,LIMIT_DEGRADED,SELL,Friday
1487,2.7115384615384612,62.0,2.7461538461538457,15.0,0.0,1.0,2.6461538461537133,1.5206,win,ASIA,IFVG,MARKET,SELL,Friday
1488,1.6997319034852547,42.0,13.975871313672924,15.0,0.0,1.0,4.6166219839142775,-1.011,loss,NY,IFVG,MARKET,SELL,Friday
1489,0.9644970414201183,71.0,15.423076923076925,15.0,1.0,1.0,1.6449704142011674,1.9049,win,NY,CHoCH,LIMIT,SELL,Friday
1490,2.0281690140845074,48.0,1.0563380281690142,15.0,0.0,1.0,1.3192488262910542,-1.0347,loss,ASIA,IFVG,MARKET,BUY,Monday
1491,2.456445993031359,56.0,0.7839721254355401,16.0,0.0,1.0,0.9163763066200886,-1.0227,loss,ASIA,IFVG,MARKET,BUY,Monday
1492,2.027173913043478,26.0,6.6521739130434785,17.0,0.0,1.0,3.081521739130474,-1.0,loss,NY,IFVG,MARKET,BUY,Monday
1493,1.4431818181818181,72.0,4.636363636363636,17.0,1.0,1.0,3.8939393939392972,-0.0079,scratch,NY,CHoCH,LIMIT,BUY,Monday
1494,1.853658536585366,100.0,3.731707317073171,17.0,0.0,1.0,1.6341463414634536,-0.0016,scratch,NY,IFVG,MARKET,BUY,Monday
1495,2.0,30.0,0.8125,18.0,1.0,1.0,0.08750000000020464,0.0,scratch,ASIA,CHoCH,LIMIT,SELL,Tuesday
1496,1.45,50.0,0.65,17.0,0.0,1.0,1.0950000000000273,-0.0138,scratch,ASIA,CHoCH,LIMIT_DEGRADED,SELL,Tuesday
1497,2.3975409836065573,82.0,0.5327868852459017,19.0,0.0,1.0,2.9918032786885993,-1.0085,loss,ASIA,IFVG,MARKET,SELL,Tuesday
1498,3.130718954248366,26.0,12.509803921568627,17.0,0.0,1.0,3.627450980392276,-0.0188,scratch,NY,IFVG,MARKET,BUY,Tuesday
1499,1.368421052631579,72.0,6.296052631578948,17.0,0.0,1.0,3.4802631578947127,9.0105,win,NY,IFVG,MARKET,BUY,Tuesday
1500,4.470948012232416,66.0,1.1345565749235473,17.0,0.0,1.0,6.81957186544348,-0.0014,scratch,ASIA,IFVG,MARKET,SELL,Wednesday
1501,1.3959390862944163,40.0,1.5456852791878173,17.0,1.0,1.0,4.406091370558408,1.0509,win,NY,CHoCH,LIMIT,BUY,Wednesday
1502,2.161073825503356,34.0,0.3557046979865772,17.0,0.0,1.0,1.7046979865771568,-0.0217,loss,ASIA,IFVG,MARKET,BUY,Thursday
1503,2.4482758620689653,64.0,0.3045977011494253,17.0,0.0,1.0,0.3620689655173041,2.3169,win,ASIA,IFVG,MARKET,BUY,Thursday
1504,1.3758389261744965,19.0,2.899328859060403,17.0,1.0,1.0,6.0067114093960035,-0.0073,scratch,NY,CHoCH,LIMIT,SELL,Thursday
1505,1.406374501992032,64.0,3.4422310756972117,17.0,0.0,1.0,1.9920318725099604,-1.0057,loss,NY,CHoCH,LIMIT_DEGRADED,SELL,Thursday
1506,1.12109375,78.0,3.375,19.0,0.0,1.0,4.136718749999879,-0.0035,scratch,NY,IFVG,MARKET,SELL,Thursday
1507,3.057142857142857,10.0,1.04,17.0,0.0,0.0,2.7485714285713976,0.0,scratch,ASIA,IFVG,MARKET,BUY,Friday
1508,3.4651898734177213,56.0,0.5759493670886076,17.0,0.0,1.0,4.806962025316329,-0.0055,scratch,ASIA,IFVG,MARKET,BUY,Friday
1509,5.011194029850746,100.0,0.6791044776119403,18.0,0.0,1.0,1.3134328358208887,2.421,win,ASIA,CHoCH,LIMIT_DEGRADED,BUY,Friday
1510,1.496,36.0,1.904,17.0,0.0,1.0,0.11199999999989814,-1.0241,loss,ASIA,IFVG,MARKET,SELL,Monday
1511,2.6297872340425528,62.0,2.025531914893617,16.0,0.0,1.0,2.770212765957346,-1.0194,loss,ASIA,IFVG,MARKET,SELL,Monday
1512,1.6197916666666667,112.0,2.4791666666666665,17.0,0.0,1.0,2.0416666666667047,-1.0257,loss,ASIA,IFVG,MARKET,SELL,Monday
1513,2.1473684210526316,20.0,8.494736842105263,17.0,0.0,1.0,0.6947368421055887,1.4363,win,NY,IFVG,MARKET,SELL,Monday
1514,2.3098591549295775,20.0,0.19014084507042256,17.0,0.0,1.0,2.0774647887322666,-0.0061,scratch,ASIA,IFVG,MARKET,SELL,Tuesday
1515,2.6575342465753424,64.0,0.18493150684931509,17.0,0.0,1.0,1.349315068493325,-0.0155,scratch,ASIA,IFVG,MARKET,SELL,Tuesday
1516,2.8533333333333335,34.0,22.106666666666666,17.0,0.0,1.0,5.020000000000134,-1.0093,loss,NY,IFVG,MARKET,SELL,Tuesday
1517,2.1881188118811883,82.0,16.415841584158414,17.0,0.0,1.0,1.5693069306928802,-1.0023,loss,NY,IFVG,MARKET,SELL,Tuesday
1518,2.2222222222222223,100.0,13.646090534979422,17.0,0.0,1.0,2.152263374485604,-0.0741,loss,NY,IFVG,MARKET,SELL,Tuesday
1519,1.2098765432098764,10.0,3.962962962962963,17.0,1.0,1.0,0.8765432098760266,-0.1122,loss,ASIA,CHoCH,LIMIT,BUY,Wednesday
1520,2.4210526315789473,78.0,1.6894736842105265,17.0,0.0,1.0,5.531578947368536,-1.0043,loss,ASIA,IFVG,MARKET,BUY,Wednesday
1521,2.536082474226804,112.0,1.654639175257732,17.0,0.0,1.0,3.4329896907215747,-0.0224,loss,ASIA,IFVG,MARKET,BUY,Wednesday
1522,1.665024630541872,28.0,1.1477832512315271,17.0,0.0,1.0,1.3251231527093865,-0.0266,loss,NY,IFVG,MARKET,BUY,Wednesday
1523,0.680327868852459,86.0,0.9549180327868853,18.0,0.0,1.0,2.4016393442623474,-1.1024,loss,NY,IFVG,MARKET,BUY,Wednesday
1524,2.0186335403726705,110.0,0.7236024844720497,17.0,0.0,1.0,2.1739130434782608,-0.0062,scratch,NY,IFVG,MARKET,BUY,Wednesday
1525,1.6055045871559632,12.0,4.039755351681958,17.0,0.0,1.0,0.8929663608562913,-0.0057,scratch,ASIA,CHoCH,LIMIT_DEGRADED,SELL,Thursday
1526,1.547945205479452,36.0,4.523972602739726,18.0,0.0,1.0,0.9554794520547821,-1.0,loss,ASIA,IFVG,MARKET,SELL,Thursday
1527,1.8161290322580643,59.0,4.2612903225806456,18.0,1.0,1.0,1.6903225806452375,1.4369,win,ASIA,CHoCH,LIMIT,SELL,Thursday
1528,2.0813953488372094,56.0,9.75968992248062,18.0,0.0,1.0,0.14728682170546867,-0.0186,scratch,NY,IFVG,MARKET,BUY,Thursday
1529,1.822222222222222,40.0,0.029629629629629627,18.0,0.0,1.0,2.4666666666669497,-1.1138,loss,ASIA,IFVG,MARKET,BUY,Friday
1530,3.47887323943662,62.0,0.028169014084507043,17.0,0.0,1.0,0.5633802816899487,-0.0648,loss,ASIA,IFVG,MARKET,BUY,Friday
1531,2.0262172284644198,100.0,0.0149812734082397,17.0,0.0,1.0,0.014981273408396393,-1.0129,loss,ASIA,CHoCH,LIMIT_DEGRADED,BUY,Friday
1532,1.2859884836852207,34.0,1.3550863723608444,17.0,1.0,1.0,2.537428023032591,-1.0164,loss,NY,CHoCH,LIMIT,SELL,Friday
1533,4.048979591836734,76.0,2.881632653061224,17.0,0.0,1.0,1.1469387755101816,-0.0161,scratch,NY,IFVG,MARKET,SELL,Friday
1534,1.8972602739726028,28.0,1.13013698630137,18.0,0.0,1.0,0.7260273972602366,-1.0505,loss,ASIA,CHoCH,LIMIT_DEGRADED,BUY,Monday
1535,3.4545454545454546,48.0,0.7894736842105263,17.0,0.0,1.0,3.856459330143515,-1.0097,loss,ASIA,IFVG,MARKET,BUY,Monday
1536,2.753846153846154,8.0,14.292307692307693,17.0,0.0,1.0,0.143589743589613,0.0,scratch,NY,IFVG,MARKET,BUY,Monday
1537,3.6937984496124026,98.0,10.80232558139535,17.0,0.0,1.0,3.8410852713177728,1.6615,win,NY,IFVG,MARKET,BUY,Monday
1538,2.1812080536912752,88.0,0.03355704697986577,17.0,6.0,1.0,0.07046979865773033,-1.0031,loss,ASIA,CHoCH,LIMIT,SELL,Tuesday
1539,2.1459074733096086,114.0,0.03558718861209965,17.0,0.0,1.0,1.6868327402136072,-0.01,scratch,ASIA,CHoCH,LIMIT_DEGRADED,SELL,Tuesday
1540,2.406091370558376,52.0,3.5939086294416245,17.0,0.0,1.0,4.025380710659816,-1.0127,loss,NY,IFVG,MARKET,SELL,Tuesday
1541,1.9285714285714284,74.0,3.89010989010989,17.0,0.0,1.0,0.07692307692325683,0.9487,win,NY,IFVG,MARKET,SELL,Tuesday
1542,2.8205128205128207,16.0,1.1666666666666667,17.0,0.0,1.0,4.211538461538275,-0.0136,scratch,ASIA,IFVG,MARKET,BUY,Wednesday
1543,2.19205298013245,50.0,1.205298013245033,18.0,0.0,1.0,3.1854304635761226,-1.0211,loss,ASIA,IFVG,MARKET,BUY,Wednesday
1544,3.3464285714285715,28.0,4.107142857142858,17.0,0.0,1.0,2.0785714285714874,-1.0491,loss,NY,IFVG,MARKET,SELL,Wednesday
1545,2.519047619047619,76.0,5.476190476190476,17.0,0.0,1.0,3.371428571428537,-0.0095,scratch,NY,IFVG,MARKET,SELL,Wednesday
1546,2.6455026455026456,50.0,1.777777777777778,17.0,0.0,0.0,3.6666666666665804,-0.006,scratch,ASIA,IFVG,MARKET,BUY,Thursday
1547,1.173469387755102,106.0,1.7142857142857142,18.0,0.0,1.0,1.3673469387754267,-1.1043,loss,ASIA,IFVG,MARKET,BUY,Thursday
1548,1.7311827956989247,19.0,8.13978494623656,17.0,1.0,1.0,0.08602150537651033,-1.0,loss,NY,CHoCH,LIMIT,BUY,Thursday
1549,3.1322314049586777,35.0,6.256198347107438,18.0,1.0,1.0,1.5454545454544553,-1.0185,loss,NY,CHoCH,LIMIT,BUY,Thursday
1550,2.2322097378277155,72.0,2.8352059925093633,17.0,0.0,1.0,3.5711610486890843,-1.0042,loss,NY,IFVG,MARKET,BUY,Thursday
1551,1.6556291390728477,54.0,1.8013245033112584,17.0,0.0,1.0,3.6622516556292717,-1.032,loss,ASIA,IFVG,MARKET,BUY,Friday
1552,2.016042780748663,68.0,1.4545454545454546,17.0,0.0,1.0,0.6363636363636656,-0.0186,scratch,ASIA,IFVG,MARKET,BUY,Friday
1553,2.238709677419355,24.0,2.7483870967741932,18.0,0.0,1.0,0.5935483870968211,-0.1066,loss,NY,CHoCH,LIMIT_DEGRADED,SELL,Friday
1554,2.005952380952381,36.0,1.2678571428571428,17.0,0.0,1.0,1.517857142857116,-0.0534,loss,NY,CHoCH,LIMIT_DEGRADED,SELL,Friday
1555,2.9069148936170213,82.0,1.1329787234042554,17.0,0.0,1.0,0.3936170212766006,1.4584,win,NY,IFVG,MARKET,SELL,Friday
1556,2.698492462311558,30.0,1.0402010050251256,17.0,0.0,1.0,5.708542713567675,-1.0205,loss,ASIA,IFVG,MARKET,BUY,Monday
1557,1.4388489208633095,50.0,0.7446043165467626,17.0,0.0,1.0,2.456834532374075,-0.0025,scratch,ASIA,IFVG,MARKET,BUY,Monday
1558,2.1991701244813275,78.0,0.858921161825726,18.0,0.0,1.0,0.44813278008314605,-1.0226,loss,ASIA,CHoCH,LIMIT_DEGRADED,BUY,Monday
1559,2.4693877551020407,48.0,1.719387755102041,17.0,4.0,1.0,0.5408163265305844,-1.0021,loss,NY,CHoCH,LIMIT,BUY,Monday
1560,1.9217877094972067,90.0,1.8826815642458101,17.0,0.0,1.0,2.0726256983240425,-0.0087,scratch,NY,IFVG,MARKET,BUY,Monday
1561,2.6222222222222222,14.0,1.274074074074074,17.0,0.0,1.0,3.5259259259260873,-1.0198,loss,ASIA,IFVG,MARKET,BUY,Tuesday
1562,2.2127659574468086,32.0,1.2198581560283688,17.0,0.0,1.0,0.5319148936170213,-1.0032,loss,ASIA,IFVG,MARKET,BUY,Tuesday
1563,2.201834862385321,64.0,0.7889908256880733,17.0,0.0,1.0,2.733944954128457,-1.0146,loss,ASIA,IFVG,MARKET,BUY,Tuesday
1564,2.9171270718232045,20.0,6.933701657458564,17.0,0.0,1.0,4.342541436464159,1.3807,win,NY,IFVG,MARKET,BUY,Tuesday
1565,2.3555555555555556,6.0,3.2074074074074073,17.0,0.0,0.0,0.6444444444443636,1.2421,win,ASIA,IFVG,MARKET,BUY,Wednesday
1566,2.6387434554973823,6.0,1.1047120418848166,17.0,0.0,1.0,0.8586387434554308,-1.0119,loss,NY,IFVG,MARKET,SELL,Wednesday
1567,2.212962962962963,48.0,0.4884259259259259,22.0,0.0,1.0,5.516203703703686,1.1391,win,NY,IFVG,MARKET,SELL,Wednesday
1568,1.7409326424870466,26.0,0.24870466321243523,17.0,1.0,1.0,0.48186528497400843,-0.0417,loss,ASIA,CHoCH,LIMIT,BUY,Thursday
1569,2.103734439834025,66.0,0.1991701244813278,17.0,0.0,1.0,1.937759336099615,-0.0217,loss,ASIA,CHoCH,LIMIT_DEGRADED,BUY,Thursday
1570,1.48,26.0,4.648888888888889,17.0,1.0,1.0,0.03111111111118387,-0.048,loss,NY,CHoCH,LIMIT,BUY,Thursday
1571,2.28030303030303,78.0,3.9621212121212124,17.0,0.0,1.0,1.920454545454435,0.9751,win,NY,CHoCH,LIMIT_DEGRADED,BUY,Thursday
1572,2.05793991416309,48.0,2.3476394849785405,17.0,0.0,1.0,0.2489270386265782,1.5944,win,ASIA,IFVG,MARKET,BUY,Friday
1573,1.4887640449438202,22.0,1.6404494382022472,17.0,0.0,1.0,0.42134831460674155,6.1379,win,NY,IFVG,MARKET,BUY,Friday
1574,2.8000000000000003,34.0,0.5794871794871794,17.0,0.0,1.0,3.4051282051281397,0.9615,win,ASIA,IFVG,MARKET,SELL,Monday
1575,1.7,18.0,9.02,17.0,0.0,1.0,1.4133333333332605,-1.0078,loss,NY,IFVG,MARKET,SELL,Monday
1576,1.9473684210526319,44.0,6.473684210526316,17.0,0.0,1.0,0.6267942583731797,-1.1302,loss,NY,CHoCH,LIMIT_DEGRADED,SELL,Monday
1577,1.6705882352941177,70.0,7.958823529411765,17.0,0.0,1.0,0.41764705882328335,-0.0845,loss,NY,CHoCH,LIMIT_DEGRADED,SELL,Monday
1578,1.4381443298969072,38.0,4.371134020618557,17.0,3.0,1.0,0.15979381443296156,-1.0287,loss,ASIA,CHoCH,LIMIT,BUY,Tuesday
1579,3.0046082949308754,64.0,3.907834101382489,17.0,0.0,1.0,2.548387096774286,-0.0905,loss,ASIA,IFVG,MARKET,BUY,Tuesday
1580,2.1239999999999997,38.0,1.008,17.0,0.0,1.0,1.6119999999998982,-1.0301,loss,NY,IFVG,MARKET,SELL,Tuesday
1581,2.930909090909091,108.0,0.9163636363636364,17.0,0.0,1.0,3.130909090908972,0.0,scratch,NY,IFVG,MARKET,SELL,Tuesday
1582,3.140939597315436,12.0,2.1476510067114094,17.0,0.0,0.0,0.4362416107383161,1.391,win,ASIA,IFVG,MARKET,SELL,Wednesday
1583,2.0662650602409642,48.0,1.566265060240964,17.0,0.0,0.0,3.1084337349399456,-1.0,loss,NY,IFVG,MARKET,SELL,Wednesday
1584,1.006993006993007,80.0,1.8181818181818183,17.0,0.0,1.0,1.965034965034927,-1.0417,loss,NY,IFVG,MARKET,SELL,Wednesday
1585,2.1076923076923078,104.0,1.3333333333333335,17.0,0.0,1.0,3.661538461538396,1.8613,win,NY,IFVG,MARKET,SELL,Wednesday
1586,3.907103825136612,66.0,0.3005464480874317,18.0,0.0,0.0,0.4098360655737705,-1.0462,loss,ASIA,IFVG,MARKET,BUY,Thursday
1587,1.1857142857142857,86.0,0.19642857142857145,17.0,0.0,0.0,0.11785714285711688,-1.009,loss,ASIA,IFVG,MARKET,BUY,Thursday
1588,2.9294871794871797,34.0,1.0064102564102564,17.0,0.0,0.0,4.4999999999999885,-0.0044,scratch,NY,IFVG,MARKET,BUY,Thursday
1589,1.547945205479452,64.0,1.0753424657534247,17.0,0.0,0.0,0.5068493150683436,-0.0354,loss,NY,CHoCH,LIMIT_DEGRADED,BUY,Thursday
1590,2.976331360946746,96.0,0.9289940828402368,17.0,0.0,1.0,1.8106508875739322,-0.006,scratch,NY,IFVG,MARKET,BUY,Thursday
1591,1.3584905660377358,38.0,1.7075471698113207,17.0,0.0,1.0,2.660377358490291,-1.0556,loss,ASIA,IFVG,MARKET,BUY,Friday
1592,1.2888888888888888,46.0,2.011111111111111,17.0,0.0,1.0,0.20000000000032336,-0.0259,loss,ASIA,IFVG,MARKET,BUY,Friday
1593,1.8613861386138613,87.0,0.8960396039603961,17.0,1.0,1.0,3.8366336633663365,-0.0053,scratch,ASIA,CHoCH,LIMIT,BUY,Friday
1594,3.524324324324324,34.0,4.264864864864864,17.0,0.0,1.0,0.16216216216226048,-1.0215,loss,NY,CHoCH,LIMIT_DEGRADED,SELL,Friday
1595,2.159533073929961,62.0,2.1634241245136185,17.0,0.0,1.0,0.8210116731516236,-1.0198,loss,ASIA,IFVG,MARKET,SELL,Monday
1596,2.0848214285714284,78.0,2.4821428571428568,17.0,0.0,1.0,0.7946428571427434,1.0814,win,ASIA,CHoCH,LIMIT_DEGRADED,SELL,Monday
1597,3.049261083743843,50.0,7.876847290640395,17.0,0.0,1.0,10.206896551724041,1.8675,win,NY,IFVG,MARKET,BUY,Monday
1598,1.8722222222222222,58.0,5.477777777777777,17.0,0.0,1.0,3.944444444444394,-0.003,scratch,ASIA,IFVG,MARKET,SELL,Tuesday
1599,1.2615384615384615,64.0,5.255384615384615,17.0,1.0,1.0,2.612307692307625,-1.022,loss,NY,CHoCH,LIMIT,SELL,Tuesday
1600,1.3414634146341462,80.0,6.943089430894308,18.0,0.0,1.0,0.052845528455328916,4.0246,win,NY,IFVG,MARKET,SELL,Tuesday
1601,2.3804347826086953,40.0,1.2934782608695652,17.0,0.0,1.0,0.5434782608695652,-1.0,loss,ASIA,CHoCH,LIMIT_DEGRADED,BUY,Wednesday
1602,1.982905982905983,48.0,1.017094017094017,17.0,0.0,1.0,2.811965811965781,1.3966,win,ASIA,CHoCH,LIMIT_DEGRADED,BUY,Wednesday
1603,2.648148148148148,34.0,3.4691358024691357,17.0,0.0,1.0,2.6728395061727945,1.4126,win,NY,IFVG,MARKET,SELL,Wednesday
1604,1.401639344262295,22.0,3.0327868852459017,17.0,1.0,1.0,3.7704918032789867,-1.0409,loss,ASIA,CHoCH,LIMIT,BUY,Thursday
1605,1.7254901960784315,38.0,3.627450980392157,17.0,0.0,1.0,1.0196078431372193,-0.0966,loss,ASIA,IFVG,MARKET,BUY,Thursday
1606,1.9708737864077668,60.0,3.592233009708738,17.0,0.0,1.0,0.03883495145627536,-1.0837,loss,ASIA,IFVG,MARKET,BUY,Thursday
1607,1.643835616438356,16.0,3.452054794520548,17.0,0.0,1.0,1.0342465753423038,-1.0083,loss,NY,IFVG,MARKET,SELL,Thursday
1608,2.9646464646464645,32.0,2.5454545454545454,23.0,0.0,1.0,3.5303030303031497,2.2811,win,NY,IFVG,MARKET,SELL,Thursday
1609,1.1176470588235292,52.0,2.7549019607843137,18.0,1.0,1.0,0.18627450980397506,-1.0526,loss,ASIA,CHoCH,LIMIT,SELL,Friday
1610,1.8486842105263157,70.0,1.8486842105263157,17.0,1.0,1.0,3.0263157894739234,-1.0,loss,ASIA,CHoCH,LIMIT,SELL,Friday
1611,1.4121212121212123,96.0,1.7030303030303031,17.0,0.0,1.0,1.660606060606204,-0.0773,loss,ASIA,IFVG,MARKET,SELL,Friday
1612,1.9658703071672352,32.0,6.003412969283276,19.0,0.0,1.0,1.119453924914744,-0.0451,loss,NY,IFVG,MARKET,SELL,Friday
1613,1.9243421052631577,93.0,5.786184210526316,17.0,5.0,1.0,0.35197368421043057,-0.012,scratch,NY,CHoCH,LIMIT,SELL,Friday
1614,2.732142857142857,116.0,5.2351190476190474,17.0,0.0,1.0,3.1636904761905087,-0.0011,scratch,NY,CHoCH,LIMIT_DEGRADED,SELL,Friday
1615,3.2213114754098364,36.0,1.3770491803278688,17.0,0.0,1.0,2.0901639344263785,-0.0127,scratch,ASIA,IFVG,MARKET,SELL,Monday
1616,2.3627906976744186,69.0,0.7813953488372093,17.0,2.0,1.0,0.32558139534896413,-1.0394,loss,ASIA,CHoCH,LIMIT,SELL,Monday
1617,1.195744680851064,92.0,0.7148936170212765,18.0,0.0,1.0,3.6212765957445803,-0.0142,scratch,ASIA,IFVG,MARKET,SELL,Monday
1618,3.2635658914728682,54.0,1.4108527131782946,17.0,0.0,1.0,6.775193798449796,-0.0143,scratch,NY,IFVG,MARKET,SELL,Monday
1619,4.155555555555556,97.0,1.011111111111111,17.0,1.0,1.0,0.7388888888888484,-1.0027,loss,NY,CHoCH,LIMIT,SELL,Monday
1620,1.9444444444444444,16.0,3.3518518518518516,17.0,0.0,1.0,0.4629629629629629,-0.0238,loss,ASIA,IFVG,MARKET,BUY,Tuesday
1621,3.098484848484848,108.0,2.742424242424242,17.0,0.0,1.0,1.9545454545453993,-1.0,loss,ASIA,IFVG,MARKET,BUY,Tuesday
1622,1.8976377952755907,18.0,16.22834645669291,16.0,1.0,1.0,0.2992125984252828,0.0,scratch,NY,CHoCH,LIMIT,BUY,Tuesday
1623,0.9818181818181819,90.0,12.490909090909092,15.0,1.0,1.0,3.7272727272727826,-1.0988,loss,NY,CHoCH,LIMIT,BUY,Tuesday
1624,2.709090909090909,98.0,12.490909090909092,16.0,0.0,1.0,0.23030303030309646,-1.0089,loss,NY,IFVG,MARKET,BUY,Tuesday
1625,2.0454545454545454,20.0,0.9545454545454545,15.0,0.0,1.0,2.9191919191920204,-0.0025,scratch,ASIA,IFVG,MARKET,SELL,Wednesday
1626,1.7985611510791368,68.0,1.3597122302158273,16.0,0.0,1.0,2.791366906474572,2.168,win,ASIA,CHoCH,LIMIT_DEGRADED,SELL,Wednesday
1627,4.83125,16.0,2.8187499999999996,16.0,0.0,1.0,1.2999999999999545,-0.0362,loss,NY,IFVG,MARKET,BUY,Wednesday
1628,3.9840425531914896,68.0,2.398936170212766,16.0,0.0,1.0,2.36702127659589,-1.0387,loss,NY,CHoCH,LIMIT_DEGRADED,BUY,Wednesday
1629,1.6143790849673203,11.0,3.9803921568627447,15.0,1.0,1.0,0.1830065359478432,-1.1215,loss,NY,CHoCH,LIMIT,SELL,Thursday
1630,6.780918727915195,30.0,2.1519434628975262,29.0,0.0,1.0,1.879858657243874,0.4997,win,NY,IFVG,MARKET,SELL,Thursday
1631,1.5161290322580643,20.0,2.473118279569892,15.0,0.0,0.0,3.8817204301076638,-0.0355,loss,ASIA,IFVG,MARKET,BUY,Friday
1632,1.95,24.0,0.10833333333333334,15.0,0.0,1.0,0.5416666666667425,-0.0769,loss,NY,IFVG,MARKET,SELL,Friday
1633,1.9357798165137612,76.0,0.11926605504587155,15.0,0.0,1.0,0.5321100917430525,-1.0047,loss,NY,IFVG,MARKET,SELL,Friday
1634,1.8867924528301885,112.0,0.12264150943396226,16.0,0.0,1.0,2.905660377358422,0.0,scratch,NY,CHoCH,LIMIT_DEGRADED,SELL,Friday
1635,1.2330827067669172,32.0,3.0751879699248117,17.0,1.0,1.0,0.10526315789498301,-1.0732,loss,ASIA,CHoCH,LIMIT,SELL,Monday
1636,3.8682634730538923,62.0,2.4491017964071857,17.0,0.0,1.0,2.1197604790418945,1.1068,win,ASIA,IFVG,MARKET,SELL,Monday
1637,1.7925531914893618,60.0,5.9361702127659575,17.0,0.0,1.0,4.24468085106384,-0.0089,scratch,NY,IFVG,MARKET,SELL,Monday
1638,2.3584905660377355,94.0,7.018867924528301,16.0,0.0,1.0,1.232704402515746,-1.0053,loss,NY,IFVG,MARKET,SELL,Monday
1639,2.510344827586207,20.0,2.8620689655172415,17.0,0.0,0.0,1.1793103448276114,0.0,scratch,ASIA,IFVG,MARKET,SELL,Tuesday
1640,1.3305084745762714,56.0,3.5169491525423733,17.0,0.0,0.0,1.4237288135591835,-1.0573,loss,ASIA,IFVG,MARKET,SELL,Tuesday
1641,2.5142857142857147,75.0,2.964285714285715,17.0,2.0,0.0,0.17142857142874035,-1.0199,loss,ASIA,CHoCH,LIMIT,SELL,Tuesday
1642,1.9310344827586206,20.0,4.537931034482759,17.0,0.0,1.0,2.4827586206895926,-1.0071,loss,NY,IFVG,MARKET,SELL,Tuesday
1643,2.0530303030303028,42.0,4.984848484848484,17.0,0.0,1.0,0.16666666666651508,1.059,win,NY,IFVG,MARKET,SELL,Tuesday
1644,1.196969696969697,44.0,0.8106060606060607,17.0,1.0,0.0,0.3863636363634572,-0.0886,loss,ASIA,CHoCH,LIMIT,BUY,Wednesday
1645,2.2948717948717947,80.0,0.6858974358974359,17.0,0.0,0.0,2.6025641025640676,0.0,scratch,ASIA,IFVG,MARKET,BUY,Wednesday
1646,2.205128205128205,114.0,0.6858974358974359,17.0,0.0,1.0,2.743589743589872,-1.125,loss,ASIA,IFVG,MARKET,BUY,Wednesday
1647,2.1021505376344085,22.0,5.150537634408602,17.0,0.0,1.0,3.4032258064515735,-1.0102,loss,NY,IFVG,MARKET,SELL,Wednesday
1648,1.1556886227544911,84.0,5.736526946107785,18.0,1.0,1.0,3.7365269461079262,-0.0104,scratch,NY,CHoCH,LIMIT,SELL,Wednesday
1649,2.4574468085106385,16.0,0.7765957446808511,17.0,0.0,1.0,2.1489361702127465,-1.0087,loss,ASIA,IFVG,MARKET,SELL,Thursday
1650,2.9411764705882355,54.0,0.6134453781512605,17.0,0.0,1.0,2.3697478991598016,-1.1286,loss,ASIA,IFVG,MARKET,SELL,Thursday
1651,1.4796747967479675,82.0,0.5934959349593496,17.0,0.0,1.0,0.9837398373984035,-1.0165,loss,ASIA,IFVG,MARKET,SELL,Thursday
1652,1.7044025157232703,32.0,1.3459119496855345,17.0,1.0,1.0,0.8930817610063351,-1.0627,loss,NY,CHoCH,LIMIT,SELL,Thursday
1653,1.6940639269406392,80.0,0.9771689497716896,17.0,0.0,1.0,3.470319634703155,-0.0054,scratch,NY,IFVG,MARKET,SELL,Thursday
1654,2.5309278350515467,102.0,1.1030927835051547,17.0,0.0,1.0,1.4536082474227647,1.3727,win,NY,CHoCH,LIMIT_DEGRADED,SELL,Thursday
1655,1.8288288288288286,20.0,0.7477477477477477,17.0,0.0,1.0,1.1081081081081243,-1.0443,loss,ASIA,IFVG,MARKET,SELL,Friday
1656,2.2450980392156863,61.0,0.4068627450980392,17.0,1.0,1.0,4.362745098039261,-0.0197,scratch,ASIA,CHoCH,LIMIT,SELL,Friday
1657,2.738095238095238,22.0,7.2857142857142865,17.0,0.0,1.0,1.5714285714287664,1.0261,win,NY,IFVG,MARKET,BUY,Friday
1658,1.7666666666666666,50.0,0.12666666666666668,17.0,2.0,1.0,1.6600000000001576,-0.0038,scratch,ASIA,CHoCH,LIMIT,BUY,Monday
1659,1.4379084967320261,62.0,0.12418300653594772,15.0,0.0,1.0,0.5620915032677598,-1.0273,loss,ASIA,CHoCH,LIMIT_DEGRADED,BUY,Monday
1660,2.0408163265306123,76.0,0.09693877551020408,17.0,0.0,1.0,3.2397959183673004,-1.0275,loss,ASIA,IFVG,MARKET,BUY,Monday
1661,1.1004784688995215,80.0,0.23923444976076558,15.0,0.0,1.0,0.985645933014328,-1.0739,loss,NY,IFVG,MARKET,SELL,Monday
1662,1.1436781609195403,96.0,0.28735632183908044,15.0,0.0,1.0,1.7931034482757993,1.2864,win,NY,CHoCH,LIMIT_DEGRADED,SELL,Monday
1663,2.891566265060241,48.0,0.9879518072289156,17.0,1.0,0.0,0.0843373493977876,-1.0042,loss,ASIA,CHoCH,LIMIT,BUY,Tuesday
1664,1.7717391304347825,56.0,0.8913043478260869,16.0,0.0,0.0,0.07608695652142278,-0.0552,loss,ASIA,CHoCH,LIMIT_DEGRADED,BUY,Tuesday
1665,2.0185185185185186,108.0,0.7592592592592592,16.0,0.0,0.0,1.3240740740739223,-1.078,loss,ASIA,CHoCH,LIMIT_DEGRADED,BUY,Tuesday
1666,1.7586206896551724,26.0,1.2586206896551724,16.0,0.0,1.0,0.8045977011494776,-1.0,loss,NY,CHoCH,LIMIT_DEGRADED,SELL,Tuesday
1667,2.5928853754940713,32.0,0.8656126482213439,19.0,1.0,1.0,1.8418972332015235,-0.0183,scratch,NY,CHoCH,LIMIT,SELL,Tuesday
1668,1.8915662650602412,19.0,3.6385542168674703,15.0,1.0,0.0,1.024096385542059,-0.0064,scratch,ASIA,CHoCH,LIMIT,BUY,Wednesday
1669,1.7765957446808511,54.0,3.2127659574468086,16.0,0.0,1.0,0.35106382978715667,-1.0539,loss,ASIA,CHoCH,LIMIT_DEGRADED,BUY,Wednesday
1670,2.01,62.0,3.02,17.0,0.0,1.0,0.9099999999998545,-1.0,loss,ASIA,IFVG,MARKET,BUY,Wednesday
1671,1.1140939597315436,8.0,2.5436241610738257,17.0,1.0,1.0,0.49664429530186693,-1.0964,loss,NY,CHoCH,LIMIT,BUY,Wednesday
1672,1.2012987012987013,22.0,2.461038961038961,18.0,0.0,1.0,2.1233766233766116,-1.0865,loss,NY,IFVG,MARKET,BUY,Wednesday
1673,1.9863636363636363,34.0,1.7227272727272727,16.0,0.0,1.0,0.9136363636364628,-1.0,loss,NY,IFVG,MARKET,BUY,Wednesday
1674,4.527075812274368,32.0,4.086642599277979,17.0,0.0,1.0,1.2310469314080539,-1.0016,loss,NY,IFVG,MARKET,SELL,Thursday
1675,1.0,54.0,2.396551724137931,16.0,0.0,1.0,1.499999999999812,-1.1897,loss,ASIA,IFVG,MARKET,SELL,Friday
1676,3.401960784313726,66.0,1.3627450980392155,16.0,0.0,1.0,3.460784313725686,-0.0058,scratch,ASIA,CHoCH,LIMIT_DEGRADED,SELL,Friday
1677,3.3539823008849563,114.0,1.2300884955752214,16.0,0.0,1.0,1.725663716814401,-1.0026,loss,ASIA,CHoCH,LIMIT_DEGRADED,SELL,Friday
1678,2.286764705882353,32.0,8.147058823529411,16.0,0.0,1.0,1.514705882352901,-1.0129,loss,NY,IFVG,MARKET,BUY,Friday
1679,2.4014084507042255,88.0,7.802816901408451,16.0,0.0,1.0,0.32394366197185664,-1.0968,loss,NY,IFVG,MARKET,BUY,Friday
1680,1.0155440414507773,102.0,5.740932642487047,16.0,0.0,1.0,1.9740932642486764,-0.0663,loss,NY,IFVG,MARKET,BUY,Friday
1681,2.891089108910891,64.0,1.9504950495049505,16.0,0.0,1.0,0.6237623762377318,-0.0034,scratch,ASIA,IFVG,MARKET,BUY,Monday
1682,1.218181818181818,50.0,8.672727272727274,16.0,0.0,1.0,0.23030303030309646,-0.0547,loss,NY,IFVG,MARKET,BUY,Monday
1683,2.1073825503355708,98.0,9.604026845637584,16.0,0.0,1.0,1.5704697986578158,-0.0223,loss,NY,IFVG,MARKET,BUY,Monday
1684,2.6766917293233083,38.0,1.5338345864661653,18.0,0.0,1.0,3.240601503759357,1.1264,win,ASIA,IFVG,MARKET,SELL,Tuesday
1685,1.7483870967741935,18.0,1.225806451612903,16.0,0.0,1.0,3.5354838709677536,-1.0517,loss,ASIA,IFVG,MARKET,SELL,Wednesday
1686,2.8284313725490193,43.0,0.9313725490196078,15.0,3.0,1.0,1.9068627450979767,1.1317,win,ASIA,CHoCH,LIMIT,SELL,Wednesday
1687,2.039325842696629,46.0,1.5168539325842698,16.0,0.0,1.0,2.707865168539418,-1.0193,loss,NY,IFVG,MARKET,BUY,Wednesday
1688,1.6115702479338843,76.0,1.115702479338843,15.0,0.0,1.0,4.39669421487598,-1.0103,loss,NY,IFVG,MARKET,BUY,Wednesday
1689,1.8013937282229964,102.0,0.9407665505226481,15.0,0.0,1.0,2.731707317073221,-0.0077,scratch,NY,IFVG,MARKET,BUY,Wednesday
1690,4.487179487179487,50.0,0.8846153846153845,15.0,0.0,0.0,1.4871794871798836,-1.0771,loss,ASIA,IFVG,MARKET,BUY,Thursday
1691,3.245,76.0,0.345,17.0,0.0,1.0,2.644999999999982,-1.0139,loss,ASIA,IFVG,MARKET,BUY,Thursday
1692,1.0053475935828875,22.0,8.663101604278074,15.0,1.0,1.0,0.042780748663062695,-1.0319,loss,NY,CHoCH,LIMIT,SELL,Thursday
1693,2.178571428571429,32.0,9.642857142857142,16.0,1.0,1.0,0.42857142857158015,-1.0,loss,NY,CHoCH,LIMIT,SELL,Thursday
1694,2.111111111111111,40.0,7.826086956521739,15.0,0.0,1.0,0.38647342995177875,-0.0023,scratch,NY,IFVG,MARKET,SELL,Thursday
1695,1.5199999999999998,48.0,1.6533333333333333,17.0,1.0,1.0,0.7066666666669335,-1.0702,loss,ASIA,CHoCH,LIMIT,BUY,Friday
1696,1.7545454545454544,72.0,1.1272727272727272,15.0,0.0,1.0,1.790909090908909,-1.114,loss,ASIA,CHoCH,LIMIT_DEGRADED,BUY,Friday
1697,1.6496350364963501,90.0,0.9051094890510948,17.0,0.0,1.0,3.9197080291970003,0.0,scratch,ASIA,IFVG,MARKET,BUY,Friday
1698,2.300751879699248,22.0,13.052631578947368,15.0,0.0,1.0,1.6090225563912235,-0.0196,scratch,NY,IFVG,MARKET,SELL,Friday
1699,1.98,72.0,8.68,15.0,0.0,1.0,0.3650000000000091,-1.0,loss,NY,CHoCH,LIMIT_DEGRADED,SELL,Friday
1700,2.0,102.0,7.614035087719299,16.0,0.0,1.0,2.219298245614011,-0.0066,scratch,NY,IFVG,MARKET,SELL,Friday
1701,1.4747474747474747,16.0,1.3434343434343434,16.0,0.0,0.0,0.7777777777777594,-1.0616,loss,ASIA,IFVG,MARKET,BUY,Monday
1702,1.9387755102040818,48.0,0.9047619047619049,16.0,0.0,1.0,3.843537414966048,0.0,scratch,ASIA,IFVG,MARKET,BUY,Monday
1703,4.144278606965175,78.0,0.6616915422885573,15.0,0.0,1.0,0.8009950248756853,-0.0012,scratch,ASIA,CHoCH,LIMIT_DEGRADED,BUY,Monday
1704,1.196078431372549,20.0,0.18300653594771243,16.0,0.0,1.0,2.8366013071896377,-1.1475,loss,NY,IFVG,MARKET,BUY,Monday
1705,2.7245508982035926,56.0,0.16766467065868265,15.0,0.0,1.0,3.814371257484965,-1.0374,loss,NY,IFVG,MARKET,BUY,Monday
1706,1.8839779005524862,100.0,0.1546961325966851,16.0,0.0,1.0,2.955801104972325,-1.0117,loss,NY,IFVG,MARKET,BUY,Monday
1707,2.459259259259259,8.0,0.5629629629629629,17.0,0.0,0.0,1.5629629629630573,-0.003,scratch,ASIA,IFVG,MARKET,SELL,Tuesday
1708,3.449612403100775,56.0,0.5891472868217054,16.0,0.0,1.0,1.0465116279069062,-1.0202,loss,ASIA,CHoCH,LIMIT_DEGRADED,SELL,Tuesday
1709,2.576642335766423,110.0,0.5547445255474452,16.0,0.0,1.0,4.613138686131506,1.0397,win,ASIA,IFVG,MARKET,SELL,Tuesday
1710,1.8152866242038217,34.0,1.643312101910828,15.0,0.0,1.0,3.1273885350317543,-1.0561,loss,NY,IFVG,MARKET,SELL,Tuesday
1711,1.7607361963190187,62.0,1.5828220858895707,15.0,0.0,1.0,1.0122699386503626,1.3902,win,NY,IFVG,MARKET,SELL,Tuesday
1712,1.852272727272727,44.0,0.125,16.0,0.0,0.0,0.24999999999977263,0.9509,win,ASIA,IFVG,MARKET,BUY,Wednesday
1713,3.021428571428572,24.0,1.657142857142857,15.0,0.0,1.0,2.392857142857078,-1.0307,loss,NY,IFVG,MARKET,BUY,Wednesday
1714,1.5018867924528303,108.0,0.8754716981132075,15.0,0.0,1.0,9.475471698113257,-1.0151,loss,NY,IFVG,MARKET,BUY,Wednesday
1715,1.2754491017964071,22.0,3.2335329341317367,16.0,1.0,0.0,0.245508982035841,1.0563,win,ASIA,CHoCH,LIMIT,BUY,Thursday
1716,1.445945945945946,16.0,5.851351351351352,15.0,1.0,1.0,0.30405405405393116,-1.0935,loss,NY,CHoCH,LIMIT,BUY,Thursday
1717,2.263959390862944,36.0,4.395939086294416,15.0,1.0,1.0,0.3299492385787264,-1.0135,loss,NY,CHoCH,LIMIT,BUY,Thursday
1718,2.126760563380282,52.0,2.295774647887324,16.0,0.0,1.0,3.6056338028168247,1.3675,win,ASIA,IFVG,MARKET,SELL,Friday
1719,1.780141843971631,64.0,1.9361702127659572,16.0,0.0,1.0,0.0425531914894305,-0.004,scratch,NY,IFVG,MARKET,BUY,Friday
1720,1.4858757062146892,104.0,2.3135593220338984,17.0,0.0,1.0,2.016949152542337,-1.0019,loss,NY,IFVG,MARKET,BUY,Friday
1721,2.4863013698630136,92.0,1.86986301369863,15.0,0.0,0.0,7.609589041095666,1.6887,win,ASIA,IFVG,MARKET,BUY,Monday
1722,2.9190751445086702,48.0,7.341040462427745,16.0,0.0,1.0,4.202312138728313,1.7446,win,NY,IFVG,MARKET,BUY,Monday
1723,2.8658536585365857,24.0,0.7926829268292683,16.0,0.0,1.0,0.6341463414633924,-0.1149,loss,ASIA,IFVG,MARKET,BUY,Tuesday
1724,2.3826086956521744,90.0,0.5652173913043479,16.0,0.0,1.0,1.4869565217387668,-0.0292,loss,ASIA,CHoCH,LIMIT_DEGRADED,BUY,Tuesday
1725,1.84070796460177,104.0,0.5752212389380532,15.0,0.0,1.0,0.07079646017692677,-1.0337,loss,ASIA,CHoCH,LIMIT_DEGRADED,BUY,Tuesday
1726,2.074074074074074,14.0,13.770370370370369,17.0,0.0,1.0,1.5925925925926598,-1.0107,loss,NY,IFVG,MARKET,SELL,Tuesday
1727,1.1731843575418994,104.0,10.385474860335195,17.0,0.0,1.0,13.670391061452403,0.0,scratch,NY,IFVG,MARKET,SELL,Tuesday
1728,2.848101265822785,16.0,2.7468354430379747,18.0,0.0,1.0,0.9493670886075949,-0.0044,scratch,ASIA,IFVG,MARKET,BUY,Wednesday
1729,1.0925925925925926,54.0,2.009259259259259,18.0,1.0,1.0,2.2777777777778114,-1.0,loss,ASIA,CHoCH,LIMIT,BUY,Wednesday
1730,2.6666666666666665,84.0,1.6821705426356588,17.0,0.0,1.0,4.666666666666653,-0.032,loss,ASIA,IFVG,MARKET,BUY,Wednesday
1731,2.4214285714285717,32.0,5.464285714285715,17.0,0.0,1.0,0.8785714285714417,-1.0088,loss,NY,IFVG,MARKET,SELL,Wednesday
1732,3.0166666666666666,96.0,4.25,17.0,0.0,1.0,3.433333333333242,-1.0,loss,NY,IFVG,MARKET,SELL,Wednesday
1733,1.2484076433121019,40.0,0.27388535031847133,17.0,0.0,1.0,2.738853503184829,-0.0459,loss,ASIA,IFVG,MARKET,SELL,Thursday
1734,1.6884057971014494,58.0,0.3115942028985507,17.0,0.0,1.0,0.3840579710146378,-0.0043,scratch,ASIA,CHoCH,LIMIT_DEGRADED,SELL,Thursday
1735,1.120253164556962,80.0,0.2721518987341772,17.0,0.0,1.0,3.082278481012589,-1.0056,loss,ASIA,IFVG,MARKET,SELL,Thursday
1736,1.616883116883117,8.0,0.05844155844155844,17.0,0.0,1.0,0.8831168831166705,-0.0924,loss,NY,IFVG,MARKET,SELL,Thursday
1737,2.323529411764706,46.0,0.044117647058823525,17.0,0.0,1.0,4.57352941176467,-0.0084,scratch,NY,IFVG,MARKET,SELL,Thursday
1738,1.4076086956521738,78.0,0.048913043478260865,18.0,0.0,1.0,0.8097826086955335,-1.0579,loss,NY,IFVG,MARKET,SELL,Thursday
1739,1.146788990825688,45.0,0.9862385321100916,18.0,1.0,1.0,4.0550458715597,-0.096,loss,ASIA,CHoCH,LIMIT,BUY,Friday
1740,1.416,80.0,0.86,17.0,0.0,1.0,3.768000000000029,-1.0565,loss,ASIA,IFVG,MARKET,BUY,Friday
1741,0.9768339768339768,92.0,0.8301158301158301,17.0,0.0,1.0,2.254826254826311,-1.0395,loss,ASIA,IFVG,MARKET,BUY,Friday
1742,1.6256983240223464,16.0,4.022346368715084,17.0,0.0,1.0,1.0167597765361502,-1.0309,loss,NY,IFVG,MARKET,SELL,Friday
1743,1.8263665594855305,50.0,2.315112540192926,17.0,0.0,1.0,3.7009646302251507,-0.0229,loss,NY,IFVG,MARKET,SELL,Friday
1744,1.6607773851590106,96.0,2.5441696113074204,17.0,0.0,1.0,0.17314487632501122,-1.034,loss,NY,IFVG,MARKET,SELL,Friday
1745,0.6733870967741935,94.0,1.0443548387096773,17.0,1.0,1.0,0.40322580645161293,0.0,scratch,ASIA,CHoCH,LIMIT,SELL,Monday
1746,1.8695652173913042,116.0,1.4076086956521738,17.0,0.0,1.0,2.3206521739130337,-0.0058,scratch,ASIA,IFVG,MARKET,SELL,Monday
1747,1.9814814814814814,12.0,10.135802469135802,17.0,0.0,1.0,1.0432098765432436,1.2897,win,NY,IFVG,MARKET,SELL,Monday
1748,0.9285714285714285,58.0,2.455357142857143,17.0,6.0,0.0,1.0535714285716884,-1.0481,loss,ASIA,CHoCH,LIMIT_DEGRADED,BUY,Tuesday
1749,2.042105263157895,100.0,1.4473684210526316,17.0,0.0,0.0,4.757894736842086,0.0,scratch,ASIA,IFVG,MARKET,BUY,Tuesday
1750,0.6818181818181819,30.0,1.0303030303030303,17.0,1.0,1.0,0.02020202020200183,-1.2889,loss,NY,CHoCH,LIMIT,SELL,Tuesday
1751,1.5732484076433122,54.0,0.43312101910828027,17.0,0.0,1.0,2.063694267515881,-0.0148,scratch,NY,IFVG,MARKET,SELL,Tuesday
1752,2.0606060606060606,108.0,0.5151515151515151,17.0,0.0,1.0,1.6717171717171442,-0.0037,scratch,NY,CHoCH,LIMIT_DEGRADED,SELL,Tuesday
1753,1.4375,78.0,0.46875,18.0,0.0,1.0,3.7031250000001847,0.9565,win,ASIA,CHoCH,LIMIT_DEGRADED,SELL,Wednesday
1754,2.107142857142857,20.0,5.7214285714285715,17.0,0.0,1.0,1.8142857142856885,-0.0102,scratch,NY,IFVG,MARKET,BUY,Wednesday
1755,2.4555555555555553,48.0,4.45,18.0,0.0,1.0,0.5388888888890303,-1.009,loss,NY,IFVG,MARKET,BUY,Wednesday
1756,1.5973154362416107,74.0,5.375838926174496,17.0,0.0,1.0,1.9530201342280902,-0.0378,loss,NY,IFVG,MARKET,BUY,Wednesday
1757,1.9104477611940298,68.0,2.014925373134328,18.0,0.0,1.0,2.343283582089457,-1.0508,loss,ASIA,CHoCH,LIMIT_DEGRADED,BUY,Thursday
1758,1.2328767123287672,92.0,1.8493150684931507,18.0,1.0,1.0,1.4931506849313947,-1.0111,loss,ASIA,CHoCH,LIMIT,BUY,Thursday
1759,1.1162790697674418,102.0,2.0930232558139537,18.0,0.0,1.0,0.17054263565911212,1.25,win,ASIA,IFVG,MARKET,BUY,Thursday
1760,2.165137614678899,14.0,3.458715596330275,17.0,0.0,1.0,2.33944954128457,-0.0424,loss,NY,IFVG,MARKET,SELL,Thursday
1761,1.3458213256484148,50.0,1.0864553314121037,17.0,0.0,1.0,1.337175792507168,1.6467,win,NY,IFVG,MARKET,SELL,Thursday
1762,3.1894736842105265,8.0,1.2526315789473683,18.0,0.0,0.0,2.389473684210507,-0.0957,loss,ASIA,IFVG,MARKET,BUY,Friday
1763,1.4403669724770642,70.0,1.091743119266055,17.0,0.0,0.0,0.357798165137915,-1.1083,loss,ASIA,CHoCH,LIMIT_DEGRADED,BUY,Friday
1764,1.8617886178861789,88.0,0.9674796747967479,17.0,0.0,0.0,1.4878048780487214,4.7227,win,ASIA,CHoCH,LIMIT_DEGRADED,BUY,Friday
1765,2.067307692307692,14.0,1.7403846153846154,17.0,0.0,1.0,3.4807692307691256,-1.014,loss,NY,IFVG,MARKET,BUY,Friday
1766,3.9313725490196076,40.0,0.8872549019607843,18.0,0.0,1.0,4.117647058823351,-1.0112,loss,NY,IFVG,MARKET,BUY,Friday
1767,1.8762376237623761,116.0,0.8960396039603961,17.0,0.0,1.0,1.3910891089108641,1.0765,win,NY,IFVG,MARKET,BUY,Friday
1768,1.6034482758620692,56.0,3.017241379310345,17.0,0.0,1.0,12.336206896551678,-1.2151,loss,ASIA,IFVG,MARKET,SELL,Monday
1769,2.5378151260504205,68.0,2.9411764705882355,17.0,0.0,1.0,0.764705882353201,-1.0099,loss,ASIA,IFVG,MARKET,SELL,Monday
1770,1.8827586206896552,82.0,2.413793103448276,17.0,0.0,1.0,0.3379310344826081,-1.0073,loss,ASIA,IFVG,MARKET,SELL,Monday
1771,1.403361344537815,46.0,0.025210084033613446,17.0,1.0,1.0,1.0252100840334453,5.8296,win,NY,CHoCH,LIMIT,SELL,Monday
1772,0.8712121212121211,40.0,1.5075757575757576,17.0,1.0,1.0,5.537878787878746,1.5391,win,ASIA,CHoCH,LIMIT,SELL,Tuesday
1773,1.7460317460317463,21.0,1.9841269841269842,18.0,1.0,1.0,2.857142857142785,-1.0455,loss,NY,CHoCH,LIMIT,BUY,Tuesday
1774,1.4098360655737705,51.0,2.0491803278688523,17.0,1.0,1.0,2.2377049180328017,-1.0291,loss,NY,CHoCH,LIMIT,BUY,Tuesday
1775,3.2198952879581153,78.0,1.3089005235602096,18.0,0.0,1.0,4.638743455497449,-0.0098,scratch,NY,IFVG,MARKET,BUY,Tuesday
1776,1.6101694915254237,18.0,1.3135593220338984,17.0,0.0,1.0,0.6949152542370415,-1.0421,loss,ASIA,IFVG,MARKET,SELL,Wednesday
1777,1.8962264150943393,62.0,1.4622641509433962,18.0,0.0,1.0,2.622641509434151,-0.1791,loss,ASIA,IFVG,MARKET,SELL,Wednesday
1778,1.4846153846153844,82.0,1.1923076923076923,17.0,0.0,1.0,0.015384615384601391,-0.0052,scratch,ASIA,CHoCH,LIMIT_DEGRADED,SELL,Wednesday
1779,2.6527777777777777,70.0,8.131944444444445,17.0,0.0,1.0,0.38194444444425496,-0.0942,loss,NY,CHoCH,LIMIT_DEGRADED,BUY,Wednesday
1780,1.4842105263157894,78.0,2.073684210526316,17.0,0.0,1.0,2.1473684210525934,-0.1348,loss,ASIA,CHoCH,LIMIT_DEGRADED,SELL,Thursday
1781,2.48,106.0,1.97,17.0,0.0,1.0,1.6700000000000728,0.0,scratch,ASIA,IFVG,MARKET,SELL,Thursday
1782,1.6857142857142857,16.0,4.607142857142858,17.0,0.0,1.0,6.000000000000066,-0.0593,loss,NY,IFVG,MARKET,SELL,Thursday
1783,1.7046413502109703,40.0,2.721518987341772,17.0,0.0,1.0,0.9620253164555888,-1.0,loss,NY,IFVG,MARKET,SELL,Thursday
1784,1.5174825174825175,104.0,4.510489510489511,17.0,0.0,1.0,2.7482517482519517,1.6636,win,NY,IFVG,MARKET,SELL,Thursday
1785,2.7435897435897436,48.0,1.064102564102564,17.0,0.0,1.0,1.3589743589742889,-1.0187,loss,ASIA,IFVG,MARKET,SELL,Friday
1786,1.5362318840579712,64.0,1.2028985507246377,17.0,0.0,1.0,1.5797101449277473,0.0,scratch,ASIA,IFVG,MARKET,SELL,Friday
1787,1.7872340425531916,102.0,0.8829787234042553,18.0,1.0,1.0,0.5212765957444486,1.2262,win,ASIA,CHoCH,LIMIT,SELL,Friday
1788,2.8150684931506853,26.0,1.9315068493150684,17.0,0.0,1.0,0.30136986301373603,-0.0146,scratch,NY,IFVG,MARKET,SELL,Friday
1789,2.9096045197740117,56.0,1.5932203389830508,17.0,0.0,1.0,0.3728813559323781,-1.1165,loss,NY,CHoCH,LIMIT_DEGRADED,SELL,Friday
1790,2.1411764705882352,108.0,1.6588235294117646,17.0,0.0,1.0,4.6000000000000965,-1.1401,loss,NY,IFVG,MARKET,SELL,Friday
1791,2.6323529411764706,52.0,1.8970588235294117,17.0,0.0,1.0,7.499999999999866,-0.0503,loss,ASIA,IFVG,MARKET,BUY,Monday
1792,1.4883720930232558,84.0,1.0,18.0,0.0,1.0,0.286821705426272,-1.0104,loss,ASIA,CHoCH,LIMIT_DEGRADED,BUY,Monday
1793,2.2470588235294118,102.0,1.5176470588235296,18.0,0.0,1.0,2.517647058823915,-1.0052,loss,ASIA,IFVG,MARKET,BUY,Monday
1794,1.6307692307692307,20.0,7.1692307692307695,17.0,0.0,1.0,2.676923076922741,-0.0849,loss,NY,IFVG,MARKET,BUY,Monday
1795,1.9404761904761905,72.0,5.547619047619048,17.0,0.0,1.0,7.369047619047684,0.0,scratch,NY,IFVG,MARKET,BUY,Monday
1796,0.9966996699669968,40.0,1.3564356435643565,18.0,0.0,1.0,9.132013201320156,-1.0364,loss,ASIA,IFVG,MARKET,SELL,Tuesday
1797,0.9148936170212766,98.0,2.186170212765958,17.0,5.0,1.0,2.3031914893616636,-1.0233,loss,ASIA,CHoCH,LIMIT,SELL,Tuesday
1798,1.6387096774193548,110.0,2.6516129032258067,18.0,0.0,1.0,1.8774193548386158,-0.0709,loss,ASIA,IFVG,MARKET,SELL,Tuesday
1799,0.962121212121212,22.0,2.946969696969697,18.0,1.0,1.0,1.1363636363636362,-1.0079,loss,NY,CHoCH,LIMIT,BUY,Tuesday
1800,1.588235294117647,36.0,3.2689075630252105,17.0,0.0,1.0,1.3613445378150344,-0.0053,scratch,NY,IFVG,MARKET,BUY,Tuesday
1801,3.240506329113924,92.0,2.462025316455696,18.0,0.0,1.0,3.4113924050632103,-1.0117,loss,NY,IFVG,MARKET,BUY,Tuesday
1802,1.811881188118812,26.0,0.0594059405940594,18.0,0.0,1.0,1.683168316831503,2.1093,win,ASIA,IFVG,MARKET,SELL,Wednesday
1803,1.4233576642335766,36.0,3.7445255474452552,15.0,0.0,1.0,3.839416058393988,-1.0205,loss,NY,IFVG,MARKET,SELL,Wednesday
1804,1.2666666666666666,74.0,3.8,15.0,0.0,1.0,1.288888888889064,-1.0,loss,NY,IFVG,MARKET,SELL,Wednesday
1805,1.4758620689655173,86.0,3.537931034482759,15.0,0.0,1.0,0.4206896551725016,1.5841,win,NY,IFVG,MARKET,SELL,Wednesday
1806,2.2135922330097086,10.0,1.3883495145631066,20.0,0.0,0.0,0.5145631067963108,-1.0526,loss,ASIA,IFVG,MARKET,SELL,Thursday
1807,1.6219512195121952,28.0,1.7439024390243902,15.0,0.0,1.0,0.7439024390245456,-0.0075,scratch,ASIA,IFVG,MARKET,SELL,Thursday
1808,2.2111111111111112,50.0,1.5888888888888888,15.0,0.0,1.0,1.8333333333334343,4.8039,win,ASIA,IFVG,MARKET,SELL,Thursday
1809,2.325,72.0,5.02,15.0,0.0,1.0,4.710000000000036,1.4624,win,NY,IFVG,MARKET,BUY,Thursday
1810,0.5416666666666667,58.0,2.125,15.0,3.0,1.0,3.0694444444444953,5.8325,win,ASIA,CHoCH,LIMIT_DEGRADED,SELL,Friday
1811,1.3495934959349594,26.0,0.008130081300813009,15.0,0.0,1.0,0.8780487804877457,-0.4458,loss,NY,CHoCH,LIMIT_DEGRADED,SELL,Friday
1812,2.342281879194631,68.0,0.006711409395973154,16.0,0.0,1.0,4.959731543624381,-1.0229,loss,NY,IFVG,MARKET,SELL,Friday
1813,2.0253164556962027,86.0,0.006329113924050633,15.0,0.0,1.0,1.1708860759493094,-1.0,loss,NY,IFVG,MARKET,SELL,Friday
1814,1.8508771929824561,31.0,0.03508771929824562,15.0,1.0,0.0,2.657894736841882,-1.0427,loss,ASIA,CHoCH,LIMIT,BUY,Monday
1815,2.304347826086957,92.0,0.028985507246376815,15.0,0.0,1.0,4.137681159420317,5.285,win,ASIA,IFVG,MARKET,BUY,Monday
1816,1.5037037037037035,28.0,1.6962962962962962,15.0,0.0,1.0,1.5407407407406868,-0.0591,loss,NY,IFVG,MARKET,BUY,Monday
1817,1.641025641025641,95.0,1.4679487179487178,15.0,1.0,1.0,0.2628205128204195,-1.0,loss,NY,CHoCH,LIMIT,BUY,Monday
1818,0.6935483870967741,31.0,0.7419354838709677,18.0,1.0,1.0,0.25806451612879755,0.8837,win,ASIA,CHoCH,LIMIT,BUY,Tuesday
1819,2.176470588235294,32.0,1.3198529411764703,17.0,0.0,1.0,3.5919117647058756,-1.0,loss,NY,IFVG,MARKET,BUY,Tuesday
1820,2.3504531722054383,52.0,1.0845921450151057,16.0,0.0,1.0,2.0090634441086515,-0.0077,scratch,NY,IFVG,MARKET,BUY,Tuesday
1821,1.1921708185053381,70.0,1.2775800711743772,17.0,0.0,1.0,1.11032028469747,-0.0448,loss,NY,IFVG,MARKET,BUY,Tuesday
1822,3.4999999999999996,30.0,0.17054263565891473,18.0,0.0,1.0,6.104651162790698,-0.0078,scratch,ASIA,IFVG,MARKET,SELL,Wednesday
1823,1.575609756097561,22.0,5.517073170731708,15.0,0.0,1.0,1.9756097560976498,-0.0155,scratch,NY,IFVG,MARKET,BUY,Wednesday
1824,1.114285714285714,78.0,4.616326530612245,18.0,1.0,1.0,0.130612244898026,-0.0256,loss,NY,CHoCH,LIMIT,BUY,Wednesday
1825,3.561797752808989,12.0,0.47752808988764045,17.0,0.0,1.0,2.4269662921349235,-0.0079,scratch,ASIA,IFVG,MARKET,BUY,Thursday
1826,1.847457627118644,70.0,0.48022598870056493,15.0,0.0,1.0,0.31073446327693893,-1.0122,loss,ASIA,CHoCH,LIMIT_DEGRADED,BUY,Thursday
1827,2.4008264462809916,44.0,1.3305785123966942,17.0,0.0,1.0,2.2479338842973555,-1.0413,loss,NY,IFVG,MARKET,BUY,Thursday
1828,4.416309012875536,78.0,1.3819742489270386,17.0,0.0,1.0,1.0686695278970972,-0.0058,scratch,NY,IFVG,MARKET,BUY,Thursday
1829,0.9400630914826499,112.0,1.0157728706624607,15.0,0.0,1.0,2.148264984227112,-1.0201,loss,NY,CHoCH,LIMIT_DEGRADED,BUY,Thursday
1830,1.6717948717948716,24.0,3.7333333333333334,15.0,0.0,1.0,1.5846153846154594,0.0,scratch,ASIA,IFVG,MARKET,BUY,Friday
1831,1.846153846153846,48.0,5.6,15.0,0.0,1.0,0.8846153846154545,-0.0333,loss,ASIA,CHoCH,LIMIT_DEGRADED,BUY,Friday
1832,2.265625,102.0,5.6875,19.0,0.0,1.0,0.4765625000000995,-1.0103,loss,ASIA,IFVG,MARKET,BUY,Friday
1833,1.2406015037593985,72.0,0.41353383458646614,18.0,0.0,1.0,0.14536340852128501,-0.1717,loss,NY,IFVG,MARKET,BUY,Friday
1834,1.118279569892473,22.0,0.3440860215053763,18.0,0.0,0.0,0.04838709677427178,-1.0913,loss,ASIA,IFVG,MARKET,SELL,Monday
1835,1.6284153005464481,32.0,0.34972677595628415,17.0,1.0,0.0,0.5081967213113859,-1.0134,loss,ASIA,CHoCH,LIMIT,SELL,Monday
1836,2.231707317073171,66.0,0.3902439024390244,19.0,0.0,0.0,4.0365853658538695,1.071,win,ASIA,IFVG,MARKET,SELL,Monday
1837,2.514450867052023,42.0,12.936416184971097,16.0,3.0,1.0,0.5028901734106044,1.1839,win,NY,CHoCH,LIMIT,BUY,Monday
1838,0.6911764705882352,38.0,2.3823529411764706,15.0,3.0,0.0,0.3897058823527539,-1.0638,loss,ASIA,CHoCH,LIMIT_DEGRADED,BUY,Tuesday
1839,1.423076923076923,60.0,3.1153846153846154,15.0,0.0,0.0,0.5192307692307342,-0.0068,scratch,ASIA,CHoCH,LIMIT_DEGRADED,BUY,Tuesday
1840,1.1845238095238095,72.0,1.9285714285714288,15.0,0.0,1.0,0.904761904761894,1.6231,win,ASIA,CHoCH,LIMIT_DEGRADED,BUY,Tuesday
1841,1.381578947368421,14.0,0.9802631578947368,16.0,0.0,1.0,2.8552631578948326,-1.0714,loss,NY,CHoCH,LIMIT_DEGRADED,BUY,Tuesday
1842,2.2615384615384615,52.0,0.7641025641025642,17.0,0.0,1.0,2.1897435897435806,4.6694,win,NY,IFVG,MARKET,BUY,Tuesday
1843,2.094202898550725,10.0,0.8405797101449275,16.0,0.0,0.0,2.97826086956531,-1.0138,loss,ASIA,IFVG,MARKET,BUY,Wednesday
1844,2.0718232044198897,32.0,0.6408839779005524,16.0,0.0,0.0,1.5303867403314817,-1.0373,loss,ASIA,IFVG,MARKET,BUY,Wednesday
1845,2.184331797235023,62.0,0.5345622119815668,16.0,0.0,1.0,2.3133640552995307,-1.0802,loss,ASIA,IFVG,MARKET,BUY,Wednesday
1846,2.0098039215686274,20.0,8.950980392156863,16.0,1.0,1.0,1.3921568627451693,-0.1171,loss,NY,CHoCH,LIMIT,BUY,Wednesday
1847,2.3741935483870966,40.0,2.945161290322581,17.0,0.0,1.0,1.880645161290299,-1.0747,loss,NY,CHoCH,LIMIT_DEGRADED,BUY,Wednesday
1848,1.8650306748466259,62.0,2.800613496932516,17.0,0.0,1.0,0.5797546012270943,-0.0181,scratch,NY,IFVG,MARKET,BUY,Wednesday
1849,1.7014925373134326,62.0,2.3208955223880596,15.0,0.0,0.0,1.470149253731194,-1.0307,loss,ASIA,CHoCH,LIMIT_DEGRADED,BUY,Thursday
1850,1.6933333333333334,66.0,2.0733333333333333,16.0,0.0,0.0,0.07333333333341822,-0.0157,scratch,ASIA,CHoCH,LIMIT_DEGRADED,BUY,Thursday
1851,1.1042944785276074,104.0,1.9079754601226995,17.0,0.0,0.0,1.9079754601227776,-1.0889,loss,ASIA,CHoCH,LIMIT_DEGRADED,BUY,Thursday
1852,1.5072463768115945,12.0,11.05072463768116,15.0,0.0,1.0,1.6521739130436235,-1.0096,loss,NY,IFVG,MARKET,SELL,Thursday
1853,3.2125748502994016,78.0,4.565868263473054,16.0,0.0,1.0,7.086826347305411,-1.014,loss,NY,IFVG,MARKET,SELL,Thursday
1854,2.172043010752688,18.0,3.279569892473118,15.0,0.0,0.0,0.7311827956987487,-1.0198,loss,ASIA,IFVG,MARKET,SELL,Friday
1855,2.379120879120879,78.0,1.6758241758241756,15.0,0.0,1.0,5.956043956044036,-1.0,loss,ASIA,IFVG,MARKET,SELL,Friday
1856,1.3662551440329216,51.0,0.32098765432098764,15.0,1.0,1.0,3.6666666666666066,1.8072,win,NY,CHoCH,LIMIT,BUY,Friday
1857,1.0774647887323945,24.0,1.9225352112676057,15.0,0.0,1.0,3.161971830986082,5.5258,win,ASIA,IFVG,MARKET,SELL,Monday
1858,2.2980132450331126,34.0,1.3311258278145695,15.0,0.0,1.0,3.9668874172183983,5.8903,win,NY,IFVG,MARKET,BUY,Monday
1859,1.826771653543307,38.0,1.1732283464566928,15.0,0.0,1.0,4.669291338582548,-1.0129,loss,ASIA,IFVG,MARKET,SELL,Tuesday
1860,3.102150537634408,64.0,0.8010752688172043,16.0,0.0,1.0,2.413978494623783,-0.0035,scratch,ASIA,IFVG,MARKET,SELL,Tuesday
1861,1.3537414965986394,20.0,7.27891156462585,26.0,1.0,1.0,2.4693877551021153,-1.0,loss,NY,CHoCH,LIMIT,BUY,Tuesday
1862,2.497409326424871,36.0,5.544041450777202,18.0,0.0,1.0,2.7668393782384175,-1.0083,loss,NY,IFVG,MARKET,BUY,Tuesday
1863,1.0925925925925926,75.0,6.604938271604937,15.0,1.0,1.0,1.3641975308639391,-0.0791,loss,NY,CHoCH,LIMIT,BUY,Tuesday
1864,1.178082191780822,42.0,1.7534246575342467,15.0,1.0,1.0,1.8630136986303114,-1.0349,loss,ASIA,CHoCH,LIMIT,BUY,Wednesday
1865,1.6449275362318843,116.0,0.46376811594202905,15.0,0.0,1.0,6.050724637681094,-1.0088,loss,ASIA,IFVG,MARKET,BUY,Wednesday
1866,1.9861111111111112,62.0,7.437500000000001,15.0,0.0,1.0,6.687500000000076,-0.0105,scratch,NY,IFVG,MARKET,SELL,Wednesday
1867,1.8627450980392155,106.0,5.25,21.0,0.0,1.0,1.627450980392237,-1.0263,loss,NY,IFVG,MARKET,SELL,Wednesday
1868,2.9113924050632907,48.0,2.3987341772151898,17.0,0.0,0.0,6.164556962025466,-0.0217,loss,ASIA,IFVG,MARKET,BUY,Thursday
1869,1.5032467532467533,88.0,1.2305194805194806,15.0,0.0,0.0,1.5811688311687957,-1.0022,loss,ASIA,IFVG,MARKET,BUY,Thursday
1870,1.3155893536121674,102.0,1.44106463878327,25.0,1.0,0.0,0.36882129277576226,1.3092,win,ASIA,CHoCH,LIMIT,BUY,Thursday
1871,1.5073529411764703,18.0,5.955882352941176,17.0,1.0,0.0,0.4485294117644651,-0.0732,loss,NY,CHoCH,LIMIT,BUY,Thursday
1872,2.121212121212121,40.0,3.506493506493506,17.0,0.0,0.0,0.8311688311688626,-1.0143,loss,NY,IFVG,MARKET,BUY,Thursday
1873,1.7573529411764706,76.0,2.977941176470588,15.0,0.0,0.0,3.312499999999913,-1.0021,loss,NY,IFVG,MARKET,BUY,Thursday
1874,2.990566037735849,8.0,0.3962264150943396,15.0,0.0,1.0,2.2358490566040996,0.0,scratch,ASIA,IFVG,MARKET,SELL,Friday
1875,1.6222222222222222,74.0,0.2333333333333333,17.0,0.0,1.0,6.6777777777780205,3.8559,win,ASIA,IFVG,MARKET,SELL,Friday
1876,2.0755813953488373,24.0,1.0639534883720931,16.0,0.0,1.0,1.4825581395349896,-0.0224,loss,NY,IFVG,MARKET,SELL,Friday
1877,1.4227642276422765,24.0,1.8455284552845528,15.0,0.0,1.0,2.2682926829267998,-1.0,loss,ASIA,IFVG,MARKET,SELL,Monday
1878,3.8571428571428577,66.0,1.3511904761904763,17.0,0.0,1.0,1.839285714285801,-1.0154,loss,ASIA,IFVG,MARKET,SELL,Monday
1879,2.1526104417670684,88.0,0.9116465863453814,17.0,0.0,1.0,1.2650602409638918,0.0,scratch,ASIA,IFVG,MARKET,SELL,Monday
1880,2.207920792079208,34.0,10.425742574257425,19.0,0.0,1.0,5.2772277227722055,4.8239,win,NY,IFVG,MARKET,BUY,Monday
1881,3.0297029702970297,28.0,3.405940594059406,17.0,0.0,1.0,1.782178217821512,-0.0392,loss,ASIA,IFVG,MARKET,BUY,Tuesday
1882,2.8516129032258064,64.0,2.2193548387096773,15.0,0.0,1.0,0.7741935483869794,-0.0023,scratch,ASIA,IFVG,MARKET,BUY,Tuesday
1883,1.990867579908676,96.0,1.5707762557077625,16.0,0.0,1.0,0.004566210045554124,0.0,scratch,ASIA,IFVG,MARKET,BUY,Tuesday
1884,2.216216216216216,16.0,13.989189189189188,17.0,0.0,1.0,1.8162162162160391,-0.1049,loss,NY,IFVG,MARKET,BUY,Tuesday
1885,1.493273542600897,30.0,11.605381165919281,15.0,0.0,1.0,0.12107623318384834,-0.0751,loss,NY,IFVG,MARKET,BUY,Tuesday
1886,3.3404255319148937,118.0,9.177304964539008,15.0,0.0,1.0,2.244680851063804,-1.0329,loss,NY,IFVG,MARKET,BUY,Tuesday
1887,2.7021276595744683,6.0,0.9078014184397164,16.0,1.0,0.0,0.9078014184398583,0.0,scratch,ASIA,CHoCH,LIMIT,SELL,Wednesday
1888,0.8027210884353742,30.0,0.870748299319728,15.0,0.0,0.0,3.0816326530610514,-1.0932,loss,ASIA,IFVG,MARKET,SELL,Wednesday
1889,2.2774193548387096,64.0,0.8258064516129032,16.0,0.0,0.0,1.5161290322580059,-1.1728,loss,ASIA,IFVG,MARKET,SELL,Wednesday
1890,3.746478873239437,20.0,1.7676056338028168,17.0,0.0,0.0,1.3802816901408708,-1.0376,loss,NY,IFVG,MARKET,BUY,Wednesday
1891,1.675531914893617,54.0,1.3351063829787233,16.0,1.0,0.0,0.797872340425532,-0.0032,scratch,NY,CHoCH,LIMIT,BUY,Wednesday
1892,2.027027027027027,112.0,0.8479729729729729,15.0,0.0,0.0,3.3986486486487837,-1.0033,loss,NY,IFVG,MARKET,BUY,Wednesday
1893,1.8321167883211675,50.0,1.021897810218978,15.0,0.0,1.0,1.1970802919710417,-1.0199,loss,ASIA,CHoCH,LIMIT_DEGRADED,BUY,Thursday
1894,2.17989417989418,82.0,0.7407407407407407,16.0,0.0,1.0,3.8095238095237134,-1.0049,loss,ASIA,IFVG,MARKET,BUY,Thursday
1895,2.625,10.0,4.776315789473684,15.0,0.0,1.0,0.4605263157896532,-1.1078,loss,NY,IFVG,MARKET,BUY,Thursday
1896,1.5544354838709677,56.0,1.4637096774193548,15.0,0.0,1.0,4.046370967741876,-0.0065,scratch,NY,IFVG,MARKET,BUY,Thursday
1897,2.313186813186813,6.0,0.510989010989011,15.0,0.0,0.0,1.703296703296903,-0.0499,loss,ASIA,IFVG,MARKET,SELL,Friday
1898,2.4444444444444446,70.0,0.4920634920634921,17.0,0.0,0.0,4.1534391534391055,1.4199,win,ASIA,IFVG,MARKET,SELL,Friday
1899,3.536697247706422,32.0,1.1422018348623852,17.0,1.0,0.0,1.7798165137613091,-0.0285,loss,NY,CHoCH,LIMIT,BUY,Friday
1900,2.5463576158940397,96.0,0.8245033112582782,16.0,0.0,1.0,0.6821192052979952,1.4798,win,NY,IFVG,MARKET,BUY,Friday
1901,1.968,64.0,0.528,15.0,0.0,1.0,8.255999999999949,1.3455,win,ASIA,IFVG,MARKET,SELL,Monday
1902,2.201465201465201,40.0,10.945054945054945,15.0,0.0,1.0,4.282051282051302,-1.0017,loss,NY,IFVG,MARKET,BUY,Monday
1903,1.5310344827586209,68.0,10.303448275862069,16.0,0.0,1.0,1.493103448275837,1.491,win,NY,IFVG,MARKET,BUY,Monday
1904,1.8132530120481927,56.0,1.8433734939759037,15.0,0.0,1.0,0.7530120481927711,2.2226,win,ASIA,IFVG,MARKET,BUY,Tuesday
1905,1.562264150943396,18.0,9.045283018867924,15.0,1.0,1.0,0.12830188679233615,-1.0676,loss,NY,CHoCH,LIMIT,SELL,Tuesday
1906,0.977859778597786,32.0,8.8450184501845,15.0,1.0,1.0,0.05535055350556862,-1.0,loss,NY,CHoCH,LIMIT,SELL,Tuesday
1907,2.0208333333333335,45.0,8.322916666666666,15.0,1.0,1.0,0.5868055555555746,-1.0103,loss,NY,CHoCH,LIMIT,SELL,Tuesday
1908,1.9827586206896552,38.0,2.327586206896552,15.0,0.0,1.0,2.163793103448464,-0.087,loss,ASIA,IFVG,MARKET,BUY,Wednesday
1909,2.3165467625899283,72.0,1.942446043165468,15.0,0.0,1.0,0.5107913669065011,1.795,win,ASIA,IFVG,MARKET,BUY,Wednesday
1910,2.7852348993288594,70.0,4.4127516778523495,15.0,0.0,1.0,5.620805369127517,-1.0048,loss,NY,IFVG,MARKET,BUY,Wednesday
1911,3.41812865497076,92.0,3.845029239766082,15.0,0.0,1.0,0.9736842105262945,-1.0642,loss,NY,IFVG,MARKET,BUY,Wednesday
1912,1.9301075268817203,66.0,0.08602150537634408,15.0,0.0,1.0,4.38709677419347,1.7855,win,ASIA,IFVG,MARKET,BUY,Thursday
1913,2.5836575875486383,36.0,6.782101167315175,15.0,0.0,1.0,1.128404669260736,-0.0075,scratch,NY,IFVG,MARKET,BUY,Thursday
1914,1.6607669616519174,106.0,5.141592920353982,15.0,0.0,1.0,1.86725663716812,-1.0124,loss,NY,IFVG,MARKET,BUY,Thursday
1915,3.5968992248062013,14.0,3.3255813953488373,16.0,0.0,1.0,3.6666666666666807,-1.0043,loss,ASIA,IFVG,MARKET,BUY,Friday
1916,1.514018691588785,62.0,4.009345794392523,15.0,0.0,1.0,1.485981308411351,-1.0062,loss,ASIA,IFVG,MARKET,BUY,Friday
1917,3.305970149253731,66.0,3.201492537313433,15.0,1.0,1.0,0.014925373134314782,-1.0068,loss,ASIA,CHoCH,LIMIT,BUY,Friday
1918,1.9064327485380117,30.0,3.1637426900584797,41.0,0.0,1.0,0.30409356725145137,4.69,win,NY,IFVG,MARKET,BUY,Friday
1919,1.9752650176678443,34.0,2.9505300353356887,15.0,0.0,1.0,3.123674911660668,5.5588,win,ASIA,IFVG,MARKET,BUY,Monday
1920,1.0288808664259927,90.0,4.498194945848375,15.0,2.0,1.0,2.4873646209385822,-1.0035,loss,NY,CHoCH,LIMIT,BUY,Monday
1921,3.5507692307692307,98.0,3.833846153846154,16.0,0.0,1.0,1.4830769230769734,1.253,win,NY,IFVG,MARKET,BUY,Monday
1922,1.4603174603174602,10.0,1.142857142857143,15.0,0.0,1.0,0.6984126984125445,1.2826,win,ASIA,IFVG,MARKET,BUY,Tuesday
1923,1.435897435897436,48.0,1.9786324786324787,15.0,1.0,1.0,0.3333333333332245,1.8661,win,NY,CHoCH,LIMIT,BUY,Tuesday
1924,1.4776785714285714,43.0,1.7767857142857142,15.0,1.0,1.0,3.0312499999999836,0.0,scratch,ASIA,CHoCH,LIMIT,BUY,Wednesday
1925,2.236842105263158,86.0,1.7456140350877194,15.0,0.0,1.0,3.986842105263222,5.37,win,ASIA,IFVG,MARKET,BUY,Wednesday
1926,1.794425087108014,30.0,6.320557491289199,9.0,0.0,1.0,1.9616724738676339,-1.0427,loss,NY,IFVG,MARKET,BUY,Wednesday
1927,1.9100346020761243,48.0,6.27681660899654,16.0,0.0,1.0,1.5363321799308147,-0.0272,loss,NY,IFVG,MARKET,BUY,Wednesday
1928,1.8507109004739337,112.0,4.298578199052133,15.0,0.0,1.0,3.101895734597191,1.5557,win,NY,IFVG,MARKET,BUY,Wednesday
1929,1.1255060728744937,34.0,3.356275303643724,15.0,0.0,1.0,5.22672064777322,-0.0036,scratch,ASIA,IFVG,MARKET,SELL,Thursday
1930,0.8983957219251336,106.0,2.2165775401069516,15.0,1.0,1.0,4.556149732620432,5.6341,win,ASIA,CHoCH,LIMIT,SELL,Thursday
1931,1.8033707865168538,18.0,8.44943820224719,15.0,0.0,1.0,1.7471910112360265,-1.2056,loss,NY,IFVG,MARKET,BUY,Thursday
1932,1.9577464788732395,26.0,7.061032863849765,15.0,0.0,1.0,1.1830985915492873,1.8801,win,NY,IFVG,MARKET,BUY,Thursday
1933,1.6388888888888888,13.0,4.146825396825396,15.0,1.0,1.0,0.5992063492064358,-0.0218,loss,ASIA,CHoCH,LIMIT,BUY,Friday
1934,2.365546218487395,38.0,4.390756302521008,15.0,1.0,1.0,0.9495798319328649,-1.2611,loss,ASIA,CHoCH,LIMIT,BUY,Friday
1935,1.4702702702702704,86.0,2.824324324324324,15.0,0.0,1.0,3.0918918918919065,-1.0221,loss,ASIA,IFVG,MARKET,BUY,Friday
1936,1.0426829268292683,10.0,2.1676829268292686,17.0,1.0,1.0,0.1524390243902439,-0.0556,loss,NY,CHoCH,LIMIT,BUY,Friday
1937,2.5182481751824817,54.0,2.594890510948905,17.0,0.0,1.0,2.397810218977996,-0.1058,loss,NY,IFVG,MARKET,BUY,Friday
1938,3.7930402930402933,62.0,0.5201465201465201,16.0,0.0,1.0,4.88644688644694,-1.0208,loss,ASIA,IFVG,MARKET,SELL,Monday
1939,1.0368098159509203,12.0,9.570552147239264,24.0,0.0,1.0,2.0061349693251422,-1.0237,loss,NY,CHoCH,LIMIT_DEGRADED,BUY,Monday
1940,1.6981132075471699,56.0,5.886792452830189,17.0,0.0,1.0,0.6566037735849949,1.54,win,NY,CHoCH,LIMIT_DEGRADED,BUY,Monday
1941,1.4405144694533765,29.0,3.2765273311897105,16.0,1.0,1.0,1.8906752411575913,0.0,scratch,ASIA,CHoCH,LIMIT,BUY,Tuesday
1942,3.2034632034632033,62.0,4.411255411255411,17.0,1.0,1.0,1.0735930735932784,-0.0014,scratch,ASIA,CHoCH,LIMIT,BUY,Tuesday
1943,1.8741496598639455,22.0,1.5578231292517006,17.0,0.0,1.0,1.1564625850341992,3.8857,win,NY,IFVG,MARKET,SELL,Tuesday
1944,0.9051383399209487,17.0,0.9130434782608696,18.0,1.0,1.0,2.02371541501972,-1.1179,loss,ASIA,CHoCH,LIMIT,BUY,Wednesday
1945,1.7985611510791368,34.0,0.8309352517985612,17.0,0.0,1.0,1.575539568345363,4.5898,win,ASIA,IFVG,MARKET,BUY,Wednesday
1946,1.7578125,38.0,2.546875,17.0,1.0,1.0,3.9765625000001137,-0.0322,loss,NY,CHoCH,LIMIT,BUY,Wednesday
1947,2.5752427184466016,100.0,3.1650485436893203,18.0,0.0,1.0,1.2888349514564077,0.0,scratch,NY,IFVG,MARKET,BUY,Wednesday
1948,1.493877551020408,44.0,0.6326530612244897,18.0,1.0,1.0,6.387755102040668,1.6831,win,ASIA,CHoCH,LIMIT,SELL,Thursday
1949,1.3225806451612903,16.0,7.263440860215053,17.0,1.0,1.0,0.005376344086138859,-1.0041,loss,NY,CHoCH,LIMIT,BUY,Thursday
1950,3.2393162393162394,32.0,5.773504273504273,19.0,0.0,1.0,1.4401709401708935,-0.0092,scratch,NY,IFVG,MARKET,BUY,Thursday
1951,0.8016032064128256,50.0,2.7074148296593186,18.0,1.0,1.0,1.8456913827655383,2.4075,win,NY,CHoCH,LIMIT,BUY,Thursday
1952,1.4680851063829787,20.0,1.5319148936170213,17.0,0.0,1.0,1.0676982591877053,-1.1686,loss,ASIA,IFVG,MARKET,BUY,Friday
1953,2.6601671309192203,42.0,2.2061281337047354,17.0,1.0,1.0,0.8328690807801369,-0.0178,scratch,ASIA,CHoCH,LIMIT,BUY,Friday
1954,2.5833333333333335,62.0,11.151515151515152,50.0,0.0,1.0,1.3011363636363429,1.4362,win,NY,IFVG,MARKET,SELL,Friday
1955,1.0625,42.0,2.6931818181818183,17.0,0.0,0.0,0.9090909090909435,-1.0303,loss,ASIA,CHoCH,LIMIT_DEGRADED,SELL,Monday
1956,2.424632352941176,62.0,2.613970588235294,17.0,0.0,0.0,1.8547794117645653,-1.019,loss,ASIA,IFVG,MARKET,SELL,Monday
1957,2.014851485148515,114.0,3.51980198019802,17.0,0.0,1.0,4.512376237623879,-1.0037,loss,ASIA,IFVG,MARKET,SELL,Monday
1958,1.0053475935828875,60.0,4.714795008912656,17.0,2.0,1.0,0.333333333333476,-1.0709,loss,NY,CHoCH,LIMIT,BUY,Monday
1959,0.8732057416267943,90.0,6.327751196172249,32.0,1.0,1.0,0.4114832535885777,-1.074,loss,NY,CHoCH,LIMIT,BUY,Monday
1960,1.7614035087719295,102.0,4.640350877192982,17.0,1.0,1.0,2.2157894736842296,-1.0369,loss,NY,CHoCH,LIMIT,BUY,Monday
1961,0.8425196850393701,44.0,1.811023622047244,17.0,0.0,0.0,3.3818897637795846,-1.1028,loss,ASIA,CHoCH,LIMIT_DEGRADED,SELL,Tuesday
1962,1.4395604395604396,62.0,1.6849816849816848,17.0,0.0,0.0,0.5677655677653013,6.5672,win,ASIA,IFVG,MARKET,SELL,Tuesday
1963,2.1999999999999997,86.0,9.962962962962964,17.0,0.0,1.0,0.08444444444440133,-1.0202,loss,NY,CHoCH,LIMIT_DEGRADED,SELL,Tuesday
1964,1.6666666666666665,102.0,8.271832718327182,17.0,0.0,1.0,1.9261992619926018,5.6965,win,NY,CHoCH,LIMIT_DEGRADED,SELL,Tuesday
1965,1.236923076923077,24.0,1.6806153846153846,17.0,0.0,1.0,0.7655384615384649,-1.0179,loss,ASIA,IFVG,MARKET,SELL,Wednesday
1966,1.4051383399209487,56.0,2.698616600790514,17.0,0.0,1.0,3.5079051383399213,-0.0113,scratch,ASIA,IFVG,MARKET,SELL,Wednesday
1967,0.9964664310954062,78.0,2.4125441696113072,16.0,1.0,1.0,2.6484098939929344,-0.0142,scratch,ASIA,CHoCH,LIMIT,SELL,Wednesday
1968,2.088042049934297,10.0,9.605781865965833,16.0,0.0,1.0,1.501971090670209,-1.0711,loss,NY,IFVG,MARKET,SELL,Wednesday
1969,0.7029126213592233,46.0,14.194174757281552,21.0,1.0,1.0,1.7786407766990007,-1.6464,loss,NY,CHoCH,LIMIT,SELL,Wednesday
1970,3.5986842105263155,57.0,12.023026315789473,18.0,1.0,1.0,0.4407894736842584,-1.0215,loss,NY,CHoCH,LIMIT,SELL,Wednesday
1971,1.8272251308900522,38.0,1.5392670157068062,17.0,0.0,0.0,0.6439790575915532,-1.0172,loss,ASIA,IFVG,MARKET,SELL,Thursday
1972,4.037313432835822,56.0,2.194029850746269,16.0,0.0,0.0,0.4353233830845772,-1.0006,loss,ASIA,CHoCH,LIMIT_DEGRADED,SELL,Thursday
1973,2.5486725663716814,28.0,2.654867256637168,19.0,0.0,1.0,2.775811209439485,4.4464,win,NY,IFVG,MARKET,BUY,Thursday
1974,1.1518151815181519,31.0,0.4026402640264027,17.0,2.0,0.0,0.3135313531355537,-1.0258,loss,ASIA,CHoCH,LIMIT,BUY,Friday
1975,0.9116465863453814,28.0,14.080321285140561,17.0,1.0,1.0,0.18473895582330777,-2.6564,loss,NY,CHoCH,LIMIT,SELL,Friday
1976,1.0941644562334218,50.0,4.649867374005305,18.0,1.0,1.0,3.868700265251999,-1.0267,loss,NY,CHoCH,LIMIT,SELL,Friday
1977,1.149321266968326,88.0,5.2880844645550535,17.0,0.0,1.0,5.8099547511311505,-0.0066,scratch,NY,IFVG,MARKET,SELL,Friday
1978,2.2107728337236536,36.0,0.2903981264637003,9.0,2.0,1.0,0.30210772833722804,-1.0286,loss,ASIA,CHoCH,LIMIT,BUY,Monday
1979,1.6955223880597015,72.0,0.3701492537313433,17.0,0.0,1.0,2.9910447761193977,-0.0229,loss,ASIA,IFVG,MARKET,BUY,Monday
1980,0.8453947368421052,94.0,0.40789473684210525,18.0,1.0,1.0,0.19736842105275124,-0.0272,loss,ASIA,CHoCH,LIMIT,BUY,Monday
1981,2.1569620253164556,6.0,4.837974683544304,17.0,0.0,1.0,0.8531645569619977,1.0493,win,NY,IFVG,MARKET,SELL,Monday
1982,1.8983957219251335,38.0,3.7727272727272725,16.0,0.0,1.0,2.2005347593582933,-1.0085,loss,ASIA,IFVG,MARKET,BUY,Tuesday
1983,2.077777777777778,104.0,3.9194444444444443,17.0,0.0,1.0,5.566666666666657,-1.0307,loss,ASIA,IFVG,MARKET,BUY,Tuesday
1984,2.1124121779859486,36.0,10.032786885245903,17.0,0.0,1.0,1.7634660421546138,-0.051,loss,NY,IFVG,MARKET,SELL,Tuesday
1985,1.277922077922078,72.0,11.127272727272729,17.0,0.0,1.0,2.8961038961039196,-1.0081,loss,NY,IFVG,MARKET,SELL,Tuesday
1986,1.7818696883852692,100.0,12.135977337110484,17.0,0.0,1.0,1.8583569405098996,-1.0016,loss,NY,IFVG,MARKET,SELL,Tuesday
1987,2.72972972972973,10.0,5.984984984984985,17.0,0.0,1.0,1.459459459459361,-1.0968,loss,ASIA,IFVG,MARKET,BUY,Wednesday
1988,1.9852941176470589,46.0,5.861764705882353,22.0,0.0,1.0,0.8382352941177541,-1.0207,loss,ASIA,IFVG,MARKET,BUY,Wednesday
1989,2.568922305764411,106.0,4.994987468671678,17.0,0.0,1.0,6.197994987468676,0.0,scratch,ASIA,IFVG,MARKET,BUY,Wednesday
1990,2.1842751842751844,18.0,10.113022113022112,17.0,0.0,1.0,3.287469287469314,-1.0146,loss,NY,IFVG,MARKET,BUY,Wednesday
1991,1.4265734265734267,58.0,9.594405594405593,17.0,1.0,1.0,1.645687645687633,-0.0621,loss,NY,CHoCH,LIMIT,BUY,Wednesday
1992,1.887459807073955,108.0,13.234726688102894,17.0,0.0,1.0,2.588424437299094,-1.0409,loss,NY,IFVG,MARKET,BUY,Wednesday
1993,1.3502024291497974,32.0,1.157894736842105,16.0,0.0,0.0,0.046558704453444975,-0.012,scratch,ASIA,CHoCH,LIMIT_DEGRADED,BUY,Thursday
1994,2.282474226804124,74.0,1.179381443298969,17.0,0.0,1.0,4.358762886598006,-1.047,loss,ASIA,IFVG,MARKET,BUY,Thursday
1995,2.7811704834605595,32.0,0.043256997455470736,17.0,0.0,1.0,1.7964376590330648,-1.0,loss,NY,IFVG,MARKET,BUY,Thursday
1996,2.562613430127042,46.0,0.030852994555353907,17.0,0.0,1.0,0.26134301270418414,1.1721,win,NY,IFVG,MARKET,BUY,Thursday
1997,2.0236220472440944,16.0,1.2283464566929132,16.0,0.0,1.0,1.997375328084023,4.7055,win,ASIA,IFVG,MARKET,SELL,Friday
1998,2.427272727272727,62.0,1.8477272727272727,16.0,0.0,1.0,3.7136363636363963,-0.0562,loss,NY,IFVG,MARKET,BUY,Friday
1999,1.8727735368956744,94.0,2.068702290076336,18.0,0.0,1.0,1.4961832061067821,-1.0258,loss,NY,IFVG,MARKET,BUY,Friday
2000,1.7594202898550724,40.0,2.8376811594202893,17.0,0.0,1.0,6.965217391304406,-0.1104,loss,ASIA,IFVG,MARKET,SELL,Monday
2001,3.0545454545454547,86.0,2.966666666666667,17.0,0.0,1.0,1.939393939393967,-1.0357,loss,ASIA,IFVG,MARKET,SELL,Monday
2002,2.4950166112956813,40.0,3.2823920265780737,18.0,1.0,1.0,1.392026578073108,-1.0213,loss,NY,CHoCH,LIMIT,BUY,Monday
2003,2.718840579710145,96.0,2.863768115942029,21.0,0.0,1.0,3.1652173913043686,-0.0341,loss,NY,IFVG,MARKET,BUY,Monday
2004,1.290858725761773,10.0,1.850415512465374,17.0,0.0,1.0,1.1911357340720725,-1.0966,loss,ASIA,IFVG,MARKET,SELL,Tuesday
2005,1.604361370716511,20.0,2.0809968847352023,16.0,0.0,1.0,0.5576323987538827,-0.0816,loss,ASIA,IFVG,MARKET,SELL,Tuesday
2006,0.8875502008032128,58.0,2.6827309236947787,23.0,0.0,1.0,0.8714859437751296,2.3756,win,ASIA,IFVG,MARKET,SELL,Tuesday
2007,2.700348432055749,22.0,1.7560975609756098,17.0,0.0,1.0,2.261324041811929,0.0,scratch,NY,IFVG,MARKET,SELL,Tuesday
2008,1.2891891891891891,80.0,1.362162162162162,17.0,0.0,1.0,1.3783783783784767,4.865,win,NY,IFVG,MARKET,SELL,Tuesday
2009,1.7202380952380953,22.0,1.1696428571428572,17.0,1.0,0.0,0.014880952380871176,-0.0069,scratch,ASIA,CHoCH,LIMIT,BUY,Wednesday
2010,2.7051282051282053,68.0,1.0076923076923077,18.0,0.0,0.0,2.317948717948709,1.9536,win,ASIA,IFVG,MARKET,BUY,Wednesday
2011,2.4309210526315788,22.0,3.3881578947368425,18.0,0.0,1.0,0.7467105263157835,-0.0555,loss,NY,IFVG,MARKET,BUY,Wednesday
2012,3.694244604316547,66.0,3.705035971223022,17.0,0.0,1.0,0.32733812949635055,-0.0107,scratch,NY,CHoCH,LIMIT_DEGRADED,BUY,Wednesday
2013,1.6658227848101266,116.0,2.607594936708861,17.0,0.0,1.0,2.599999999999995,-1.5562,loss,NY,IFVG,MARKET,BUY,Wednesday
2014,3.608058608058608,22.0,1.326007326007326,16.0,0.0,1.0,2.146520146520193,2.2487,win,ASIA,IFVG,MARKET,BUY,Thursday
2015,3.3465346534653464,96.0,2.9579207920792077,17.0,0.0,1.0,4.094059405940585,-1.0422,loss,NY,IFVG,MARKET,BUY,Thursday
2016,1.4694835680751175,20.0,0.5774647887323944,17.0,1.0,1.0,0.3051643192486555,-1.0128,loss,ASIA,CHoCH,LIMIT,BUY,Friday
2017,1.9933774834437084,38.0,0.814569536423841,16.0,0.0,1.0,2.4437086092715594,-0.0166,scratch,ASIA,IFVG,MARKET,BUY,Friday
2018,2.508849557522124,98.0,0.5442477876106195,17.0,0.0,1.0,3.2787610619470398,-1.0212,loss,ASIA,IFVG,MARKET,BUY,Friday
2019,1.1198501872659177,12.0,1.1947565543071161,17.0,0.0,1.0,1.3895131086142458,-0.0301,loss,NY,IFVG,MARKET,SELL,Friday
2020,2.1176470588235294,30.0,1.3403361344537816,41.0,0.0,1.0,0.9663865546219252,-0.0278,loss,NY,IFVG,MARKET,SELL,Friday
2021,1.5412844036697246,66.0,1.4633027522935778,16.0,1.0,1.0,1.2385321100918683,-1.0268,loss,NY,CHoCH,LIMIT,SELL,Friday
2022,1.7941176470588234,76.0,2.1524064171122994,19.0,0.0,1.0,2.9090909090908164,4.9251,win,ASIA,IFVG,MARKET,BUY,Monday
2023,1.570957095709571,26.0,12.501650165016503,17.0,1.0,1.0,1.0990099009900751,-1.0,loss,NY,CHoCH,LIMIT,BUY,Monday
2024,1.888135593220339,84.0,12.840677966101696,17.0,0.0,1.0,5.654237288135537,-1.0144,loss,NY,IFVG,MARKET,BUY,Monday
2025,2.453333333333333,106.0,10.101333333333335,19.0,0.0,1.0,1.9466666666667152,-0.0359,loss,NY,IFVG,MARKET,BUY,Monday
2026,2.9081272084805656,16.0,3.07773851590106,19.0,0.0,1.0,0.3992932862191198,-0.0267,loss,ASIA,IFVG,MARKET,BUY,Tuesday
2027,2.8252788104089217,50.0,3.237918215613383,17.0,0.0,1.0,1.579925650557621,-0.0039,scratch,ASIA,CHoCH,LIMIT_DEGRADED,BUY,Tuesday
2028,1.7085714285714286,60.0,0.7714285714285715,17.0,0.0,1.0,5.66857142857147,4.5198,win,NY,IFVG,MARKET,SELL,Tuesday
2029,2.1407766990291264,58.0,3.092233009708738,16.0,0.0,1.0,1.2912621359222594,1.3265,win,ASIA,IFVG,MARKET,SELL,Wednesday
2030,2.0823529411764707,24.0,2.2588235294117647,18.0,0.0,1.0,4.196078431372478,-0.0132,scratch,NY,IFVG,MARKET,BUY,Wednesday
2031,2.03728813559322,96.0,1.9525423728813558,18.0,0.0,1.0,2.2169491525423606,4.6922,win,NY,CHoCH,LIMIT_DEGRADED,BUY,Wednesday
2032,2.4423529411764706,24.0,2.251764705882353,17.0,0.0,1.0,4.36470588235277,1.3757,win,ASIA,IFVG,MARKET,BUY,Thursday
2033,1.7487046632124352,18.0,7.652849740932642,16.0,1.0,1.0,2.5440414507771267,-1.0,loss,NY,CHoCH,LIMIT,BUY,Thursday
2034,1.2888888888888888,44.0,5.9676767676767675,17.0,1.0,1.0,1.7494949494949201,-0.0141,scratch,NY,CHoCH,LIMIT,BUY,Thursday
2035,2.534216335540839,94.0,6.520971302428255,17.0,0.0,1.0,4.490066225165595,-1.0645,loss,NY,IFVG,MARKET,BUY,Thursday
2036,1.4449339207048457,41.0,0.2158590308370044,18.0,1.0,0.0,1.2555066079296757,2.2683,win,ASIA,CHoCH,LIMIT,BUY,Friday
2037,1.7936802973977697,90.0,11.511152416356877,17.0,0.0,1.0,1.0799256505576107,0.7907,win,NY,IFVG,MARKET,SELL,Friday
2038,1.9002493765586037,16.0,2.466334164588529,17.0,0.0,0.0,1.3665835411470233,-1.0118,loss,ASIA,IFVG,MARKET,SELL,Monday
2039,1.4331210191082802,48.0,3.1496815286624202,17.0,0.0,0.0,1.869426751592322,1.3067,win,ASIA,IFVG,MARKET,SELL,Monday
2040,2.8560606060606064,10.0,0.8636363636363636,17.0,0.0,0.0,2.8055555555554728,-0.0424,loss,NY,IFVG,MARKET,SELL,Monday
2041,1.6479591836734695,100.0,0.8724489795918368,17.0,0.0,1.0,1.9081632653060112,-0.0263,loss,NY,CHoCH,LIMIT_DEGRADED,SELL,Monday
2042,1.4718100890207715,66.0,0.456973293768546,17.0,0.0,0.0,5.750741839762509,0.9476,win,ASIA,IFVG,MARKET,BUY,Tuesday
2043,2.077134986225895,94.0,1.297520661157025,16.0,0.0,1.0,0.9338842975206261,-1.0809,loss,NY,IFVG,MARKET,BUY,Tuesday
2044,2.1009523809523807,118.0,0.8971428571428571,17.0,0.0,1.0,2.131428571428582,-1.0054,loss,NY,CHoCH,LIMIT_DEGRADED,BUY,Tuesday
2045,1.3745583038869258,35.0,1.226148409893993,17.0,1.0,1.0,1.586572438162467,1.2391,win,ASIA,CHoCH,LIMIT,SELL,Wednesday
2046,2.1988795518207285,22.0,7.6834733893557425,17.0,0.0,1.0,3.2268907563026437,-0.0166,scratch,NY,IFVG,MARKET,BUY,Wednesday
2047,2.928338762214984,60.0,8.93485342019544,17.0,0.0,1.0,0.1986970684040984,-0.0133,scratch,NY,CHoCH,LIMIT_DEGRADED,BUY,Wednesday
2048,2.8273972602739725,94.0,7.515068493150685,17.0,0.0,1.0,2.4849315068492355,-0.0562,loss,NY,CHoCH,LIMIT_DEGRADED,BUY,Wednesday
2049,1.1754874651810585,26.0,0.935933147632312,17.0,0.0,1.0,2.3565459610027957,-1.0142,loss,ASIA,IFVG,MARKET,BUY,Thursday
2050,2.3495440729483286,46.0,1.0212765957446808,17.0,0.0,1.0,1.2522796352583254,-1.0026,loss,ASIA,IFVG,MARKET,BUY,Thursday
2051,2.0608695652173914,86.0,0.4869565217391304,17.0,0.0,1.0,7.030434782608727,1.0295,win,ASIA,IFVG,MARKET,BUY,Thursday
2052,1.3552311435523114,28.0,2.27007299270073,22.0,0.0,1.0,0.6009732360096837,-1.5117,loss,NY,IFVG,MARKET,BUY,Thursday
2053,2.8945086705202314,41.0,1.3482658959537572,18.0,2.0,1.0,2.419075144508705,-0.0095,scratch,NY,CHoCH,LIMIT,BUY,Thursday
2054,2.403041825095057,60.0,1.6996197718631179,17.0,0.0,0.0,4.015209125475438,-1.0095,loss,ASIA,IFVG,MARKET,SELL,Friday
2055,3.0805369127516777,80.0,1.5,17.0,0.0,0.0,0.4127516778523551,-1.0131,loss,ASIA,IFVG,MARKET,SELL,Friday
2056,2.117437722419929,104.0,1.590747330960854,16.0,0.0,0.0,1.551601423487428,2.6521,win,ASIA,IFVG,MARKET,SELL,Friday
2057,1.9618320610687021,12.0,3.465648854961832,17.0,0.0,0.0,0.45801526717550306,-0.0052,scratch,NY,IFVG,MARKET,BUY,Friday
2058,1.666666666666667,98.0,3.3880597014925375,17.0,1.0,0.0,2.5000000000000453,-0.0075,scratch,NY,CHoCH,LIMIT,BUY,Friday
2059,0.9804560260586319,53.0,0.08794788273615636,16.0,1.0,1.0,2.1726384364821083,-0.01,scratch,ASIA,CHoCH,LIMIT,SELL,Monday
2060,2.2406417112299466,100.0,0.1443850267379679,16.0,0.0,1.0,1.7700534759357995,-0.0358,loss,ASIA,CHoCH,LIMIT_DEGRADED,SELL,Monday
2061,1.3006329113924051,24.0,6.5664556962025316,19.0,2.0,1.0,0.4303797468354833,-0.0268,loss,NY,CHoCH,LIMIT,BUY,Monday
2062,2.4013840830449826,62.0,7.179930795847751,18.0,0.0,1.0,1.4740484429064926,-1.0317,loss,NY,IFVG,MARKET,BUY,Monday
2063,2.1631578947368424,108.0,5.460526315789474,17.0,0.0,1.0,1.4763157894737178,4.5668,win,NY,IFVG,MARKET,BUY,Monday
2064,1.1369047619047619,46.0,1.7559523809523812,17.0,0.0,0.0,0.9464285714283874,-1.0236,loss,ASIA,IFVG,MARKET,SELL,Tuesday
2065,1.6,58.0,2.1278688524590166,17.0,0.0,1.0,7.2786885245901045,-1.0082,loss,NY,IFVG,MARKET,SELL,Tuesday
2066,1.9653465346534653,66.0,2.9702970297029703,17.0,0.0,1.0,1.2227722772278489,1.9798,win,ASIA,IFVG,MARKET,BUY,Wednesday
2067,1.6125461254612548,14.0,0.826568265682657,17.0,0.0,1.0,2.50553505535054,-1.0,loss,NY,IFVG,MARKET,SELL,Wednesday
2068,1.751851851851852,32.0,0.8296296296296296,18.0,0.0,1.0,1.1148148148148955,1.2093,win,NY,IFVG,MARKET,SELL,Wednesday
2069,1.6142322097378277,46.0,0.2808988764044944,17.0,0.0,1.0,0.9288389513106979,-0.0139,scratch,ASIA,IFVG,MARKET,SELL,Thursday
2070,1.5384615384615385,46.0,1.2544378698224854,17.0,0.0,1.0,2.7692307692309415,-0.0038,scratch,NY,IFVG,MARKET,SELL,Thursday
2071,1.3177083333333333,56.0,1.1041666666666667,17.0,0.0,1.0,0.1197916666664393,-1.0395,loss,NY,CHoCH,LIMIT_DEGRADED,SELL,Thursday
2072,1.641891891891892,86.0,1.4324324324324325,17.0,0.0,1.0,2.6283783783785997,-0.0329,loss,NY,IFVG,MARKET,SELL,Thursday
2073,1.4368231046931408,22.0,3.8736462093862816,17.0,0.0,1.0,0.6028880866426255,-0.0276,loss,ASIA,IFVG,MARKET,BUY,Friday
2074,5.575757575757576,60.0,8.128787878787879,17.0,1.0,1.0,0.9621212121215428,-1.0149,loss,ASIA,CHoCH,LIMIT,BUY,Friday
2075,2.0,8.0,2.526315789473684,28.0,0.0,1.0,3.4315789473676936,1.8632,win,NY,IFVG,MARKET,SELL,Friday
2076,1.8530066815144766,14.0,1.5144766146993318,17.0,1.0,1.0,1.3608017817373232,1.6058,win,ASIA,CHoCH,LIMIT,BUY,Monday
2077,1.3796791443850267,86.0,1.6818181818181817,17.0,0.0,1.0,3.3556149732618374,-1.0911,loss,NY,IFVG,MARKET,BUY,Monday
2078,1.9308176100628929,110.0,0.9889937106918238,17.0,1.0,1.0,3.5487421383647337,-0.009,scratch,NY,CHoCH,LIMIT,BUY,Monday
2079,1.3793103448275863,40.0,0.33421750663129973,17.0,0.0,1.0,1.026525198938963,-0.0404,loss,ASIA,IFVG,MARKET,SELL,Tuesday
2080,2.6794871794871793,86.0,0.5384615384615385,18.0,0.0,1.0,3.726495726495447,-1.0128,loss,ASIA,IFVG,MARKET,SELL,Tuesday
2081,1.4272727272727272,114.0,0.5727272727272726,17.0,0.0,1.0,1.9499999999999833,-1.0669,loss,ASIA,IFVG,MARKET,SELL,Tuesday
2082,3.8030888030888033,10.0,1.2702702702702704,17.0,0.0,1.0,1.9961389961390243,-1.0325,loss,NY,IFVG,MARKET,SELL,Tuesday
2083,2.5267857142857144,100.0,0.9791666666666667,17.0,0.0,1.0,6.35119047619052,-0.0094,scratch,NY,IFVG,MARKET,SELL,Tuesday
2084,1.3100436681222707,30.0,1.5283842794759825,17.0,0.0,1.0,0.44541484716136553,-1.02,loss,ASIA,IFVG,MARKET,BUY,Wednesday
2085,1.2805429864253395,36.0,1.583710407239819,17.0,1.0,1.0,0.3438914027150309,-1.0,loss,ASIA,CHoCH,LIMIT,BUY,Wednesday
2086,2.5760869565217392,90.0,1.9021739130434783,17.0,0.0,1.0,1.277173913043676,-0.0274,loss,ASIA,IFVG,MARKET,BUY,Wednesday
2087,2.44,16.0,1.084,17.0,0.0,1.0,0.35200000000004367,1.7328,win,NY,IFVG,MARKET,BUY,Wednesday
2088,2.973913043478261,12.0,1.056521739130435,17.0,0.0,1.0,1.5304347826088855,-0.0132,scratch,ASIA,IFVG,MARKET,BUY,Thursday
2089,1.8703703703703702,70.0,0.9,18.0,0.0,1.0,4.792592592592444,-1.0178,loss,ASIA,IFVG,MARKET,BUY,Thursday
2090,1.3746130030959753,32.0,2.260061919504644,18.0,0.0,1.0,1.3498452012382887,-1.0135,loss,NY,IFVG,MARKET,SELL,Thursday
2091,1.5125,80.0,3.0416666666666665,17.0,0.0,1.0,5.070833333333364,-1.0055,loss,NY,IFVG,MARKET,SELL,Thursday
2092,2.984423676012461,98.0,2.2741433021806854,17.0,0.0,1.0,2.0342679127727896,-0.0021,scratch,NY,IFVG,MARKET,SELL,Thursday
2093,2.2906403940886704,42.0,2.226600985221675,17.0,0.0,1.0,0.7783251231526735,-1.0065,loss,ASIA,CHoCH,LIMIT_DEGRADED,SELL,Friday
2094,1.1832460732984293,66.0,2.3664921465968587,18.0,0.0,1.0,0.40837696335065204,-0.0265,loss,ASIA,IFVG,MARKET,SELL,Friday
2095,3.5209580838323356,97.0,2.7065868263473054,17.0,1.0,1.0,0.0958083832334458,-1.0034,loss,ASIA,CHoCH,LIMIT,SELL,Friday
2096,2.759090909090909,14.0,5.945454545454545,18.0,0.0,1.0,1.1454545454543303,1.2142,win,NY,IFVG,MARKET,BUY,Friday
2097,1.193877551020408,16.0,2.173469387755102,18.0,1.0,0.0,2.3707482993198146,-0.0313,loss,ASIA,CHoCH,LIMIT,BUY,Monday
2098,1.1125541125541125,81.0,2.766233766233766,17.0,1.0,0.0,3.7489177489180796,-0.0428,loss,ASIA,CHoCH,LIMIT,BUY,Monday
2099,1.797029702970297,96.0,3.163366336633663,17.0,0.0,0.0,0.2673267326732493,1.1625,win,ASIA,CHoCH,LIMIT_DEGRADED,BUY,Monday
2100,1.9069767441860463,14.0,1.9689922480620154,17.0,0.0,0.0,2.3255813953488373,-1.0142,loss,NY,IFVG,MARKET,BUY,Monday
2101,1.9740740740740739,46.0,1.8814814814814813,17.0,0.0,0.0,1.9592592592592457,-1.0019,loss,NY,IFVG,MARKET,BUY,Monday
2102,3.4198717948717947,68.0,1.6282051282051282,17.0,0.0,0.0,1.3685897435898835,-1.0084,loss,NY,IFVG,MARKET,BUY,Monday
2103,1.307262569832402,22.0,1.3743016759776536,17.0,0.0,1.0,1.7262569832403047,-1.0256,loss,ASIA,IFVG,MARKET,SELL,Tuesday
2104,1.8345864661654134,62.0,1.8496240601503757,18.0,0.0,1.0,0.6992481203002868,-1.0205,loss,ASIA,IFVG,MARKET,SELL,Tuesday
2105,0.7025316455696203,84.0,1.5569620253164556,19.0,0.0,1.0,0.044303797468745854,2.4505,win,ASIA,IFVG,MARKET,SELL,Tuesday
2106,1.2574257425742574,44.0,3.7062706270627066,17.0,0.0,1.0,2.6270627062706393,-0.0709,loss,NY,IFVG,MARKET,BUY,Tuesday
2107,2.212827988338192,92.0,3.2740524781341107,18.0,0.0,1.0,2.778425655976602,-0.0145,scratch,NY,IFVG,MARKET,BUY,Tuesday
2108,1.2256637168141593,34.0,0.49557522123893816,17.0,0.0,1.0,3.9557522123896063,-0.0614,loss,ASIA,IFVG,MARKET,SELL,Wednesday
2109,2.497005988023952,76.0,0.6706586826347306,17.0,0.0,1.0,0.6766467065868917,-1.0024,loss,ASIA,IFVG,MARKET,SELL,Wednesday
2110,2.3574879227053143,14.0,2.4734299516908216,6.0,1.0,1.0,0.8309178743962583,-1.0,loss,NY,CHoCH,LIMIT,SELL,Wednesday
2111,1.232142857142857,60.0,2.2857142857142856,7.0,1.0,1.0,2.6785714285714284,-0.0326,loss,NY,CHoCH,LIMIT,SELL,Wednesday
2112,3.1699029126213594,82.0,2.4854368932038833,0.0,0.0,1.0,1.4805825242719328,-0.0077,scratch,NY,IFVG,MARKET,SELL,Wednesday
2113,1.1932773109243697,18.0,0.40896358543417366,8.0,1.0,1.0,2.1316526610643343,6.6625,win,ASIA,CHoCH,LIMIT,SELL,Thursday
2114,1.0485829959514168,58.0,0.1740890688259109,3.0,0.0,1.0,1.2267206477731762,0.0,scratch,NY,IFVG,MARKET,SELL,Thursday
2115,1.4659090909090908,78.0,0.16287878787878787,1.0,0.0,1.0,2.617424242424187,-1.0052,loss,NY,IFVG,MARKET,SELL,Thursday
2116,2.025139664804469,108.0,0.12011173184357542,0.0,0.0,1.0,4.117318435754129,-0.0097,scratch,NY,IFVG,MARKET,SELL,Thursday
2117,1.5031645569620253,20.0,2.069620253164557,4.0,0.0,0.0,0.03164556962036829,-0.0042,scratch,ASIA,IFVG,MARKET,SELL,Friday
2118,1.9144144144144142,54.0,2.9459459459459456,20.0,0.0,0.0,2.6036036036034886,-1.0118,loss,ASIA,IFVG,MARKET,SELL,Friday
2119,2.3187499999999996,88.0,4.0874999999999995,13.0,0.0,0.0,2.012500000000159,-1.0,loss,ASIA,IFVG,MARKET,SELL,Friday
2120,2.76158940397351,34.0,10.45364238410596,5.0,1.0,1.0,1.1258278145697171,-1.0072,loss,NY,CHoCH,LIMIT,BUY,Friday
2121,2.3157894736842106,60.0,8.745152354570637,4.0,0.0,1.0,0.5263157894735835,-1.0108,loss,NY,IFVG,MARKET,BUY,Friday
2122,2.9729729729729724,100.0,7.11036036036036,15.0,0.0,1.0,1.7545045045044962,-0.0023,scratch,NY,IFVG,MARKET,BUY,Friday
2123,1.1088825214899714,24.0,0.9570200573065901,18.0,1.0,1.0,0.48137535816627247,1.9251,win,ASIA,CHoCH,LIMIT,BUY,Monday
2124,2.284313725490196,32.0,4.169934640522876,14.0,0.0,1.0,3.212418300653571,-1.0043,loss,NY,IFVG,MARKET,BUY,Monday
2125,3.3756476683937824,98.0,3.305699481865285,8.0,0.0,1.0,4.40932642487058,-1.0031,loss,NY,IFVG,MARKET,BUY,Monday
2126,2.873417721518987,52.0,0.2995780590717299,9.0,0.0,1.0,5.0126582278481475,0.0,scratch,ASIA,IFVG,MARKET,SELL,Tuesday
2127,1.23963133640553,85.0,0.32718894009216587,13.0,1.0,1.0,0.13824884792635111,-1.0558,loss,ASIA,CHoCH,LIMIT,SELL,Tuesday
2128,2.492957746478873,96.0,0.3333333333333333,21.0,0.0,1.0,0.07511737089195046,5.0853,win,ASIA,IFVG,MARKET,SELL,Tuesday
2129,1.5337078651685392,8.0,2.0898876404494384,14.0,0.0,1.0,0.7359550561794891,-0.0037,scratch,NY,IFVG,MARKET,BUY,Tuesday
2130,1.5825688073394495,52.0,0.8532110091743119,18.0,0.0,1.0,1.0802752293578064,2.029,win,NY,IFVG,MARKET,BUY,Tuesday
2131,2.516129032258064,10.0,0.10752688172043011,20.0,1.0,1.0,0.6075268817204887,0.0,scratch,ASIA,CHoCH,LIMIT,BUY,Wednesday
2132,2.529166666666667,30.0,0.08333333333333334,18.0,0.0,1.0,0.48750000000003035,-0.0082,scratch,ASIA,CHoCH,LIMIT_DEGRADED,BUY,Wednesday
2133,3.0348258706467663,98.0,0.09950248756218907,13.0,0.0,1.0,2.6019900497510267,-1.0,loss,ASIA,CHoCH,LIMIT_DEGRADED,BUY,Wednesday
2134,0.9064748201438849,30.0,1.4424460431654675,5.0,1.0,1.0,4.820143884891956,-1.0198,loss,NY,CHoCH,LIMIT,SELL,Wednesday
2135,2.236842105263158,48.0,1.319078947368421,16.0,0.0,1.0,3.2697368421054307,-1.0015,loss,NY,IFVG,MARKET,SELL,Wednesday
2136,2.6624999999999996,72.0,1.2531249999999998,15.0,0.0,1.0,1.3968749999997954,-0.0035,scratch,NY,IFVG,MARKET,SELL,Wednesday
2137,1.310483870967742,18.0,1.0483870967741935,20.0,1.0,1.0,0.6129032258062609,-0.0062,scratch,ASIA,CHoCH,LIMIT,SELL,Thursday
2138,1.3668341708542715,70.0,1.306532663316583,17.0,0.0,1.0,3.4472361809048153,-1.0331,loss,ASIA,IFVG,MARKET,SELL,Thursday
2139,0.905940594059406,87.0,1.2871287128712872,17.0,1.0,1.0,0.5198019801976596,-1.0055,loss,ASIA,CHoCH,LIMIT,SELL,Thursday
2140,1.6106870229007633,16.0,3.7900763358778624,16.0,1.0,1.0,0.5419847328244553,-1.3815,loss,NY,CHoCH,LIMIT,SELL,Thursday
2141,0.9888392857142856,56.0,2.2165178571428568,18.0,0.0,1.0,4.27008928571431,-0.0203,loss,NY,IFVG,MARKET,SELL,Thursday
2142,3.086111111111111,96.0,2.7583333333333333,15.0,0.0,1.0,1.1666666666666161,-0.0018,scratch,NY,IFVG,MARKET,SELL,Thursday
2143,2.4087837837837838,52.0,1.4155405405405408,15.0,3.0,1.0,0.3074324324323833,-0.0014,scratch,ASIA,CHoCH,LIMIT,SELL,Friday
2144,1.781609195402299,28.0,1.0268199233716475,16.0,0.0,1.0,0.47892720306513414,0.0,scratch,NY,CHoCH,LIMIT_DEGRADED,BUY,Friday
2145,1.3622641509433961,50.0,1.0113207547169811,15.0,0.0,1.0,1.0264150943397188,-1.0055,loss,NY,IFVG,MARKET,BUY,Friday
2146,2.4899598393574296,66.0,1.0763052208835342,17.0,0.0,1.0,0.7389558232932311,-1.0242,loss,NY,IFVG,MARKET,BUY,Friday
2147,2.2049180327868854,32.0,0.6885245901639344,19.0,1.0,1.0,0.13387978142095389,5.4943,win,ASIA,CHoCH,LIMIT,BUY,Monday
2148,2.234513274336283,60.0,8.243362831858407,14.0,0.0,1.0,0.5088495575219629,-0.002,scratch,NY,CHoCH,LIMIT_DEGRADED,BUY,Monday
2149,2.633846153846154,98.0,5.732307692307692,18.0,0.0,1.0,3.1723076923075357,-0.0023,scratch,NY,CHoCH,LIMIT_DEGRADED,BUY,Monday
2150,1.8490566037735852,66.0,1.3320754716981131,18.0,0.0,1.0,0.34339622641538264,-0.0082,scratch,ASIA,CHoCH,LIMIT_DEGRADED,BUY,Tuesday
2151,2.353413654618474,90.0,1.4176706827309236,16.0,0.0,1.0,0.38554216867471336,0.0,scratch,ASIA,CHoCH,LIMIT_DEGRADED,BUY,Tuesday
2152,1.517150395778364,44.0,0.7651715039577837,16.0,0.0,1.0,0.9287598944589781,-1.0035,loss,NY,IFVG,MARKET,BUY,Tuesday
2153,1.2903225806451613,82.0,0.5197132616487455,13.0,0.0,1.0,5.462365591397934,-1.0056,loss,NY,IFVG,MARKET,BUY,Tuesday
2154,1.7039106145251397,100.0,0.5400372439478585,13.0,1.0,1.0,2.8789571694599694,-1.0087,loss,NY,CHoCH,LIMIT,BUY,Tuesday
2155,1.21900826446281,54.0,0.5619834710743802,17.0,0.0,1.0,3.4999999999997295,-1.061,loss,ASIA,IFVG,MARKET,SELL,Wednesday
2156,1.7174887892376682,114.0,0.609865470852018,10.0,0.0,1.0,1.2914798206278517,7.7643,win,ASIA,IFVG,MARKET,SELL,Wednesday
2157,2.193050193050193,11.0,2.362934362934363,19.0,1.0,1.0,0.4169884169883889,0.0,scratch,NY,CHoCH,LIMIT,SELL,Wednesday
2158,2.4979919678714855,58.0,2.4578313253012047,17.0,0.0,1.0,0.7710843373494267,-0.0161,scratch,NY,CHoCH,LIMIT_DEGRADED,SELL,Wednesday
2159,1.7808219178082192,92.0,2.095890410958904,12.0,0.0,1.0,0.16095890410967625,-1.0115,loss,NY,CHoCH,LIMIT_DEGRADED,SELL,Wednesday
2160,0.8624595469255664,26.0,1.7281553398058254,23.0,1.0,1.0,0.0016181229773815987,-1.0394,loss,ASIA,CHoCH,LIMIT,BUY,Friday
2161,3.1242937853107344,76.0,3.016949152542373,23.0,0.0,1.0,3.110169491525485,-1.1528,loss,ASIA,IFVG,MARKET,BUY,Friday
2162,3.470219435736677,110.0,3.347962382445141,23.0,0.0,1.0,2.912225705329142,-0.0054,scratch,ASIA,IFVG,MARKET,BUY,Friday
2163,2.7849829351535833,46.0,0.49829351535836175,6.0,0.0,1.0,4.9385665529011105,-1.0025,loss,NY,IFVG,MARKET,SELL,Friday
2164,2.1680216802168024,100.0,0.3956639566395664,11.0,0.0,1.0,1.8238482384822665,-0.0175,scratch,NY,IFVG,MARKET,SELL,Friday
2165,3.750915750915751,28.0,0.8663003663003663,20.0,0.0,1.0,1.9230769230769231,-1.0059,loss,ASIA,IFVG,MARKET,SELL,Monday
2166,1.2267379679144386,80.0,2.4705882352941178,17.0,0.0,1.0,0.38716577540115515,0.9451,win,NY,IFVG,MARKET,SELL,Monday
2167,1.0933098591549297,22.0,0.5633802816901409,16.0,0.0,0.0,0.8257042253520422,-0.0097,scratch,ASIA,IFVG,MARKET,SELL,Tuesday
2168,1.7040816326530612,66.0,0.8163265306122449,12.0,0.0,1.0,5.127551020408256,-0.0105,scratch,ASIA,IFVG,MARKET,SELL,Tuesday
2169,1.0929292929292929,46.0,6.919191919191919,18.0,0.0,1.0,4.399999999999948,-1.0,loss,NY,IFVG,MARKET,BUY,Tuesday
2170,1.4468503937007873,52.0,6.7421259842519685,17.0,0.0,1.0,0.08070866141747322,-0.0204,loss,NY,IFVG,MARKET,BUY,Tuesday
2171,2.153005464480874,80.0,9.357923497267759,19.0,0.0,1.0,0.8934426229509389,-0.0368,loss,NY,CHoCH,LIMIT_DEGRADED,BUY,Tuesday
2172,3.578544061302682,88.0,1.0881226053639848,19.0,0.0,0.0,2.827586206896594,0.0,scratch,ASIA,CHoCH,LIMIT_DEGRADED,BUY,Wednesday
2173,1.3181818181818181,116.0,0.6454545454545454,12.0,0.0,0.0,1.3590909090908099,-1.0552,loss,ASIA,CHoCH,LIMIT_DEGRADED,BUY,Wednesday
2174,2.0103092783505154,62.0,4.762886597938144,10.0,0.0,1.0,8.420103092783524,-0.0179,scratch,NY,IFVG,MARKET,SELL,Wednesday
2175,2.294573643410853,100.0,3.5813953488372094,14.0,0.0,1.0,0.7422480620154898,-1.0017,loss,NY,IFVG,MARKET,SELL,Wednesday
2176,1.6372881355932203,32.0,3.284745762711864,20.0,0.0,1.0,2.081355932203501,5.303,win,ASIA,IFVG,MARKET,BUY,Friday
2177,1.3933463796477494,48.0,4.052837573385519,18.0,1.0,1.0,3.7827788649706315,-1.0,loss,NY,CHoCH,LIMIT,BUY,Friday
2178,1.944578313253012,67.0,4.990361445783132,4.0,1.0,1.0,0.9518072289156188,-1.0037,loss,NY,CHoCH,LIMIT,BUY,Friday
2179,2.513986013986014,108.0,3.620629370629371,14.0,0.0,1.0,3.283216783216898,-1.0007,loss,NY,IFVG,MARKET,BUY,Friday
2180,1.4292604501607717,41.0,3.059485530546624,23.0,1.0,1.0,0.6350482315112248,-1.0022,loss,ASIA,CHoCH,LIMIT,BUY,Monday
2181,1.5996168582375478,58.0,3.645593869731801,23.0,0.0,1.0,1.293103448275862,-1.0108,loss,ASIA,IFVG,MARKET,BUY,Monday
2182,3.005586592178771,86.0,5.315642458100559,18.0,0.0,1.0,0.7206703910614322,0.0,scratch,ASIA,IFVG,MARKET,BUY,Monday
2183,1.328804347826087,55.0,0.005434782608695652,6.0,2.0,1.0,3.228260869565247,1.4908,win,NY,CHoCH,LIMIT,BUY,Monday
2184,2.034398034398034,26.0,1.3562653562653562,17.0,0.0,1.0,1.5307125307124234,-1.006,loss,ASIA,IFVG,MARKET,SELL,Tuesday
2185,4.2405063291139244,100.0,2.3291139240506324,7.0,0.0,1.0,7.578059071729973,-1.004,loss,ASIA,IFVG,MARKET,SELL,Tuesday
2186,1.3822629969418958,44.0,2.4036697247706424,11.0,1.0,1.0,1.6360856269111481,-0.0177,scratch,NY,CHoCH,LIMIT,BUY,Tuesday
2187,3.3302180685358254,54.0,2.4485981308411215,17.0,0.0,1.0,0.4890965732089154,-0.0047,scratch,NY,IFVG,MARKET,BUY,Tuesday
2188,3.213166144200627,92.0,2.4639498432601883,12.0,0.0,1.0,0.5768025078370362,-0.0039,scratch,NY,IFVG,MARKET,BUY,Tuesday
2189,1.3362068965517242,41.0,0.2974137931034483,19.0,2.0,1.0,0.7672413793104311,-0.0177,scratch,ASIA,CHoCH,LIMIT,SELL,Wednesday
2190,1.5726744186046513,78.0,0.4011627906976744,22.0,0.0,1.0,1.4941860465117232,-1.0,loss,ASIA,CHoCH,LIMIT_DEGRADED,SELL,Wednesday
2191,1.6516393442622952,106.0,0.5655737704918032,23.0,0.0,1.0,1.2008196721308941,-1.0025,loss,ASIA,IFVG,MARKET,SELL,Wednesday
2192,1.3907637655417406,30.0,3.8117229129662524,16.0,0.0,1.0,1.44227353463586,-1.0064,loss,NY,CHoCH,LIMIT_DEGRADED,SELL,Wednesday
2193,1.2424242424242424,70.0,5.911845730027548,16.0,0.0,1.0,1.9504132231404758,-0.0022,scratch,NY,IFVG,MARKET,SELL,Wednesday
2194,2.089908256880734,99.0,3.9376146788990827,16.0,1.0,1.0,0.34678899082558123,-1.0026,loss,NY,CHoCH,LIMIT,SELL,Wednesday
2195,1.3803278688524592,16.0,2.2426229508196722,19.0,0.0,1.0,2.5803278688524234,-1.019,loss,ASIA,IFVG,MARKET,SELL,Thursday
2196,1.5571847507331376,26.0,2.005865102639296,20.0,0.0,1.0,0.03812316715545722,1.2185,win,ASIA,IFVG,MARKET,SELL,Thursday
2197,2.135204081632653,32.0,1.8188775510204083,8.0,0.0,1.0,1.6020408163264657,-0.0036,scratch,NY,IFVG,MARKET,SELL,Thursday
2198,2.651629072681704,74.0,1.7869674185463658,9.0,0.0,1.0,0.005012531328430214,-1.0047,loss,NY,CHoCH,LIMIT_DEGRADED,SELL,Thursday
2199,0.9958847736625513,74.0,3.588477366255144,22.0,0.0,0.0,6.843621399177,-0.0165,scratch,ASIA,CHoCH,LIMIT_DEGRADED,SELL,Friday
2200,2.1507936507936507,101.0,3.4603174603174605,21.0,1.0,0.0,0.456349206349062,-0.0074,scratch,ASIA,CHoCH,LIMIT,SELL,Friday
2201,1.6016260162601625,10.0,1.0447154471544715,12.0,0.0,0.0,2.40650406504068,0.0,scratch,NY,IFVG,MARKET,SELL,Friday
2202,0.8528072837632777,52.0,0.3899848254931715,11.0,1.0,1.0,2.75417298937779,-1.0089,loss,NY,CHoCH,LIMIT,SELL,Friday
2203,1.9377593360995848,80.0,0.5331950207468878,10.0,0.0,1.0,1.734439834025017,-1.0021,loss,NY,IFVG,MARKET,SELL,Friday
2204,0.9277504105090313,30.0,4.753694581280788,22.0,1.0,1.0,1.5385878489326585,-1.0319,loss,ASIA,CHoCH,LIMIT,BUY,Monday
2205,1.0486486486486486,32.0,3.5324324324324325,13.0,0.0,1.0,0.6081081081081081,0.0,scratch,NY,IFVG,MARKET,BUY,Monday
2206,2.3512110726643596,92.0,2.2612456747404845,17.0,0.0,1.0,3.7041522491349226,-0.0044,scratch,NY,IFVG,MARKET,BUY,Monday
2207,1.8155339805825244,18.0,0.5412621359223301,22.0,0.0,1.0,0.8665048543688614,-0.0013,scratch,ASIA,IFVG,MARKET,SELL,Tuesday
2208,1.8838709677419354,76.0,0.7193548387096774,15.0,0.0,1.0,1.0580645161289501,-1.0034,loss,ASIA,IFVG,MARKET,SELL,Tuesday
2209,1.8505494505494506,32.0,1.0417582417582418,15.0,0.0,1.0,0.17802197802206599,-0.0048,scratch,NY,CHoCH,LIMIT_DEGRADED,BUY,Tuesday
2210,1.4010554089709761,66.0,1.2506596306068603,18.0,0.0,1.0,0.6042216358838954,-0.0094,scratch,NY,IFVG,MARKET,BUY,Tuesday
2211,2.2881773399014778,96.0,1.1674876847290643,13.0,0.0,1.0,0.6970443349755756,-0.0032,scratch,NY,CHoCH,LIMIT_DEGRADED,BUY,Tuesday
2212,1.8673835125448028,72.0,2.5197132616487457,23.0,0.0,1.0,0.9534050179210948,-0.0019,scratch,ASIA,CHoCH,LIMIT_DEGRADED,BUY,Wednesday
2213,1.1859903381642514,25.0,3.166666666666667,11.0,1.0,1.0,1.5410628019323935,-1.0876,loss,NY,CHoCH,LIMIT,BUY,Wednesday
2214,2.275252525252525,49.0,3.3106060606060606,19.0,1.0,1.0,0.8762626262626906,-1.0377,loss,NY,CHoCH,LIMIT,BUY,Wednesday
2215,1.6118210862619808,116.0,2.094249201277955,10.0,0.0,1.0,3.8753993610223993,-1.004,loss,NY,IFVG,MARKET,BUY,Wednesday
2216,2.9704142011834316,10.0,0.46153846153846156,23.0,0.0,1.0,1.0147928994083701,-1.003,loss,ASIA,IFVG,MARKET,BUY,Thursday
2217,3.36734693877551,44.0,0.28942486085343233,17.0,0.0,1.0,4.285714285714184,-0.0182,scratch,ASIA,IFVG,MARKET,BUY,Thursday
2218,2.6733524355300857,118.0,0.4469914040114613,19.0,0.0,1.0,2.475644699140234,-1.0021,loss,ASIA,IFVG,MARKET,BUY,Thursday
2219,1.8782287822878228,52.0,1.2324723247232472,10.0,0.0,1.0,6.119926199262006,1.5462,win,NY,IFVG,MARKET,BUY,Thursday
2220,1.8352059925093636,34.0,2.737827715355805,22.0,0.0,1.0,2.0337078651686484,-1.0041,loss,ASIA,IFVG,MARKET,SELL,Friday
2221,1.8249027237354087,48.0,2.8443579766536966,21.0,0.0,1.0,0.42023346303499115,-0.0405,loss,ASIA,IFVG,MARKET,SELL,Friday
2222,2.6740740740740736,92.0,2.7074074074074073,19.0,0.0,1.0,0.3777777777776026,0.0,scratch,ASIA,IFVG,MARKET,SELL,Friday
2223,1.243809523809524,35.0,0.29523809523809524,15.0,3.0,1.0,0.05714285714289179,-0.0107,scratch,NY,CHoCH,LIMIT,SELL,Friday
2224,1.190909090909091,80.0,0.4696969696969697,16.0,0.0,1.0,3.169696969696981,-0.0305,loss,NY,IFVG,MARKET,SELL,Friday
2225,1.460093896713615,100.0,0.363849765258216,13.0,0.0,1.0,1.4718309859155956,-1.0,loss,NY,CHoCH,LIMIT_DEGRADED,SELL,Friday
2226,0.7604166666666666,34.0,0.8593750000000001,22.0,0.0,1.0,2.682291666666635,-1.0685,loss,ASIA,IFVG,MARKET,BUY,Monday
2227,1.0148936170212766,46.0,1.053191489361702,20.0,1.0,1.0,0.2042553191489439,-0.0294,loss,ASIA,CHoCH,LIMIT,BUY,Monday
2228,1.9083969465648853,66.0,1.2595419847328244,22.0,0.0,1.0,0.7353689567430858,-0.0027,scratch,ASIA,IFVG,MARKET,BUY,Monday
2229,2.553763440860215,78.0,2.833333333333333,12.0,0.0,1.0,3.7795698924729813,-0.0042,scratch,NY,IFVG,MARKET,BUY,Monday
2230,3.120253164556962,104.0,3.335443037974683,12.0,0.0,1.0,1.9430379746839357,-0.002,scratch,NY,CHoCH,LIMIT_DEGRADED,BUY,Monday
2231,1.2322097378277155,14.0,1.9625468164794009,22.0,0.0,1.0,3.5131086142322507,-0.0091,scratch,ASIA,IFVG,MARKET,SELL,Tuesday
2232,2.0718232044198897,50.0,2.8950276243093924,16.0,0.0,1.0,2.1712707182317024,-0.0293,loss,ASIA,IFVG,MARKET,SELL,Tuesday
2233,1.3514851485148516,106.0,2.594059405940594,21.0,0.0,1.0,1.4257425742574799,1.0586,win,ASIA,CHoCH,LIMIT_DEGRADED,SELL,Tuesday
2234,2.0074441687344913,38.0,6.444168734491314,19.0,0.0,1.0,2.372208436724665,1.3696,win,NY,CHoCH,LIMIT_DEGRADED,BUY,Tuesday
2235,2.131958762886598,78.0,2.0082474226804123,22.0,0.0,1.0,2.185567010309166,5.0031,win,ASIA,CHoCH,LIMIT_DEGRADED,BUY,Wednesday
2236,2.316417910447761,56.0,6.692537313432836,10.0,1.0,1.0,0.797014925373156,-1.0026,loss,NY,CHoCH,LIMIT,BUY,Wednesday
2237,1.9744560075685904,88.0,2.121097445600757,12.0,0.0,1.0,2.8959318826869045,-1.0057,loss,NY,IFVG,MARKET,BUY,Wednesday
2238,4.282127031019202,20.0,0.7562776957163959,18.0,0.0,0.0,2.243722304283545,5.0984,win,ASIA,IFVG,MARKET,BUY,Thursday
2239,2.1378299120234603,16.0,2.0865102639296187,4.0,0.0,1.0,1.5806451612902852,-0.0034,scratch,ASIA,IFVG,MARKET,BUY,Friday
2240,2.4193548387096775,74.0,4.173020527859237,21.0,0.0,1.0,1.2961876832844788,0.0,scratch,ASIA,CHoCH,LIMIT_DEGRADED,BUY,Friday
2241,2.0962732919254656,10.0,0.5372670807453416,16.0,0.0,1.0,1.6552795031055674,1.0459,win,NY,IFVG,MARKET,SELL,Friday
2242,2.1808669656203286,54.0,1.4035874439461884,20.0,0.0,1.0,0.22720478325866017,-1.0075,loss,ASIA,IFVG,MARKET,BUY,Monday
2243,2.7927461139896375,93.0,1.621761658031088,8.0,3.0,1.0,0.13298791018990105,-1.0,loss,ASIA,CHoCH,LIMIT,BUY,Monday
2244,3.7349397590361444,50.0,1.1726907630522088,17.0,0.0,1.0,4.522088353413559,-0.0113,scratch,NY,IFVG,MARKET,BUY,Monday
2245,2.6073211314475873,40.0,1.3610648918469217,4.0,0.0,0.0,6.73044925124789,-1.0013,loss,ASIA,IFVG,MARKET,SELL,Tuesday
2246,0.8345864661654135,108.0,2.050125313283208,9.0,0.0,0.0,2.571428571428626,1.6907,win,ASIA,IFVG,MARKET,SELL,Tuesday
2247,2.0705128205128207,16.0,2.7692307692307696,4.0,1.0,0.0,0.658119658119837,-1.0103,loss,NY,CHoCH,LIMIT,BUY,Tuesday
2248,1.2228571428571429,59.0,2.468571428571429,15.0,1.0,0.0,1.6342857142857004,-1.0202,loss,NY,CHoCH,LIMIT,BUY,Tuesday
2249,2.0041666666666664,82.0,1.8,16.0,0.0,0.0,3.447222222222308,-0.0014,scratch,NY,IFVG,MARKET,BUY,Tuesday
2250,1.1173864894795127,30.0,0.3178294573643411,14.0,1.0,1.0,0.15393133997788788,1.5243,win,ASIA,CHoCH,LIMIT,BUY,Wednesday
2251,1.112781954887218,80.0,6.9041353383458635,19.0,1.0,1.0,5.646616541353376,-0.0034,scratch,NY,CHoCH,LIMIT,BUY,Wednesday
2252,0.9804270462633453,20.0,1.1227758007117439,15.0,1.0,1.0,3.282325029655999,1.542,win,ASIA,CHoCH,LIMIT,BUY,Thursday
2253,1.462759462759463,27.0,0.7460317460317462,19.0,1.0,1.0,2.7631257631257764,-1.0092,loss,NY,CHoCH,LIMIT,BUY,Thursday
2254,2.2560679611650483,40.0,0.7415048543689321,10.0,0.0,1.0,0.9769417475728376,-0.0005,scratch,NY,IFVG,MARKET,BUY,Thursday
2255,2.673052362707535,68.0,0.7803320561941252,4.0,0.0,1.0,0.6143039591315964,-0.001,scratch,NY,IFVG,MARKET,BUY,Thursday
2256,1.102834541858932,40.0,1.2379696769940673,4.0,0.0,0.0,0.6189848384969953,8.8886,win,ASIA,IFVG,MARKET,SELL,Friday
2257,1.033195020746888,19.0,6.872925311203319,20.0,1.0,1.0,0.17582987551868917,1.2912,win,NY,CHoCH,LIMIT,SELL,Friday
2258,1.3550531914893618,42.0,0.6881648936170213,20.0,0.0,1.0,1.3111702127659441,-1.0027,loss,ASIA,IFVG,MARKET,SELL,Monday
2259,1.0271966527196652,62.0,1.0826359832635983,5.0,0.0,1.0,0.4984309623430829,-0.0229,loss,ASIA,IFVG,MARKET,SELL,Monday
2260,1.9832474226804124,108.0,1.333762886597938,23.0,0.0,1.0,1.7802835051546462,1.1056,win,ASIA,IFVG,MARKET,SELL,Monday
2261,3.5077239958805353,10.0,5.700823892893923,13.0,0.0,1.0,2.7250257466529386,-1.0004,loss,NY,IFVG,MARKET,BUY,Monday
2262,2.0031662269129287,46.0,5.84221635883905,6.0,0.0,1.0,2.6960422163588467,-0.0026,scratch,NY,IFVG,MARKET,BUY,Monday
2263,2.015970515970516,88.0,6.80036855036855,4.0,0.0,1.0,1.6971744471744539,-0.0113,scratch,NY,CHoCH,LIMIT_DEGRADED,BUY,Monday
2264,1.3644314868804666,12.0,0.4921282798833819,22.0,1.0,1.0,1.7551020408163478,-0.0034,scratch,ASIA,CHoCH,LIMIT,BUY,Tuesday
2265,1.6779783393501804,82.0,0.6093862815884477,23.0,0.0,1.0,3.5566787003610267,-1.0077,loss,ASIA,IFVG,MARKET,BUY,Tuesday
2266,1.1951854261548471,100.0,0.5491216655823031,23.0,0.0,1.0,0.7599219258295571,-1.0147,loss,ASIA,CHoCH,LIMIT_DEGRADED,BUY,Tuesday
2267,2.46125,10.0,8.59,4.0,1.0,1.0,0.5974999999999682,-0.0173,scratch,NY,CHoCH,LIMIT,BUY,Tuesday
2268,1.5682656826568264,58.0,8.452644526445264,4.0,0.0,1.0,0.9372693726937135,-1.0,loss,NY,IFVG,MARKET,BUY,Tuesday
2269,2.981660231660232,90.0,6.633204633204634,11.0,0.0,1.0,2.364864864864865,-1.0071,loss,NY,IFVG,MARKET,BUY,Tuesday
2270,3.222491909385113,31.0,4.130258899676376,11.0,1.0,1.0,0.6852750809061695,-0.007,scratch,ASIA,CHoCH,LIMIT,BUY,Wednesday
2271,1.492167101827676,40.0,0.04569190600522193,11.0,0.0,1.0,2.121409921671018,-0.0035,scratch,NY,IFVG,MARKET,SELL,Wednesday
2272,1.126498002663116,60.0,0.04660452729693741,14.0,0.0,1.0,0.5912117177096671,7.0832,win,NY,IFVG,MARKET,SELL,Wednesday
2273,1.7008495145631068,94.0,0.345873786407767,19.0,0.0,1.0,0.0752427184465887,1.9297,win,ASIA,IFVG,MARKET,SELL,Thursday
2274,0.41335333833458365,30.0,3.8012003000750187,19.0,0.0,1.0,1.8837209302325335,-1.0036,loss,NY,IFVG,MARKET,SELL,Thursday
2275,1.6574212893553224,40.0,3.7983508245877062,16.0,1.0,1.0,0.19490254872566445,-0.0045,scratch,NY,CHoCH,LIMIT,SELL,Thursday
2276,2.4805510534846027,70.0,4.106158833063209,16.0,0.0,1.0,1.1223662884926624,0.0,scratch,NY,CHoCH,LIMIT_DEGRADED,SELL,Thursday
2277,3.5378704720087812,16.0,1.8962678375411635,4.0,0.0,1.0,2.5021953896816767,2.753,win,ASIA,IFVG,MARKET,BUY,Friday
2278,0.9014598540145985,25.0,0.08880778588807785,11.0,1.0,1.0,0.3515815085158549,1.1039,win,ASIA,CHoCH,LIMIT,BUY,Friday
2279,4.9632,32.0,1.1088,4.0,0.0,1.0,1.4608000000000174,-0.0003,scratch,NY,IFVG,MARKET,BUY,Friday
2280,1.7530612244897958,104.0,0.7071428571428571,7.0,0.0,1.0,3.038775510204148,-0.0146,scratch,NY,CHoCH,LIMIT_DEGRADED,BUY,Friday
2281,2.1650485436893203,66.0,1.6747572815533982,6.0,0.0,1.0,4.427184466019364,-0.0135,scratch,ASIA,IFVG,MARKET,SELL,Monday
2282,2.738970588235294,30.0,1.1691176470588236,18.0,0.0,1.0,0.05147058823508011,-0.1879,loss,NY,IFVG,MARKET,SELL,Monday
2283,2.1153846153846154,54.0,1.0192307692307692,9.0,0.0,1.0,0.7243589743590443,1.5288,win,NY,CHoCH,LIMIT_DEGRADED,SELL,Monday
2284,1.4868035190615836,52.0,11.909090909090908,18.0,0.0,1.0,3.7565982404690588,-1.0217,loss,ASIA,IFVG,MARKET,SELL,Tuesday
2285,1.2745098039215685,86.0,13.271241830065359,18.0,0.0,1.0,2.3627450980393703,-0.0077,scratch,ASIA,IFVG,MARKET,SELL,Tuesday
2286,1.661319073083779,42.0,0.14260249554367202,11.0,0.0,1.0,0.13903743315519693,-1.0719,loss,NY,CHoCH,LIMIT_DEGRADED,SELL,Tuesday
2287,1.3594009983361066,52.0,0.13311148086522465,6.0,0.0,1.0,0.4342762063228922,5.7827,win,NY,CHoCH,LIMIT_DEGRADED,SELL,Tuesday
2288,1.2437810945273633,34.0,1.0945273631840797,16.0,1.0,0.0,0.8706467661691544,-1.004,loss,ASIA,CHoCH,LIMIT,BUY,Wednesday
2289,0.9326923076923077,56.0,1.4102564102564104,17.0,0.0,0.0,0.3205128205128205,13.3125,win,ASIA,IFVG,MARKET,BUY,Wednesday
2290,1.4441687344913152,66.0,8.243176178660049,13.0,3.0,1.0,1.5409429280397111,5.7582,win,NY,CHoCH,LIMIT,BUY,Wednesday
2291,1.480565371024735,10.0,3.749116607773851,15.0,0.0,1.0,1.4628975265018824,-0.0597,loss,ASIA,IFVG,MARKET,SELL,Thursday
2292,2.7436974789915967,76.0,4.457983193277311,9.0,0.0,1.0,4.294117647058549,-0.0077,scratch,ASIA,IFVG,MARKET,SELL,Thursday
2293,2.6882352941176473,62.0,0.861764705882353,4.0,0.0,1.0,3.6617647058822995,-0.0044,scratch,NY,IFVG,MARKET,SELL,Thursday
2294,1.193771626297578,56.0,3.408304498269896,11.0,1.0,1.0,4.245674740484265,-1.0116,loss,ASIA,CHoCH,LIMIT,BUY,Friday
2295,2.192419825072886,70.0,2.8717201166180755,16.0,2.0,1.0,0.7288629737609329,-1.2553,loss,ASIA,CHoCH,LIMIT,BUY,Friday
2296,1.607929515418502,20.0,5.502202643171806,18.0,1.0,1.0,0.4493392070482498,-0.0164,scratch,NY,CHoCH,LIMIT,BUY,Friday
2297,2.493765586034913,40.0,3.114713216957606,9.0,0.0,1.0,2.204488778054899,1.731,win,NY,IFVG,MARKET,BUY,Friday
2298,1.3454987834549879,48.0,0.0997566909975669,15.0,0.0,1.0,4.973236009732262,-1.0,loss,ASIA,IFVG,MARKET,SELL,Monday
2299,2.067469879518072,57.0,0.09879518072289155,4.0,1.0,1.0,0.21445783132538007,-1.0128,loss,ASIA,CHoCH,LIMIT,SELL,Monday
2300,3.031055900621118,112.0,0.12732919254658384,8.0,0.0,1.0,2.940993788819955,-0.042,loss,ASIA,IFVG,MARKET,SELL,Monday
2301,1.8338192419825072,30.0,3.772594752186589,12.0,0.0,1.0,4.632653061224585,-1.1288,loss,NY,IFVG,MARKET,BUY,Monday
2302,0.8928283642224013,40.0,0.7864625302175664,4.0,0.0,1.0,0.27719580983082265,-1.0027,loss,ASIA,IFVG,MARKET,SELL,Tuesday
2303,1.418636995827538,54.0,1.3574408901251738,4.0,0.0,1.0,0.9429763560501606,-1.0049,loss,ASIA,IFVG,MARKET,SELL,Tuesday
2304,2.2105263157894735,68.0,1.6052631578947367,4.0,0.0,1.0,0.379934210526232,-1.003,loss,ASIA,IFVG,MARKET,SELL,Tuesday
2305,1.246781115879828,16.0,6.843347639484978,14.0,0.0,1.0,0.3862660944204447,1.4509,win,NY,IFVG,MARKET,SELL,Tuesday
2306,2.0434782608695654,66.0,2.2657004830917877,4.0,0.0,1.0,1.0217391304346772,-0.0095,scratch,ASIA,IFVG,MARKET,BUY,Wednesday
2307,3.6504559270516714,100.0,2.8510638297872344,4.0,0.0,1.0,0.5866261398177176,-1.0283,loss,ASIA,CHoCH,LIMIT_DEGRADED,BUY,Wednesday
2308,2.265432098765432,44.0,1.228395061728395,17.0,0.0,1.0,1.3919753086420426,-1.0136,loss,NY,CHoCH,LIMIT_DEGRADED,BUY,Wednesday
2309,1.7963446475195821,94.0,1.0391644908616189,4.0,0.0,1.0,2.3315926892951153,-1.0058,loss,NY,IFVG,MARKET,BUY,Wednesday
2310,2.951588502269289,106.0,0.6021180030257186,13.0,0.0,1.0,3.4841149773070716,-0.0026,scratch,NY,IFVG,MARKET,BUY,Wednesday
2311,2.0865384615384612,36.0,2.7307692307692304,4.0,0.0,0.0,1.4384615384614545,-1.0046,loss,ASIA,IFVG,MARKET,BUY,Thursday
2312,1.8791469194312798,108.0,3.3649289099526065,14.0,0.0,0.0,1.7772511848341233,1.4061,win,ASIA,IFVG,MARKET,BUY,Thursday
2313,1.9485458612975395,36.0,0.002237136465324385,14.0,0.0,0.0,0.21700223713631883,0.0,scratch,NY,CHoCH,LIMIT_DEGRADED,SELL,Thursday
2314,2.5981595092024543,90.0,0.003067484662576687,6.0,0.0,0.0,1.085889570552136,1.0213,win,NY,CHoCH,LIMIT_DEGRADED,SELL,Thursday
2315,1.9967320261437909,30.0,1.8725490196078431,20.0,0.0,0.0,0.7843137254903744,-1.0229,loss,ASIA,IFVG,MARKET,SELL,Friday
2316,2.0112994350282487,72.0,1.6186440677966103,4.0,0.0,0.0,5.590395480225978,1.2837,win,ASIA,IFVG,MARKET,SELL,Friday
2317,1.2857142857142858,46.0,0.4137931034482759,9.0,0.0,1.0,1.5677339901477296,-0.0651,loss,NY,CHoCH,LIMIT_DEGRADED,BUY,Friday
2318,1.4332386363636362,104.0,0.47727272727272724,5.0,0.0,1.0,0.6434659090908729,-0.005,scratch,NY,IFVG,MARKET,BUY,Friday
2319,1.2575516693163753,88.0,2.8044515103338634,21.0,0.0,1.0,0.11287758346582455,-1.0152,loss,ASIA,IFVG,MARKET,SELL,Monday
2320,2.1501014198782964,114.0,3.5780933062880327,21.0,0.0,1.0,3.1602434077078962,-1.0009,loss,ASIA,IFVG,MARKET,SELL,Monday
2321,1.5445544554455444,18.0,4.082036775106082,15.0,0.0,1.0,0.4936350777935914,0.9982,win,NY,IFVG,MARKET,BUY,Monday
2322,1.879770992366412,40.0,0.8645038167938931,5.0,0.0,1.0,1.3072519083968424,-1.0548,loss,ASIA,CHoCH,LIMIT_DEGRADED,BUY,Tuesday
2323,1.1456953642384107,88.0,0.6000000000000001,20.0,1.0,1.0,4.634437086092686,1.0671,win,ASIA,CHoCH,LIMIT,BUY,Tuesday
2324,1.3060380479735318,38.0,5.653432588916459,4.0,1.0,1.0,0.7601323407775442,1.202,win,NY,CHoCH,LIMIT,SELL,Tuesday
2325,1.156957928802589,68.0,2.5711974110032365,16.0,0.0,1.0,1.938511326860918,-0.0993,loss,ASIA,IFVG,MARKET,BUY,Wednesday
2326,1.5008818342151675,102.0,2.802469135802469,18.0,0.0,1.0,2.132275132275158,-0.0294,loss,ASIA,IFVG,MARKET,BUY,Wednesday
2327,1.398510242085661,48.0,1.6126629422718808,6.0,1.0,1.0,0.3780260707634535,-1.0067,loss,NY,CHoCH,LIMIT,BUY,Wednesday
2328,2.036065573770492,62.0,1.419672131147541,13.0,0.0,1.0,2.4213114754099077,-1.0016,loss,NY,IFVG,MARKET,BUY,Wednesday
2329,1.417391304347826,78.0,1.2550724637681159,4.0,0.0,1.0,0.5884057971013754,-1.0051,loss,NY,IFVG,MARKET,BUY,Wednesday
2330,1.490272373540856,54.0,1.6264591439688716,7.0,2.0,1.0,1.5661478599220375,-0.0561,loss,ASIA,CHoCH,LIMIT,BUY,Thursday
2331,3.176923076923077,108.0,2.1435897435897435,4.0,0.0,1.0,0.9871794871795805,-0.0129,scratch,ASIA,CHoCH,LIMIT_DEGRADED,BUY,Thursday
2332,3.2065359477124185,18.0,0.4235294117647059,4.0,0.0,1.0,0.016993464052301847,0.9336,win,NY,CHoCH,LIMIT_DEGRADED,SELL,Thursday
2333,1.0746606334841629,92.0,0.7239819004524888,13.0,1.0,1.0,14.013574660633394,-0.0021,scratch,ASIA,CHoCH,LIMIT,SELL,Friday
2334,1.2875318066157762,52.0,1.700593723494487,16.0,1.0,1.0,3.5843935538591443,-0.0145,scratch,NY,CHoCH,LIMIT,SELL,Friday
2335,2.3546910755148738,96.0,2.294050343249428,10.0,0.0,1.0,1.7848970251716663,-1.0019,loss,NY,IFVG,MARKET,SELL,Friday
2336,1.0901883052527255,30.0,1.7849355797819626,21.0,1.0,1.0,3.676907829534138,-0.0127,scratch,ASIA,CHoCH,LIMIT,SELL,Monday
2337,2.142011834319527,80.0,2.1313609467455623,21.0,0.0,1.0,1.5159763313609942,-1.0022,loss,ASIA,IFVG,MARKET,SELL,Monday
2338,2.2321839080459775,18.0,0.37011494252873567,17.0,0.0,1.0,1.2160919540229802,-1.0062,loss,NY,IFVG,MARKET,BUY,Monday
2339,1.5764023210831721,26.0,0.3114119922630561,6.0,0.0,1.0,0.6808510638296957,-0.0012,scratch,NY,IFVG,MARKET,BUY,Monday
2340,1.7022058823529411,48.0,0.19730392156862747,17.0,0.0,1.0,1.9227941176471213,-1.0288,loss,NY,IFVG,MARKET,BUY,Monday
2341,1.5372714486638537,32.0,1.0731364275668072,20.0,1.0,1.0,4.697609001406418,-1.0549,loss,ASIA,CHoCH,LIMIT,SELL,Tuesday
2342,1.212890625,64.0,1.490234375,20.0,0.0,1.0,3.7539062500000497,-0.0129,scratch,ASIA,IFVG,MARKET,SELL,Tuesday
2343,1.3371592539454806,50.0,2.5451936872309897,17.0,0.0,1.0,1.6728837876613851,-0.0376,loss,NY,CHoCH,LIMIT_DEGRADED,BUY,Tuesday
2344,2.620998719590269,78.0,2.2714468629961586,13.0,0.0,1.0,2.049935979513472,-0.002,scratch,NY,IFVG,MARKET,BUY,Tuesday
2345,1.0840707964601772,21.0,3.1548672566371683,22.0,1.0,0.0,0.33849557522138385,-0.0449,loss,ASIA,CHoCH,LIMIT,BUY,Wednesday
2346,2.1994818652849744,36.0,3.6943005181347153,21.0,0.0,0.0,0.8290155440414037,-1.0612,loss,ASIA,IFVG,MARKET,BUY,Wednesday
2347,1.297921478060046,74.0,3.2933025404157044,21.0,0.0,0.0,4.274826789838177,1.7633,win,ASIA,IFVG,MARKET,BUY,Wednesday
2348,2.387308533916849,34.0,6.428884026258205,15.0,0.0,0.0,0.6258205689277182,-0.011,scratch,NY,IFVG,MARKET,SELL,Wednesday
2349,0.6506717850287909,88.0,5.63915547024952,17.0,0.0,1.0,1.8848368522072378,-1.0885,loss,NY,IFVG,MARKET,SELL,Wednesday
2350,2.247311827956989,94.0,6.318279569892472,16.0,0.0,1.0,1.027956989247257,0.0,scratch,NY,IFVG,MARKET,SELL,Wednesday
2351,1.3483992467043315,24.0,0.6591337099811676,14.0,1.0,1.0,0.14500941619576782,1.0433,win,ASIA,CHoCH,LIMIT,BUY,Thursday
2352,2.0912280701754384,66.0,3.0666666666666664,17.0,1.0,1.0,5.750877192982411,-1.0008,loss,NY,CHoCH,LIMIT,BUY,Thursday
2353,1.264797507788162,24.0,4.797507788161994,11.0,0.0,1.0,0.4485981308409968,-0.0049,scratch,ASIA,IFVG,MARKET,BUY,Friday
2354,3.0997229916897506,58.0,4.265927977839335,20.0,0.0,1.0,1.6814404432134678,-0.0152,scratch,ASIA,IFVG,MARKET,BUY,Friday
2355,3.9868421052631575,86.0,5.065789473684211,4.0,0.0,1.0,2.529605263158062,-1.005,loss,ASIA,CHoCH,LIMIT_DEGRADED,BUY,Friday
2356,2.412177985948478,40.0,4.2716627634660425,17.0,0.0,1.0,4.391100702576113,-0.0068,scratch,NY,IFVG,MARKET,BUY,Friday
2357,2.1557894736842105,66.0,3.84,4.0,0.0,1.0,0.10105263157885547,-1.001,loss,NY,IFVG,MARKET,BUY,Friday
2358,1.1570247933884297,36.0,2.4120425029515937,7.0,0.0,1.0,4.067296340023591,1.2724,win,ASIA,IFVG,MARKET,BUY,Monday
2359,2.1569416498993967,38.0,3.0764587525150904,11.0,1.0,1.0,1.1891348088530895,-0.0009,scratch,NY,CHoCH,LIMIT,BUY,Monday
2360,1.719298245614035,82.0,2.9805068226120857,4.0,0.0,1.0,0.14424951267052274,-1.0079,loss,NY,CHoCH,LIMIT_DEGRADED,BUY,Monday
2361,1.0772357723577235,20.0,0.5833333333333334,21.0,0.0,0.0,1.589430894308884,-1.0208,loss,ASIA,IFVG,MARKET,SELL,Tuesday
2362,1.927797833935018,72.0,1.036101083032491,15.0,1.0,1.0,5.620938628159068,-0.0056,scratch,ASIA,CHoCH,LIMIT,SELL,Tuesday
2363,2.4679802955665027,96.0,1.413793103448276,12.0,0.0,1.0,1.5714285714283744,-1.018,loss,ASIA,IFVG,MARKET,SELL,Tuesday
2364,1.2446483180428136,24.0,1.5412844036697249,17.0,1.0,1.0,1.666666666666611,-0.0049,scratch,NY,CHoCH,LIMIT,SELL,Tuesday
2365,1.4885177453027139,46.0,1.0521920668058455,17.0,0.0,1.0,2.4989561586639364,1.0589,win,NY,IFVG,MARKET,SELL,Tuesday
2366,1.9511494252873562,58.0,0.22701149425287356,21.0,0.0,1.0,3.3764367816091956,-0.0383,loss,ASIA,IFVG,MARKET,BUY,Wednesday
2367,2.284102564102564,52.0,9.382564102564103,19.0,0.0,1.0,2.2933333333332997,-1.0004,loss,NY,IFVG,MARKET,SELL,Wednesday
2368,1.174778761061947,72.0,10.119469026548673,5.0,0.0,1.0,1.0099557522124016,1.2439,win,NY,IFVG,MARKET,SELL,Wednesday
2369,3.95945945945946,36.0,1.0772200772200773,15.0,0.0,0.0,1.140926640926613,-0.0039,scratch,ASIA,IFVG,MARKET,BUY,Thursday
2370,1.1229314420803782,79.0,1.3191489361702127,14.0,1.0,0.0,2.399527186761143,1.0274,win,ASIA,CHoCH,LIMIT,BUY,Thursday
2371,2.480864197530864,48.0,11.011728395061729,17.0,0.0,1.0,1.0580246913580449,-1.005,loss,NY,IFVG,MARKET,SELL,Thursday
2372,1.837738168408113,76.0,10.964351567301781,17.0,0.0,1.0,4.065765212046689,-0.0104,scratch,NY,IFVG,MARKET,SELL,Thursday
2373,1.0620748299319729,106.0,15.169217687074829,17.0,1.0,1.0,0.5017006802720779,-1.0208,loss,NY,CHoCH,LIMIT,SELL,Thursday
2374,1.903899721448468,10.0,0.24233983286908078,21.0,0.0,1.0,2.784122562674064,-0.0029,scratch,ASIA,IFVG,MARKET,SELL,Friday
2375,3.852897473997028,58.0,0.25854383358098065,21.0,0.0,1.0,3.139673105497787,-1.0158,loss,ASIA,IFVG,MARKET,SELL,Friday
2376,1.0966514459665144,44.0,6.761796042617959,21.0,1.0,1.0,6.339421613394229,1.6121,win,ASIA,CHoCH,LIMIT,SELL,Monday
2377,1.4659367396593674,42.0,8.799878345498781,18.0,1.0,1.0,1.8327250608272572,-0.0017,scratch,NY,CHoCH,LIMIT,BUY,Monday
2378,2.2148698884758367,74.0,10.756133828996282,18.0,0.0,1.0,0.020817843866152073,-0.0044,scratch,NY,CHoCH,LIMIT_DEGRADED,BUY,Monday
2379,1.8809859154929578,114.0,10.188028169014084,17.0,0.0,1.0,0.8049295774647452,-0.0079,scratch,NY,CHoCH,LIMIT_DEGRADED,BUY,Monday
2380,3.3927203065134104,42.0,3.8764367816091956,21.0,0.0,1.0,0.6360153256705294,-0.0037,scratch,ASIA,IFVG,MARKET,SELL,Tuesday
2381,4.006244424620873,66.0,3.6101694915254234,21.0,0.0,1.0,0.44870651204279616,-1.0027,loss,ASIA,CHoCH,LIMIT_DEGRADED,SELL,Tuesday
2382,1.6151046405823475,102.0,3.6824385805277524,21.0,0.0,1.0,2.195632393084632,-1.0085,loss,ASIA,IFVG,MARKET,SELL,Tuesday
2383,2.120240480961924,34.0,0.439879759519038,17.0,1.0,1.0,0.19238476953908543,-1.0005,loss,NY,CHoCH,LIMIT,SELL,Tuesday
2384,1.337222870478413,98.0,0.5122520420070011,17.0,0.0,1.0,6.018669778296374,-1.007,loss,NY,IFVG,MARKET,SELL,Tuesday
2385,1.1375464684014869,106.0,0.543990086741016,18.0,0.0,1.0,0.39776951672862904,-1.012,loss,NY,IFVG,MARKET,SELL,Tuesday
2386,3.317965023847377,6.0,5.8171701112877585,21.0,0.0,1.0,1.5278219395865935,-0.0086,scratch,ASIA,IFVG,MARKET,BUY,Wednesday
2387,1.0110803324099724,14.0,1.9141274238227148,17.0,1.0,1.0,2.6232686980608864,-0.0014,scratch,NY,CHoCH,LIMIT,SELL,Wednesday
2388,1.9860896445131375,36.0,2.136012364760433,17.0,0.0,1.0,0.7836166924265393,-0.0125,scratch,NY,IFVG,MARKET,SELL,Wednesday
2389,1.5241379310344827,22.0,3.4482758620689657,15.0,0.0,0.0,1.1620689655172038,-1.0079,loss,ASIA,IFVG,MARKET,BUY,Thursday
2390,2.056603773584906,42.0,4.1928721174004195,21.0,0.0,0.0,0.6205450733752698,-1.0347,loss,ASIA,IFVG,MARKET,BUY,Thursday
2391,1.2222222222222223,60.0,3.9682539682539684,21.0,1.0,0.0,0.734126984126948,-1.0065,loss,ASIA,CHoCH,LIMIT,BUY,Thursday
2392,1.7445141065830723,32.0,6.559561128526646,17.0,0.0,1.0,2.8181818181818925,-0.0395,loss,NY,IFVG,MARKET,SELL,Thursday
2393,0.8968335035750766,58.0,4.274770173646579,4.0,1.0,1.0,0.6690500510725417,-0.0581,loss,NY,CHoCH,LIMIT,SELL,Thursday
2394,1.9200000000000002,104.0,4.65,17.0,0.0,1.0,2.5577777777778263,5.4133,win,NY,IFVG,MARKET,SELL,Thursday
2395,1.562015503875969,20.0,3.4631782945736433,21.0,0.0,0.0,1.4496124031006905,-1.0149,loss,ASIA,IFVG,MARKET,SELL,Friday
2396,1.2776470588235294,48.0,4.2047058823529415,30.0,0.0,0.0,4.905882352941262,-1.0976,loss,ASIA,IFVG,MARKET,SELL,Friday
2397,1.812877263581489,80.0,3.5955734406438635,21.0,0.0,1.0,3.895372233400337,-1.0067,loss,ASIA,IFVG,MARKET,SELL,Friday
2398,2.3152610441767063,16.0,1.8453815261044173,17.0,0.0,1.0,1.4076305220883971,-1.0009,loss,NY,IFVG,MARKET,BUY,Friday
2399,1.9642857142857142,40.0,1.3675595238095237,17.0,0.0,1.0,1.4910714285714937,-0.028,loss,NY,IFVG,MARKET,BUY,Friday
2400,0.6640726329442282,92.0,1.191958495460441,17.0,0.0,1.0,0.6783398184175828,-0.0352,loss,NY,IFVG,MARKET,BUY,Friday
2401,2.900390625,42.0,3.1259765624999996,21.0,0.0,1.0,1.4912109374999538,-1.003,loss,ASIA,IFVG,MARKET,SELL,Monday
2402,1.3706720977596742,56.0,11.80040733197556,17.0,0.0,1.0,1.05702647657833,-0.0698,loss,NY,CHoCH,LIMIT_DEGRADED,BUY,Monday
2403,1.6779661016949152,68.0,9.820338983050846,17.0,0.0,1.0,0.16101694915251152,-1.0192,loss,NY,CHoCH,LIMIT_DEGRADED,BUY,Monday
2404,1.8846918489065607,92.0,11.518886679920476,17.0,0.0,1.0,1.0337972166997649,-1.0253,loss,NY,CHoCH,LIMIT_DEGRADED,BUY,Monday
2405,2.1381011097410605,26.0,0.5856966707768188,21.0,0.0,1.0,3.094944512946912,5.0949,win,ASIA,IFVG,MARKET,BUY,Tuesday
2406,1.4335548172757477,20.0,4.038205980066445,17.0,0.0,1.0,0.8953488372093568,-0.007,scratch,NY,IFVG,MARKET,BUY,Tuesday
2407,2.4743589743589745,70.0,4.4523809523809526,17.0,0.0,1.0,0.8333333333333667,1.6151,win,NY,IFVG,MARKET,BUY,Tuesday
2408,1.9373881932021468,42.0,2.858676207513417,21.0,0.0,1.0,1.0554561717351765,-0.0009,scratch,ASIA,CHoCH,LIMIT_DEGRADED,BUY,Wednesday
2409,1.1734860883797054,64.0,2.6153846153846154,21.0,0.0,1.0,0.5188216039279988,-1.0084,loss,ASIA,CHoCH,LIMIT_DEGRADED,BUY,Wednesday
2410,1.9611901681759378,70.0,2.0672703751617076,21.0,0.0,1.0,1.357050452781343,-1.0106,loss,ASIA,IFVG,MARKET,BUY,Wednesday
2411,1.5890652557319225,30.0,8.11111111111111,17.0,0.0,1.0,5.045855379188655,-0.0178,scratch,NY,IFVG,MARKET,BUY,Wednesday
2412,2.6913099870298316,46.0,5.964980544747082,12.0,0.0,1.0,0.11024643320356087,-1.0005,loss,NY,CHoCH,LIMIT_DEGRADED,BUY,Wednesday
2413,2.668421052631579,81.0,8.06842105263158,17.0,2.0,1.0,1.8105263157895821,-0.0072,scratch,NY,CHoCH,LIMIT,BUY,Wednesday
2414,1.7343749999999998,6.0,0.5848214285714285,23.0,0.0,0.0,0.6919642857143669,-0.045,loss,ASIA,IFVG,MARKET,BUY,Thursday
2415,2.776991150442478,72.0,0.231858407079646,39.0,0.0,1.0,5.301769911504492,-1.0061,loss,ASIA,IFVG,MARKET,BUY,Thursday
2416,2.474147414741474,98.0,0.14411441144114412,21.0,0.0,1.0,4.075907590759046,-1.0009,loss,ASIA,IFVG,MARKET,BUY,Thursday
2417,1.2949640287769786,32.0,11.89748201438849,17.0,0.0,1.0,3.5467625899281034,-0.0319,loss,NY,IFVG,MARKET,SELL,Thursday
2418,4.496359223300971,64.0,8.027912621359224,17.0,4.0,1.0,0.24150485436901592,-1.0119,loss,NY,CHoCH,LIMIT,SELL,Thursday
2419,1.6625441696113075,18.0,3.4134275618374557,21.0,0.0,1.0,1.796819787985718,-0.0627,loss,ASIA,IFVG,MARKET,SELL,Monday
2420,0.5533980582524272,54.0,4.689320388349515,21.0,1.0,1.0,0.06067961165048544,-1.0132,loss,ASIA,CHoCH,LIMIT,SELL,Monday
2421,2.581439393939394,78.0,3.659090909090909,21.0,0.0,1.0,4.034090909090943,-1.0037,loss,ASIA,IFVG,MARKET,SELL,Monday
2422,2.6220806794055203,32.0,4.834394904458598,16.0,0.0,1.0,4.067940552016954,-0.0032,scratch,NY,IFVG,MARKET,BUY,Monday
2423,1.950920245398773,84.0,4.656441717791411,17.0,0.0,1.0,2.9345603271982528,-0.0031,scratch,NY,IFVG,MARKET,BUY,Monday
2424,1.5026315789473685,112.0,2.9960526315789475,17.0,0.0,1.0,0.4473684210527034,-0.0245,loss,NY,CHoCH,LIMIT_DEGRADED,BUY,Monday
2425,1.2760416666666667,50.0,0.328125,21.0,1.0,0.0,2.166666666666591,-0.0204,loss,ASIA,CHoCH,LIMIT,SELL,Tuesday
2426,0.4156626506024096,66.0,0.12650602409638553,21.0,0.0,1.0,0.21084337349401241,-1.57,loss,ASIA,CHoCH,LIMIT_DEGRADED,SELL,Tuesday
2427,2.953488372093023,70.0,0.08618331053351573,21.0,0.0,1.0,0.41176470588238284,-0.0107,scratch,ASIA,IFVG,MARKET,SELL,Tuesday
2428,2.9959016393442623,22.0,1.040983606557377,17.0,0.0,1.0,1.0389344262294486,-1.0021,loss,NY,IFVG,MARKET,BUY,Tuesday
2429,2.7742616033755274,56.0,1.0717299578059072,4.0,0.0,1.0,2.4324894514769313,-1.0205,loss,NY,IFVG,MARKET,BUY,Tuesday
2430,2.017799352750809,110.0,0.8220064724919094,17.0,0.0,1.0,2.4093851132685145,-1.0056,loss,NY,IFVG,MARKET,BUY,Tuesday
2431,1.2052785923753666,38.0,6.618768328445747,21.0,0.0,1.0,2.9398826979472408,-1.0012,loss,ASIA,IFVG,MARKET,BUY,Wednesday
2432,1.37874251497006,53.0,6.757485029940121,21.0,1.0,1.0,0.4685628742515134,-1.0087,loss,ASIA,CHoCH,LIMIT,BUY,Wednesday
2433,1.7969187675070029,70.0,6.322128851540617,21.0,0.0,1.0,0.3557422969187624,-1.0016,loss,ASIA,CHoCH,LIMIT_DEGRADED,BUY,Wednesday
2434,0.7173396674584324,8.0,1.4251781472684086,17.0,0.0,1.0,2.068883610451315,-1.043,loss,NY,IFVG,MARKET,SELL,Wednesday
2435,3.4050925925925926,20.0,1.3888888888888888,17.0,0.0,1.0,0.3402777777776262,-0.0014,scratch,NY,IFVG,MARKET,SELL,Wednesday
2436,2.2066666666666666,50.0,1.3333333333333333,17.0,0.0,1.0,0.7733333333332363,-0.004,scratch,NY,CHoCH,LIMIT_DEGRADED,SELL,Wednesday
2437,2.8860103626943006,22.0,0.4533678756476684,21.0,0.0,1.0,3.63471502590667,-0.0054,scratch,ASIA,IFVG,MARKET,BUY,Thursday
2438,2.422391857506361,62.0,0.44529262086513993,21.0,0.0,1.0,1.928753180661559,-1.0053,loss,ASIA,IFVG,MARKET,BUY,Thursday
2439,2.061041292639138,68.0,0.3141831238779174,20.0,0.0,1.0,2.4344703770198204,-0.0148,scratch,ASIA,IFVG,MARKET,BUY,Thursday
2440,0.8392370572207085,32.0,9.59400544959128,17.0,0.0,1.0,5.106267029972693,-0.0032,scratch,NY,IFVG,MARKET,BUY,Thursday
2441,1.2188940092165899,94.0,8.112903225806452,17.0,1.0,1.0,0.5345622119814998,1.9225,win,NY,CHoCH,LIMIT,BUY,Thursday
2442,1.5096952908587258,16.0,0.24653739612188366,37.0,0.0,1.0,2.6537396121883456,-0.0018,scratch,ASIA,IFVG,MARKET,BUY,Friday
2443,1.380239520958084,74.0,0.26646706586826346,21.0,0.0,1.0,0.05988023952090363,-0.0477,loss,ASIA,CHoCH,LIMIT_DEGRADED,BUY,Friday
2444,1.4069767441860466,116.0,0.20697674418604653,21.0,0.0,1.0,2.1023255813953403,-1.081,loss,ASIA,IFVG,MARKET,BUY,Friday
2445,1.3993288590604027,20.0,4.046979865771812,16.0,0.0,1.0,0.14093959731546066,-1.0552,loss,NY,CHoCH,LIMIT_DEGRADED,BUY,Friday
2446,3.99,32.0,3.015,17.0,0.0,1.0,1.1224999999999454,-0.0583,loss,NY,IFVG,MARKET,BUY,Friday
2447,1.708984375,96.0,2.205078125,21.0,0.0,1.0,0.6406249999999503,-1.0446,loss,ASIA,IFVG,MARKET,BUY,Monday
2448,1.6488549618320612,20.0,0.44783715012722647,18.0,0.0,1.0,2.3689567430026464,-0.0262,loss,NY,IFVG,MARKET,SELL,Monday
2449,0.9138381201044387,40.0,0.4595300261096606,17.0,0.0,1.0,0.049608355091279324,-1.0057,loss,NY,CHoCH,LIMIT_DEGRADED,SELL,Monday
2450,1.5069767441860467,82.0,0.40930232558139534,17.0,0.0,1.0,4.9790697674418265,-1.0046,loss,NY,IFVG,MARKET,SELL,Monday
2451,2.3215686274509806,8.0,0.8745098039215686,21.0,0.0,1.0,2.054901960784585,1.4274,win,ASIA,IFVG,MARKET,BUY,Tuesday
2452,2.471464019851117,32.0,0.771712158808933,17.0,0.0,1.0,2.8014888337468893,-1.007,loss,NY,IFVG,MARKET,BUY,Tuesday
2453,1.7038961038961038,58.0,0.8077922077922077,17.0,0.0,1.0,1.8259740259739599,5.6097,win,NY,IFVG,MARKET,BUY,Tuesday
2454,2.3666666666666667,16.0,0.9433333333333334,21.0,1.0,0.0,0.15333333333334545,-0.0014,scratch,ASIA,CHoCH,LIMIT,SELL,Wednesday
2455,2.263537906137184,66.0,1.0216606498194947,22.0,0.0,0.0,2.1407942238264916,-1.0,loss,ASIA,IFVG,MARKET,SELL,Wednesday
2456,2.9473684210526314,82.0,0.38191632928475033,21.0,0.0,1.0,4.500674763832707,1.31,win,ASIA,IFVG,MARKET,SELL,Wednesday
2457,1.6765432098765434,104.0,2.049382716049383,17.0,0.0,1.0,2.303703703703686,-1.0,loss,NY,IFVG,MARKET,SELL,Wednesday
2458,2.695652173913044,40.0,4.978260869565218,21.0,0.0,1.0,3.1195652173915156,-0.0013,scratch,ASIA,IFVG,MARKET,BUY,Thursday
2459,1.3234200743494424,82.0,5.107806691449814,5.0,0.0,1.0,1.3494423791821968,-1.0,loss,ASIA,IFVG,MARKET,BUY,Thursday
2460,2.3386581469648564,106.0,4.389776357827476,21.0,0.0,1.0,4.357827476038444,-0.0096,scratch,ASIA,IFVG,MARKET,BUY,Thursday
2461,2.0622837370242215,16.0,0.7785467128027681,17.0,0.0,1.0,1.605536332180044,-0.0101,scratch,NY,IFVG,MARKET,BUY,Thursday
2462,2.4841498559077806,101.0,0.648414985590778,17.0,1.0,1.0,0.9913544668586742,-1.0035,loss,NY,CHoCH,LIMIT,BUY,Thursday
2463,2.660550458715596,52.0,1.3348623853211008,21.0,0.0,1.0,4.3623853211010175,2.2448,win,ASIA,IFVG,MARKET,SELL,Friday
2464,1.206896551724138,20.0,2.893103448275862,16.0,1.0,1.0,0.3551724137930157,7.6418,win,NY,CHoCH,LIMIT,BUY,Friday
2465,2.281967213114754,52.0,6.068852459016394,21.0,0.0,1.0,4.5573770491805075,-1.0115,loss,ASIA,IFVG,MARKET,SELL,Monday
2466,0.89769820971867,118.0,4.734015345268542,21.0,0.0,1.0,11.872122762148123,5.7949,win,ASIA,IFVG,MARKET,SELL,Monday
2467,2.1176470588235294,15.0,6.4145658263305325,17.0,1.0,1.0,0.896358543417316,-0.004,scratch,NY,CHoCH,LIMIT,BUY,Monday
2468,3.1439588688946016,70.0,5.886889460154241,17.0,0.0,1.0,1.2853470437017995,-0.0082,scratch,NY,IFVG,MARKET,BUY,Monday
2469,3.225806451612903,26.0,1.4926686217008798,21.0,0.0,1.0,2.618768328445833,2.0327,win,ASIA,IFVG,MARKET,SELL,Tuesday
2470,1.8819188191881917,17.0,1.051660516605166,16.0,1.0,1.0,0.2546125461253136,1.3118,win,NY,CHoCH,LIMIT,SELL,Tuesday
2471,1.3389261744966443,33.0,4.10738255033557,21.0,1.0,1.0,0.2550335570470531,-1.0175,loss,ASIA,CHoCH,LIMIT,BUY,Wednesday
2472,1.3654618473895581,48.0,4.9156626506024095,21.0,1.0,1.0,0.7309236947793648,-1.0,loss,ASIA,CHoCH,LIMIT,BUY,Wednesday
2473,2.532319391634981,64.0,4.653992395437263,21.0,0.0,1.0,1.3954372623574423,-1.0,loss,ASIA,IFVG,MARKET,BUY,Wednesday
2474,2.80859375,12.0,1.0546875,17.0,0.0,1.0,1.617187500000128,-1.0056,loss,NY,IFVG,MARKET,SELL,Wednesday
2475,2.775757575757576,32.0,0.8181818181818182,17.0,0.0,1.0,2.1999999999997906,-0.0076,scratch,NY,IFVG,MARKET,SELL,Wednesday
2476,2.3534246575342466,72.0,0.7397260273972603,17.0,0.0,1.0,0.9753424657532851,-1.014,loss,NY,CHoCH,LIMIT_DEGRADED,SELL,Wednesday
2477,1.8151260504201683,59.0,0.5994397759103642,21.0,1.0,1.0,6.8403361344538025,5.8252,win,ASIA,CHoCH,LIMIT,SELL,Thursday
2478,1.6526315789473685,32.0,1.6273684210526316,9.0,1.0,1.0,0.39157894736835214,-1.0166,loss,NY,CHoCH,LIMIT,BUY,Thursday
2479,1.6945169712793733,84.0,2.0182767624020888,17.0,0.0,1.0,1.9712793733679561,-0.0062,scratch,NY,IFVG,MARKET,BUY,Thursday
2480,1.5384615384615385,16.0,0.33903133903133903,21.0,0.0,0.0,0.3874643874645533,-0.0019,scratch,ASIA,CHoCH,LIMIT_DEGRADED,BUY,Friday
2481,2.1838235294117645,54.0,0.43749999999999994,21.0,0.0,0.0,2.011029411764465,-0.0084,scratch,ASIA,CHoCH,LIMIT_DEGRADED,BUY,Friday
2482,1.6807909604519775,68.0,0.33615819209039544,17.0,0.0,0.0,0.42655367231644586,-0.0067,scratch,ASIA,CHoCH,LIMIT_DEGRADED,BUY,Friday
2483,1.8271186440677964,14.0,6.508474576271186,17.0,1.0,0.0,0.5627118644067303,-1.0074,loss,NY,CHoCH,LIMIT,BUY,Friday
2484,1.9343434343434345,30.0,4.848484848484849,17.0,1.0,0.0,0.4974747474748118,-1.0013,loss,NY,CHoCH,LIMIT,BUY,Friday
2485,2.2184873949579833,58.0,5.378151260504202,17.0,0.0,0.0,3.686274509803881,-0.0189,scratch,NY,IFVG,MARKET,BUY,Friday
2486,3.0327868852459017,74.0,0.8278688524590164,23.0,0.0,1.0,6.149590163934285,-1.0034,loss,ASIA,IFVG,MARKET,SELL,Monday
2487,2.015923566878981,29.0,0.07961783439490445,17.0,1.0,1.0,2.3375796178344412,1.6714,win,NY,CHoCH,LIMIT,SELL,Monday
2488,2.555066079295154,98.0,1.0396475770925109,21.0,0.0,1.0,3.4669603524228596,-1.0241,loss,ASIA,IFVG,MARKET,BUY,Tuesday
2489,1.1369369369369369,20.0,14.192792792792792,17.0,0.0,1.0,4.077477477477498,-1.019,loss,NY,IFVG,MARKET,SELL,Tuesday
2490,3.337159253945481,26.0,11.3012912482066,12.0,0.0,1.0,4.837876614060295,-1.0082,loss,NY,IFVG,MARKET,SELL,Tuesday
2491,3.076109936575053,62.0,16.653276955602536,17.0,0.0,1.0,3.054968287526388,0.0,scratch,NY,IFVG,MARKET,SELL,Tuesday
2492,1.127659574468085,46.0,1.1574468085106384,21.0,1.0,1.0,0.40000000000021674,-1.0075,loss,ASIA,CHoCH,LIMIT,BUY,Wednesday
2493,2.7416267942583734,58.0,1.3014354066985647,21.0,0.0,1.0,1.5023923444977645,-1.0052,loss,ASIA,IFVG,MARKET,BUY,Wednesday
2494,1.877717391304348,96.0,0.7391304347826088,21.0,1.0,1.0,5.47282608695661,-0.0159,scratch,ASIA,CHoCH,LIMIT,BUY,Wednesday
2495,1.735593220338983,24.0,7.410169491525423,4.0,0.0,1.0,0.28135593220336513,2.0469,win,NY,IFVG,MARKET,SELL,Wednesday
2496,2.2043010752688175,39.0,3.594982078853046,21.0,2.0,1.0,0.587813620071476,1.4602,win,ASIA,CHoCH,LIMIT,BUY,Thursday
2497,2.083116883116883,22.0,10.493506493506493,15.0,0.0,1.0,0.5714285714285242,-1.0125,loss,NY,IFVG,MARKET,BUY,Thursday
2498,2.26555023923445,54.0,9.66507177033493,17.0,0.0,1.0,0.9258373205741366,-0.0084,scratch,NY,IFVG,MARKET,BUY,Thursday
2499,1.5560344827586208,58.0,1.6508620689655173,21.0,0.0,1.0,1.2974137931031504,-0.0028,scratch,ASIA,CHoCH,LIMIT_DEGRADED,SELL,Friday
2500,4.44949494949495,106.0,1.9343434343434345,20.0,0.0,1.0,1.17676767676764,-1.0193,loss,ASIA,CHoCH,LIMIT_DEGRADED,SELL,Friday
2501,2.1743697478991595,34.0,4.764705882352941,17.0,0.0,1.0,5.913865546218411,-0.001,scratch,NY,IFVG,MARKET,SELL,Friday
2502,1.6266233766233764,78.0,7.363636363636363,25.0,2.0,1.0,0.3961038961039788,-0.022,loss,NY,CHoCH,LIMIT,SELL,Friday
2503,1.178030303030303,52.0,2.0303030303030303,16.0,0.0,1.0,0.13257575757589538,-1.0032,loss,ASIA,IFVG,MARKET,SELL,Monday
2504,1.8727272727272728,62.0,1.9490909090909092,21.0,0.0,1.0,1.3090909090910414,1.3592,win,ASIA,IFVG,MARKET,SELL,Monday
2505,2.508860759493671,26.0,7.364556962025316,17.0,0.0,1.0,4.926582278481022,-0.0202,loss,NY,IFVG,MARKET,SELL,Monday
2506,2.449591280653951,60.0,7.926430517711172,17.0,0.0,1.0,1.1852861035423334,-0.0011,scratch,NY,IFVG,MARKET,SELL,Monday
2507,2.1635220125786168,98.0,6.098532494758911,17.0,0.0,1.0,1.1572327044024167,-0.001,scratch,NY,CHoCH,LIMIT_DEGRADED,SELL,Monday
2508,1.394736842105263,16.0,0.2706766917293233,21.0,0.0,0.0,3.0714285714285987,1.2722,win,ASIA,IFVG,MARKET,SELL,Tuesday
2509,1.3354231974921629,10.0,6.263322884012539,17.0,0.0,1.0,1.57053291536057,1.77,win,NY,IFVG,MARKET,BUY,Tuesday
2510,1.8116438356164384,18.0,6.767123287671233,21.0,0.0,1.0,1.2397260273972228,4.9828,win,ASIA,IFVG,MARKET,BUY,Wednesday
2511,3.4031339031339036,26.0,5.173789173789174,17.0,0.0,1.0,6.273504273504269,-0.0008,scratch,NY,IFVG,MARKET,BUY,Wednesday
2512,3.469750889679715,12.0,1.099644128113879,21.0,0.0,1.0,2.1209964412811515,-1.0092,loss,ASIA,IFVG,MARKET,BUY,Thursday
2513,1.488372093023256,50.0,1.026578073089701,21.0,0.0,1.0,3.0166112956810394,-1.0179,loss,ASIA,IFVG,MARKET,BUY,Thursday
2514,1.4177215189873416,60.0,1.3037974683544302,21.0,0.0,1.0,0.13924050632908322,-1.0,loss,ASIA,IFVG,MARKET,BUY,Thursday
2515,3.2053333333333334,32.0,6.336,17.0,0.0,1.0,1.6959999999999127,0.0,scratch,NY,IFVG,MARKET,BUY,Thursday
2516,2.0144578313253008,78.0,5.725301204819277,13.0,0.0,1.0,4.043373493975842,1.012,win,NY,IFVG,MARKET,BUY,Thursday
2517,2.7131147540983607,24.0,3.060109289617486,17.0,0.0,0.0,2.0765027322405363,1.3484,win,ASIA,IFVG,MARKET,BUY,Friday
2518,1.5785340314136127,18.0,0.8403141361256545,15.0,0.0,1.0,2.8298429319372778,1.7313,win,NY,IFVG,MARKET,BUY,Friday
2519,2.5742358078602616,54.0,0.17248908296943233,37.0,0.0,1.0,1.4694323144105836,-1.0068,loss,ASIA,IFVG,MARKET,SELL,Monday
2520,2.192452830188679,92.0,0.14905660377358493,21.0,0.0,1.0,2.3924528301887342,-0.0086,scratch,ASIA,IFVG,MARKET,SELL,Monday
2521,0.9677996422182469,48.0,0.5957066189624329,16.0,1.0,1.0,4.930232558139607,-1.0,loss,NY,CHoCH,LIMIT,SELL,Monday
2522,1.7743190661478598,108.0,0.6478599221789884,16.0,0.0,1.0,10.278210116731504,1.0537,win,NY,IFVG,MARKET,SELL,Monday
2523,1.2058823529411766,80.0,3.0686274509803924,21.0,0.0,1.0,3.223529411764628,-1.013,loss,ASIA,IFVG,MARKET,BUY,Tuesday
2524,1.9541666666666668,110.0,3.260416666666667,23.0,0.0,1.0,4.7937500000000455,-1.0096,loss,ASIA,IFVG,MARKET,BUY,Tuesday
2525,2.031055900621118,37.0,2.7370600414078674,17.0,3.0,1.0,0.016563146997914543,-1.0092,loss,NY,CHoCH,LIMIT,SELL,Tuesday
2526,1.824803149606299,58.0,2.6023622047244097,17.0,0.0,1.0,2.297244094488203,1.0421,win,NY,CHoCH,LIMIT_DEGRADED,SELL,Tuesday
2527,1.3148148148148149,10.0,0.34920634920634924,21.0,0.0,1.0,0.9100529100530449,1.4326,win,ASIA,IFVG,MARKET,SELL,Wednesday
2528,1.0346820809248556,70.0,1.9739884393063585,17.0,0.0,1.0,1.8612716763004624,-1.0168,loss,NY,CHoCH,LIMIT_DEGRADED,SELL,Wednesday
2529,1.218543046357616,78.0,2.26158940397351,17.0,0.0,1.0,0.18543046357629145,-1.0299,loss,NY,IFVG,MARKET,SELL,Wednesday
2530,2.102836879432624,90.0,2.421985815602837,17.0,0.0,1.0,1.478723404255345,0.0,scratch,NY,IFVG,MARKET,SELL,Wednesday
2531,3.009646302250804,36.0,0.06752411575562701,21.0,0.0,1.0,2.5562700964629643,-1.0032,loss,ASIA,IFVG,MARKET,SELL,Thursday
2532,2.8164383561643835,64.0,0.057534246575342465,21.0,0.0,1.0,0.6273972602739627,-0.0039,scratch,ASIA,IFVG,MARKET,SELL,Thursday
2533,2.2430167597765363,44.0,0.18156424581005587,17.0,0.0,1.0,1.73463687150839,-0.01,scratch,NY,IFVG,MARKET,SELL,Thursday
2534,1.079155672823219,56.0,0.17150395778364116,17.0,0.0,1.0,0.1424802110817846,-1.0318,loss,NY,CHoCH,LIMIT_DEGRADED,SELL,Thursday
2535,1.7928802588996764,76.0,0.2103559870550162,17.0,0.0,1.0,0.0323624595470433,4.3086,win,NY,CHoCH,LIMIT_DEGRADED,SELL,Thursday
2536,2.326642335766423,24.0,0.8412408759124087,21.0,0.0,1.0,0.8229927007299668,1.1812,win,ASIA,IFVG,MARKET,SELL,Friday
2537,2.1891191709844557,18.0,10.106217616580311,17.0,0.0,1.0,0.6528497409327556,-1.0,loss,NY,CHoCH,LIMIT_DEGRADED,SELL,Friday
2538,1.9259259259259258,32.0,9.030092592592592,17.0,0.0,1.0,0.8148148148147053,-0.0036,scratch,NY,CHoCH,LIMIT_DEGRADED,SELL,Friday
2539,1.3269961977186313,88.0,7.416349809885931,17.0,0.0,1.0,1.496197718631158,2.7307,win,NY,CHoCH,LIMIT_DEGRADED,SELL,Friday
2540,1.7313953488372094,56.0,0.6046511627906977,5.0,4.0,1.0,0.4337209302325074,-0.0034,scratch,ASIA,CHoCH,LIMIT,SELL,Monday
2541,1.7868020304568528,24.0,3.969543147208122,17.0,0.0,1.0,1.5279187817257682,1.4091,win,NY,IFVG,MARKET,BUY,Monday
2542,2.2244008714596952,22.0,0.4967320261437908,4.0,0.0,1.0,1.897603485838788,-1.0215,loss,ASIA,IFVG,MARKET,BUY,Tuesday
2543,1.541237113402062,69.0,0.5876288659793814,21.0,1.0,1.0,4.507731958762831,-1.0284,loss,ASIA,CHoCH,LIMIT,BUY,Tuesday
2544,2.5512195121951224,96.0,0.5560975609756098,21.0,0.0,1.0,1.6317073170730734,-0.0019,scratch,ASIA,IFVG,MARKET,BUY,Tuesday
2545,1.7485714285714287,16.0,5.92,17.0,0.0,1.0,1.0085714285716156,-1.0163,loss,NY,IFVG,MARKET,SELL,Tuesday
2546,1.5905292479108635,53.0,5.77158774373259,17.0,1.0,1.0,0.7938718662951126,6.3374,win,NY,CHoCH,LIMIT,SELL,Tuesday
2547,2.9243498817966898,62.0,0.8203309692671394,21.0,1.0,1.0,2.4137115839243584,-1.0178,loss,ASIA,CHoCH,LIMIT,BUY,Wednesday
2548,2.859375,112.0,0.4518229166666667,20.0,0.0,1.0,4.558593750000028,-1.0132,loss,ASIA,IFVG,MARKET,BUY,Wednesday
2549,2.064655172413793,26.0,8.508620689655173,17.0,1.0,1.0,1.3534482758618183,-0.0063,scratch,NY,CHoCH,LIMIT,BUY,Wednesday
2550,1.8811369509043927,106.0,5.100775193798449,17.0,0.0,1.0,2.8191214470283863,-1.0549,loss,NY,IFVG,MARKET,BUY,Wednesday
2551,1.5535055350553506,10.0,2.0036900369003687,21.0,0.0,0.0,1.033210332103388,-0.0261,loss,ASIA,IFVG,MARKET,BUY,Thursday
2552,1.6492537313432838,30.0,1.3507462686567164,21.0,0.0,1.0,0.7363184079602081,-0.0075,scratch,ASIA,IFVG,MARKET,BUY,Thursday
2553,2.925287356321839,70.0,1.5603448275862069,21.0,0.0,1.0,0.4540229885057262,-0.002,scratch,ASIA,IFVG,MARKET,BUY,Thursday
2554,3.055555555555556,16.0,6.6631944444444455,17.0,0.0,1.0,0.8263888888889268,-0.0114,scratch,NY,IFVG,MARKET,SELL,Thursday
2555,1.8574561403508776,48.0,4.208333333333334,17.0,0.0,1.0,0.0921052631579107,-0.0083,scratch,NY,CHoCH,LIMIT_DEGRADED,SELL,Thursday
2556,2.030674846625767,106.0,3.924335378323109,17.0,0.0,1.0,0.3108384458076743,-1.0363,loss,NY,CHoCH,LIMIT_DEGRADED,SELL,Thursday
2557,1.8823529411764708,17.0,1.8991596638655461,20.0,1.0,0.0,0.19327731092438505,-1.058,loss,ASIA,CHoCH,LIMIT,SELL,Friday
2558,2.679324894514768,48.0,1.9071729957805905,21.0,0.0,0.0,2.7974683544304257,-0.0047,scratch,ASIA,IFVG,MARKET,SELL,Friday
2559,2.2740384615384617,66.0,1.0865384615384615,21.0,1.0,0.0,0.06250000000005247,-0.0053,scratch,ASIA,CHoCH,LIMIT,SELL,Friday
2560,3.2406947890818856,30.0,1.3275434243176176,14.0,0.0,0.0,3.1761786600494473,1.1424,win,NY,IFVG,MARKET,SELL,Friday
2561,1.120689655172414,48.0,2.711206896551724,13.0,0.0,1.0,4.112068965517226,-0.0038,scratch,ASIA,IFVG,MARKET,BUY,Monday
2562,1.680115273775216,62.0,1.812680115273775,21.0,0.0,1.0,1.3688760806916427,-1.0395,loss,ASIA,IFVG,MARKET,BUY,Monday
2563,1.809069212410501,82.0,1.5011933174224343,21.0,0.0,1.0,1.3532219570405901,-0.0026,scratch,ASIA,IFVG,MARKET,BUY,Monday
2564,1.1333333333333335,24.0,2.415686274509804,17.0,0.0,1.0,6.545098039215887,2.3633,win,NY,IFVG,MARKET,BUY,Monday
2565,1.5627118644067797,18.0,3.172881355932203,21.0,0.0,1.0,0.2881355932204623,-0.0087,scratch,ASIA,IFVG,MARKET,SELL,Tuesday
2566,1.5479041916167666,38.0,2.802395209580838,21.0,0.0,1.0,0.0958083832334458,-0.0097,scratch,ASIA,CHoCH,LIMIT_DEGRADED,SELL,Tuesday
2567,0.7527173913043478,76.0,2.543478260869565,7.0,0.0,1.0,0.5543478260869467,-0.0108,scratch,ASIA,IFVG,MARKET,SELL,Tuesday
2568,1.50126582278481,24.0,7.205063291139241,17.0,0.0,1.0,0.9999999999999539,-0.0354,loss,NY,IFVG,MARKET,SELL,Tuesday
2569,1.4036458333333333,72.0,7.411458333333334,17.0,0.0,1.0,4.169270833333391,-1.0019,loss,NY,CHoCH,LIMIT_DEGRADED,SELL,Tuesday
2570,2.9800995024875627,112.0,7.079601990049752,17.0,0.0,1.0,1.2039800995025238,-0.0058,scratch,NY,IFVG,MARKET,SELL,Tuesday
2571,0.8922413793103449,44.0,4.2155172413793105,21.0,0.0,1.0,2.4870689655170377,-0.029,loss,ASIA,IFVG,MARKET,BUY,Wednesday
2572,2.7251655629139075,74.0,3.23841059602649,21.0,0.0,1.0,1.3940397350993499,-1.0097,loss,ASIA,IFVG,MARKET,BUY,Wednesday
2573,1.4471153846153844,118.0,4.701923076923077,21.0,0.0,1.0,3.2932692307694054,-1.0299,loss,ASIA,IFVG,MARKET,BUY,Wednesday
2574,1.0925449871465296,10.0,16.195372750642672,17.0,1.0,1.0,0.02570694087412951,-0.0024,scratch,NY,CHoCH,LIMIT,SELL,Wednesday
2575,1.667634252539913,28.0,9.143686502177069,17.0,0.0,1.0,4.2089985486211905,2.1775,win,NY,IFVG,MARKET,SELL,Wednesday
2576,1.3235294117647058,6.0,2.536764705882353,21.0,0.0,0.0,0.9595588235296257,-0.0167,scratch,ASIA,IFVG,MARKET,SELL,Thursday
2577,1.811764705882353,24.0,2.0294117647058827,21.0,0.0,0.0,1.1499999999999573,-1.0,loss,ASIA,IFVG,MARKET,SELL,Thursday
2578,1.0815450643776823,52.0,2.96137339055794,21.0,0.0,0.0,1.0085836909872805,-1.0159,loss,ASIA,IFVG,MARKET,SELL,Thursday
2579,2.017167381974249,20.0,5.4034334763948495,17.0,0.0,1.0,1.0815450643774793,-0.0234,loss,NY,IFVG,MARKET,SELL,Thursday
2580,2.2049036777583186,70.0,2.2049036777583186,17.0,0.0,1.0,8.106830122591937,-1.0111,loss,NY,IFVG,MARKET,SELL,Thursday
2581,1.9181494661921707,22.0,0.4839857651245552,21.0,2.0,1.0,0.05693950177930764,1.9518,win,ASIA,CHoCH,LIMIT,BUY,Friday
2582,1.597667638483965,60.0,7.4548104956268215,4.0,1.0,1.0,4.300291545189504,-0.0146,scratch,NY,CHoCH,LIMIT,BUY,Friday
2583,2.4644808743169397,98.0,6.9863387978142075,17.0,0.0,1.0,0.8142076502733532,-0.0133,scratch,NY,CHoCH,LIMIT_DEGRADED,BUY,Friday
2584,1.1598639455782314,24.0,1.1224489795918366,21.0,0.0,1.0,0.3469387755100432,0.0,scratch,ASIA,IFVG,MARKET,BUY,Monday
2585,2.699570815450644,50.0,1.4163090128755365,5.0,0.0,1.0,1.0686695278972924,-1.0064,loss,ASIA,IFVG,MARKET,BUY,Monday
2586,1.79155672823219,74.0,0.8707124010554089,21.0,0.0,1.0,2.385224274406323,-1.0059,loss,ASIA,IFVG,MARKET,BUY,Monday
2587,2.4362745098039214,14.0,5.279411764705882,17.0,0.0,1.0,0.7892156862743492,-0.0101,scratch,NY,IFVG,MARKET,SELL,Monday
2588,0.9716494845360825,48.0,2.7757731958762886,17.0,0.0,1.0,1.6804123711338987,9.2933,win,NY,CHoCH,LIMIT_DEGRADED,SELL,Monday
2589,1.804081632653061,14.0,0.19183673469387752,21.0,0.0,0.0,1.9591836734690906,1.4955,win,ASIA,IFVG,MARKET,BUY,Tuesday
2590,2.2775665399239546,23.0,7.410646387832699,17.0,1.0,1.0,0.5931558935362738,-1.01,loss,NY,CHoCH,LIMIT,BUY,Tuesday
2591,3.2421652421652425,36.0,5.552706552706552,32.0,0.0,1.0,0.5840455840456359,-1.0395,loss,NY,IFVG,MARKET,BUY,Tuesday
2592,3.323529411764706,66.0,5.732352941176471,17.0,0.0,1.0,2.9764705882352622,-1.0186,loss,NY,IFVG,MARKET,BUY,Tuesday
2593,2.24,48.0,1.2690909090909093,21.0,0.0,1.0,8.134545454545416,1.9237,win,ASIA,IFVG,MARKET,SELL,Wednesday
2594,1.9887892376681613,56.0,1.0313901345291479,17.0,0.0,1.0,2.3026905829595354,1.4983,win,NY,IFVG,MARKET,SELL,Wednesday
2595,2.674342105263158,54.0,4.2730263157894735,21.0,0.0,1.0,4.546052631579151,-1.0111,loss,ASIA,IFVG,MARKET,BUY,Thursday
2596,3.352777777777778,64.0,3.6083333333333334,21.0,0.0,1.0,0.1944444444443939,1.1748,win,ASIA,IFVG,MARKET,BUY,Thursday
2597,1.1273100616016427,22.0,9.517453798767967,17.0,0.0,1.0,1.1067761806980323,1.1421,win,NY,IFVG,MARKET,BUY,Thursday
2598,2.8637992831541217,15.0,3.2437275985663083,21.0,1.0,1.0,0.05734767025116988,-0.0476,loss,ASIA,CHoCH,LIMIT,SELL,Friday
2599,1.2909698996655516,50.0,3.0267558528428093,21.0,1.0,1.0,2.0200668896320946,-0.0104,scratch,ASIA,CHoCH,LIMIT,SELL,Friday
2600,2.2711864406779663,74.0,2.1912832929782087,21.0,0.0,1.0,1.0581113801454722,1.1365,win,ASIA,CHoCH,LIMIT_DEGRADED,SELL,Friday
2601,1.5019011406844107,8.0,5.49809885931559,17.0,0.0,1.0,1.4486692015210647,-0.0253,loss,NY,IFVG,MARKET,BUY,Friday
2602,1.5544871794871793,38.0,5.477564102564102,21.0,1.0,1.0,0.016025641025407822,-1.0062,loss,ASIA,CHoCH,LIMIT,BUY,Monday
2603,2.099236641221374,84.0,2.6091603053435115,21.0,0.0,1.0,4.658015267175606,-1.0145,loss,ASIA,IFVG,MARKET,BUY,Monday
2604,3.0425219941348973,110.0,2.505865102639296,21.0,1.0,1.0,1.714076246334252,-1.0313,loss,ASIA,CHoCH,LIMIT,BUY,Monday
2605,1.7348837209302326,24.0,4.611627906976744,17.0,0.0,1.0,1.6837209302325074,-0.0027,scratch,NY,IFVG,MARKET,BUY,Monday
2606,1.5283950617283952,54.0,4.896296296296296,17.0,0.0,1.0,0.3308641975306756,-1.0258,loss,NY,CHoCH,LIMIT_DEGRADED,BUY,Monday
2607,2.592941176470588,82.0,4.665882352941176,17.0,0.0,1.0,1.0988235294117819,-0.0036,scratch,NY,CHoCH,LIMIT_DEGRADED,BUY,Monday
2608,1.7358490566037734,22.0,2.0716981132075474,21.0,1.0,1.0,1.7056603773586554,-0.0217,loss,ASIA,CHoCH,LIMIT,SELL,Tuesday
2609,1.087071240105541,104.0,1.4485488126649078,21.0,1.0,1.0,4.963060686015937,-1.017,loss,ASIA,CHoCH,LIMIT,SELL,Tuesday
2610,0.9692982456140351,20.0,3.578947368421053,17.0,0.0,1.0,0.34210526315778306,-1.0814,loss,NY,IFVG,MARKET,BUY,Tuesday
2611,1.641891891891892,41.0,2.756756756756757,17.0,1.0,1.0,1.6351351351351844,-0.037,loss,NY,CHoCH,LIMIT,BUY,Tuesday
2612,1.8511749347258486,106.0,2.1305483028720626,17.0,0.0,1.0,3.3994778067886258,1.4189,win,NY,IFVG,MARKET,BUY,Tuesday
2613,1.401529636711281,14.0,2.4130019120458885,21.0,1.0,1.0,0.39196940726580914,-1.0164,loss,ASIA,CHoCH,LIMIT,SELL,Wednesday
2614,2.1059479553903344,58.0,2.345724907063197,21.0,3.0,1.0,0.31412639405197024,1.2763,win,ASIA,CHoCH,LIMIT,SELL,Wednesday
2615,1.981191222570533,68.0,6.615987460815047,17.0,2.0,1.0,4.821316614420097,-0.0032,scratch,NY,CHoCH,LIMIT,SELL,Wednesday
2616,1.41036717062635,38.0,0.3617710583153348,21.0,1.0,1.0,1.8423326133909228,-1.0191,loss,ASIA,CHoCH,LIMIT,SELL,Thursday
2617,3.1305555555555555,68.0,0.4652777777777778,21.0,0.0,1.0,2.1180555555555554,-1.0009,loss,ASIA,IFVG,MARKET,SELL,Thursday
2618,2.8631756756756754,116.0,0.5658783783783784,21.0,0.0,1.0,4.738175675675783,1.3516,win,ASIA,IFVG,MARKET,SELL,Thursday
2619,2.62532637075718,48.0,0.09268929503916448,17.0,0.0,1.0,3.160574412532642,-0.0085,scratch,NY,IFVG,MARKET,BUY,Thursday
2620,2.6095238095238096,16.0,0.2571428571428572,21.0,1.0,1.0,0.718095238095148,-1.0124,loss,ASIA,CHoCH,LIMIT,SELL,Friday
2621,1.7541589648798521,30.0,0.24953789279112756,21.0,0.0,1.0,0.8743068391867788,2.4468,win,ASIA,IFVG,MARKET,SELL,Friday
2622,1.1401617250673857,42.0,1.5013477088948788,17.0,0.0,1.0,4.517520215633482,0.0,scratch,NY,IFVG,MARKET,BUY,Friday
2623,2.268348623853211,64.0,1.2775229357798166,4.0,0.0,1.0,1.6146788990825602,-0.0283,loss,NY,IFVG,MARKET,BUY,Friday
2624,2.525984251968504,82.0,0.6960629921259843,23.0,0.0,1.0,1.6440944881890567,1.0137,win,ASIA,IFVG,MARKET,BUY,Monday
2625,1.9272151898734176,24.0,6.072784810126582,13.0,0.0,1.0,3.1012658227848675,4.764,win,NY,IFVG,MARKET,BUY,Monday
2626,2.3172690763052204,38.0,0.927710843373494,17.0,0.0,1.0,2.819277108433545,1.0624,win,ASIA,IFVG,MARKET,BUY,Tuesday
2627,1.986206896551724,30.0,5.124137931034483,13.0,0.0,1.0,0.2551724137930282,-0.0052,scratch,NY,IFVG,MARKET,BUY,Tuesday
2628,1.630718954248366,72.0,4.856209150326797,13.0,0.0,1.0,2.513071895425003,-1.012,loss,NY,CHoCH,LIMIT_DEGRADED,BUY,Tuesday
2629,1.3868194842406876,92.0,4.257879656160458,13.0,1.0,1.0,2.538681948423975,-1.0702,loss,NY,CHoCH,LIMIT,BUY,Tuesday
2630,1.1752136752136753,24.0,0.8675213675213674,17.0,0.0,0.0,2.803418803418586,-0.0073,scratch,ASIA,IFVG,MARKET,SELL,Wednesday
2631,1.2865853658536586,76.0,0.6189024390243902,17.0,0.0,1.0,3.652439024390388,4.4953,win,ASIA,IFVG,MARKET,SELL,Wednesday
2632,1.7297297297297296,14.0,3.5495495495495493,10.0,1.0,1.0,0.1126126126126126,-1.0339,loss,NY,CHoCH,LIMIT,SELL,Wednesday
2633,1.2032520325203253,54.0,3.203252032520325,15.0,0.0,1.0,4.33739837398377,1.1419,win,NY,IFVG,MARKET,SELL,Wednesday
2634,1.773371104815864,59.0,1.8300283286118981,17.0,4.0,0.0,0.31728045325775944,1.4441,win,ASIA,CHoCH,LIMIT,BUY,Thursday
2635,3.0418410041841,28.0,10.55857740585774,13.0,0.0,0.0,5.006276150627675,-0.0014,scratch,NY,IFVG,MARKET,SELL,Thursday
2636,2.230366492146597,82.0,13.212041884816754,14.0,0.0,0.0,3.2382198952879295,-1.0012,loss,NY,IFVG,MARKET,SELL,Thursday
2637,3.011673151750973,106.0,9.819066147859923,12.0,0.0,0.0,2.8852140077820874,0.5662,win,NY,IFVG,MARKET,SELL,Thursday
2638,2.7417218543046356,66.0,3.6622516556291393,17.0,0.0,1.0,2.15562913907292,5.1438,win,ASIA,IFVG,MARKET,SELL,Friday
2639,1.9857142857142858,16.0,3.6142857142857143,13.0,0.0,1.0,2.6821428571426105,-0.0018,scratch,NY,IFVG,MARKET,SELL,Friday
2640,1.9041095890410957,64.0,1.5403348554033485,13.0,1.0,1.0,4.103500761035013,-1.0016,loss,NY,CHoCH,LIMIT,SELL,Friday
2641,1.4089121887287026,74.0,1.326343381389253,13.0,0.0,1.0,0.17562254259503873,1.2571,win,NY,IFVG,MARKET,SELL,Friday
2642,1.105702364394993,74.0,1.4367176634214185,17.0,0.0,1.0,10.272600834492305,1.4881,win,ASIA,IFVG,MARKET,SELL,Monday
2643,1.4023323615160348,76.0,5.486880466472303,13.0,1.0,1.0,5.163265306122459,-1.0,loss,NY,CHoCH,LIMIT,BUY,Monday
2644,3.651685393258427,108.0,4.229213483146068,13.0,0.0,1.0,1.4202247191010582,-1.0031,loss,NY,IFVG,MARKET,BUY,Monday
2645,1.1666666666666667,24.0,1.2971014492753625,17.0,1.0,0.0,0.24637681159430835,-1.1056,loss,ASIA,CHoCH,LIMIT,SELL,Tuesday
2646,2.15979381443299,67.0,0.9226804123711341,17.0,1.0,1.0,3.2319587628865887,5.2999,win,ASIA,CHoCH,LIMIT,SELL,Tuesday
2647,1.6794117647058824,10.0,3.8823529411764706,13.0,1.0,1.0,0.3558823529411872,0.0,scratch,NY,CHoCH,LIMIT,SELL,Tuesday
2648,1.5852272727272727,49.0,3.75,13.0,1.0,1.0,0.7159090909089566,-0.043,loss,NY,CHoCH,LIMIT,SELL,Tuesday
2649,1.9615384615384615,20.0,0.05203619909502263,17.0,0.0,1.0,2.364253393665117,1.902,win,ASIA,IFVG,MARKET,SELL,Wednesday
2650,1.4257142857142857,10.0,2.6228571428571428,17.0,1.0,1.0,0.10571428571425454,-1.002,loss,ASIA,CHoCH,LIMIT,BUY,Thursday
2651,2.485193621867882,52.0,2.091116173120729,17.0,0.0,1.0,6.970387243735743,-0.0257,loss,ASIA,IFVG,MARKET,BUY,Thursday
2652,1.615068493150685,78.0,1.2575342465753425,9.0,0.0,1.0,0.8246575342465728,-0.0059,scratch,ASIA,CHoCH,LIMIT_DEGRADED,BUY,Thursday
2653,1.6625386996904026,22.0,2.4891640866873064,13.0,1.0,1.0,0.749226006191973,-1.0019,loss,NY,CHoCH,LIMIT,SELL,Thursday
2654,1.553225806451613,80.0,1.296774193548387,15.0,1.0,1.0,7.7338709677419795,-0.001,scratch,NY,CHoCH,LIMIT,SELL,Thursday
2655,2.1296829971181555,26.0,2.9106628242074923,17.0,0.0,1.0,1.3890489913545139,-1.0325,loss,ASIA,IFVG,MARKET,SELL,Friday
2656,2.1503496503496504,54.0,3.5314685314685317,16.0,0.0,1.0,2.0419580419579337,-1.0472,loss,ASIA,IFVG,MARKET,SELL,Friday
2657,2.993273542600897,66.0,2.2645739910313902,17.0,0.0,1.0,1.275784753363241,1.2007,win,ASIA,IFVG,MARKET,SELL,Friday
2658,2.483018867924528,32.0,8.69056603773585,13.0,0.0,1.0,0.6113207547169399,-1.0015,loss,NY,IFVG,MARKET,BUY,Friday
2659,2.4350453172205437,50.0,6.957703927492448,15.0,0.0,1.0,2.1268882175226476,-0.0037,scratch,NY,IFVG,MARKET,BUY,Friday
2660,1.8774080560420316,85.0,4.033274956217163,15.0,1.0,1.0,0.03852889667246934,1.8993,win,NY,CHoCH,LIMIT,BUY,Friday
2661,1.3936430317848412,22.0,0.48655256723716384,17.0,1.0,1.0,0.05623471882641032,-0.0018,scratch,ASIA,CHoCH,LIMIT,SELL,Monday
2662,2.735,62.0,0.4975,17.0,0.0,1.0,3.0125000000000455,-1.0018,loss,ASIA,IFVG,MARKET,SELL,Monday
2663,2.536290322580645,70.0,0.4012096774193548,17.0,0.0,1.0,0.07459677419352638,-1.0079,loss,ASIA,IFVG,MARKET,SELL,Monday
2664,1.6426229508196721,16.0,6.0426229508196725,15.0,0.0,1.0,3.311475409836036,-0.002,scratch,NY,IFVG,MARKET,SELL,Monday
2665,1.3402777777777777,58.0,6.399305555555555,13.0,0.0,1.0,0.28472222222227905,-1.0104,loss,NY,IFVG,MARKET,SELL,Monday
2666,2.3518518518518516,82.0,5.688271604938271,13.0,0.0,1.0,1.2283950617284005,-0.0066,scratch,NY,IFVG,MARKET,SELL,Monday
2667,0.9795918367346939,96.0,0.2904238618524333,16.0,0.0,1.0,0.8257456828885029,1.5593,win,ASIA,IFVG,MARKET,SELL,Tuesday
2668,1.8737201365187712,32.0,11.812286689419794,13.0,0.0,1.0,5.2730375426620535,-1.0109,loss,NY,IFVG,MARKET,BUY,Tuesday
2669,2.0699088145896654,62.0,10.519756838905774,13.0,0.0,1.0,1.8480243161094003,1.0543,win,NY,IFVG,MARKET,BUY,Tuesday
2670,1.5572916666666667,16.0,3.4322916666666665,4.0,0.0,1.0,0.9218749999999906,6.9026,win,ASIA,IFVG,MARKET,SELL,Wednesday
2671,1.39010989010989,16.0,12.024725274725276,14.0,1.0,1.0,2.8159340659340657,0.0,scratch,NY,CHoCH,LIMIT,BUY,Wednesday
2672,2.8973684210526316,42.0,11.518421052631581,13.0,0.0,1.0,0.5026315789473301,-1.0154,loss,NY,CHoCH,LIMIT_DEGRADED,BUY,Wednesday
2673,1.9878640776699028,72.0,10.62378640776699,5.0,0.0,1.0,2.85679611650485,7.8401,win,NY,IFVG,MARKET,BUY,Wednesday
2674,2.5876288659793816,42.0,0.9312714776632302,19.0,0.0,1.0,3.9793814432991,-1.0,loss,ASIA,IFVG,MARKET,SELL,Thursday
2675,4.25,88.0,0.7057291666666666,17.0,0.0,1.0,5.828125000000028,-0.0012,scratch,ASIA,IFVG,MARKET,SELL,Thursday
2676,1.467605633802817,22.0,1.2253521126760563,11.0,0.0,1.0,0.6169014084507196,10.2438,win,NY,CHoCH,LIMIT_DEGRADED,BUY,Thursday
2677,1.643956043956044,16.0,0.026373626373626374,17.0,1.0,1.0,0.3999999999999361,5.4947,win,ASIA,CHoCH,LIMIT,BUY,Friday
2678,2.276243093922652,8.0,6.933701657458564,13.0,0.0,1.0,2.5911602209947566,-1.0,loss,NY,IFVG,MARKET,BUY,Friday
2679,0.8309859154929577,46.0,5.892018779342724,13.0,1.0,1.0,2.6244131455399744,-0.0621,loss,NY,CHoCH,LIMIT,BUY,Friday
2680,2.2009345794392523,60.0,5.864485981308412,13.0,0.0,1.0,0.3598130841119285,-1.0,loss,NY,IFVG,MARKET,BUY,Friday
2681,1.1424657534246576,28.0,0.9863013698630138,17.0,1.0,1.0,0.016438356164244022,-1.0815,loss,ASIA,CHoCH,LIMIT,SELL,Monday
2682,2.6867816091954024,60.0,1.0344827586206897,17.0,0.0,1.0,2.094827586206886,-1.0417,loss,ASIA,IFVG,MARKET,SELL,Monday
2683,2.608540925266904,68.0,0.6405693950177936,17.0,0.0,1.0,0.7882562277580589,-1.0034,loss,ASIA,CHoCH,LIMIT_DEGRADED,SELL,Monday
2684,1.2327586206896552,60.0,3.2729885057471266,13.0,0.0,1.0,0.7442528735632602,-1.021,loss,NY,IFVG,MARKET,SELL,Monday
2685,1.940379403794038,76.0,3.086720867208672,5.0,0.0,1.0,2.078590785907879,-1.0237,loss,NY,IFVG,MARKET,SELL,Monday
2686,1.563953488372093,90.0,3.3110465116279073,13.0,0.0,1.0,0.08720930232563427,-1.0,loss,NY,IFVG,MARKET,SELL,Monday
2687,3.6750788643533125,38.0,2.145110410094637,17.0,0.0,0.0,1.3123028391166733,1.0335,win,ASIA,IFVG,MARKET,SELL,Tuesday
2688,1.398936170212766,46.0,5.3537234042553195,13.0,1.0,1.0,0.3856382978722921,-0.0057,scratch,NY,CHoCH,LIMIT,BUY,Tuesday
2689,2.002398081534772,74.0,4.827338129496403,13.0,0.0,1.0,0.9808153477218574,-0.0036,scratch,NY,CHoCH,LIMIT_DEGRADED,BUY,Tuesday
2690,1.651567944250871,18.0,0.7944250871080138,15.0,0.0,0.0,0.9895470383275768,-1.0169,loss,ASIA,IFVG,MARKET,SELL,Wednesday
2691,1.3928571428571428,52.0,0.5428571428571428,17.0,1.0,0.0,5.399999999999853,1.5897,win,ASIA,CHoCH,LIMIT,SELL,Wednesday
2692,1.656108597285068,22.0,7.226244343891403,25.0,0.0,1.0,2.945701357466059,-1.0191,loss,NY,IFVG,MARKET,SELL,Wednesday
2693,2.058956916099773,58.0,7.242630385487528,37.0,0.0,1.0,2.7732426303854916,-0.0275,loss,NY,IFVG,MARKET,SELL,Wednesday
2694,1.3250000000000002,111.0,5.703571428571429,25.0,1.0,1.0,0.9624999999999774,1.1658,win,NY,CHoCH,LIMIT,SELL,Wednesday
2695,1.9487179487179487,70.0,0.005128205128205128,26.0,0.0,0.0,3.1717948717949604,-1.0026,loss,ASIA,IFVG,MARKET,BUY,Thursday
2696,2.74293059125964,94.0,0.005141388174807198,49.0,0.0,0.0,0.6838046272493199,-0.0122,scratch,ASIA,IFVG,MARKET,BUY,Thursday
2697,1.8815028901734103,32.0,6.300578034682081,29.0,0.0,1.0,0.24566473988423534,0.0,scratch,NY,IFVG,MARKET,BUY,Thursday
2698,1.6465517241379313,62.0,6.264367816091954,32.0,0.0,1.0,1.241379310344744,1.3194,win,NY,CHoCH,LIMIT_DEGRADED,BUY,Thursday
2699,1.0502283105022832,20.0,0.022831050228310504,28.0,1.0,0.0,0.6073059360730262,1.113,win,ASIA,CHoCH,LIMIT,SELL,Friday
2700,3.2685421994884907,28.0,3.1381074168797953,47.0,0.0,1.0,3.4398976982099048,-0.0023,scratch,NY,IFVG,MARKET,SELL,Friday
2701,0.9978768577494692,116.0,2.605095541401274,16.0,0.0,1.0,0.6008492569001969,-1.0234,loss,NY,IFVG,MARKET,SELL,Friday
2702,1.181547619047619,44.0,1.2916666666666667,32.0,0.0,1.0,5.669642857142912,0.0,scratch,ASIA,CHoCH,LIMIT_DEGRADED,BUY,Monday
2703,2.018018018018018,64.0,0.9774774774774774,57.0,1.0,1.0,0.7117117117116789,-0.0078,scratch,ASIA,CHoCH,LIMIT,BUY,Monday
2704,0.9649681528662419,30.0,3.7452229299363053,32.0,0.0,1.0,1.0414012738853444,-1.0,loss,NY,IFVG,MARKET,SELL,Monday
2705,1.0043478260869567,58.0,5.11304347826087,26.0,0.0,1.0,1.6434782608694547,-1.0043,loss,NY,IFVG,MARKET,SELL,Monday
2706,2.213483146067416,64.0,4.404494382022472,36.0,0.0,1.0,0.3295880149813143,0.0,scratch,NY,CHoCH,LIMIT_DEGRADED,SELL,Monday
2707,3.699507389162562,12.0,0.30049261083743845,33.0,0.0,1.0,2.327586206896619,0.0,scratch,ASIA,IFVG,MARKET,BUY,Tuesday
2708,1.0731132075471697,74.0,0.28773584905660377,29.0,0.0,1.0,2.4245283018868395,-0.0022,scratch,ASIA,IFVG,MARKET,BUY,Tuesday
2709,1.9844961240310077,102.0,0.3152454780361757,27.0,0.0,1.0,0.7416020671835518,1.2018,win,ASIA,CHoCH,LIMIT_DEGRADED,BUY,Tuesday
2710,1.5365853658536586,26.0,5.222560975609756,24.0,0.0,1.0,1.0518292682927661,11.1488,win,NY,IFVG,MARKET,BUY,Tuesday
2711,1.4893617021276597,31.0,0.6560283687943264,29.0,1.0,0.0,0.47517730496459065,-0.0119,scratch,ASIA,CHoCH,LIMIT,BUY,Wednesday
2712,1.4694656488549618,68.0,0.7061068702290076,42.0,0.0,0.0,0.11832061068700207,-1.0312,loss,ASIA,CHoCH,LIMIT_DEGRADED,BUY,Wednesday
2713,1.4250000000000003,88.0,0.6607142857142858,28.0,0.0,0.0,0.8821428571427857,-1.0125,loss,ASIA,IFVG,MARKET,BUY,Wednesday
2714,0.9241071428571427,61.0,0.5781249999999999,26.0,2.0,1.0,0.2700892857142938,-0.0193,scratch,NY,CHoCH,LIMIT,BUY,Wednesday
2715,0.7727272727272727,78.0,0.6925133689839571,31.0,0.0,1.0,0.12566844919780745,-0.1142,loss,NY,IFVG,MARKET,BUY,Wednesday
2716,1.5122615803814714,92.0,0.7057220708446866,25.0,0.0,1.0,1.896457765667585,-0.0162,scratch,NY,IFVG,MARKET,BUY,Wednesday
2717,1.4948979591836735,13.0,0.9948979591836735,30.0,1.0,0.0,0.06122448979586269,-1.0239,loss,ASIA,CHoCH,LIMIT,SELL,Thursday
2718,2.909090909090909,44.0,0.9848484848484849,39.0,0.0,0.0,1.7979797979797705,-1.0104,loss,ASIA,IFVG,MARKET,SELL,Thursday
2719,1.5207756232686982,95.0,0.5401662049861496,36.0,3.0,0.0,0.25761772853181064,1.4499,win,ASIA,CHoCH,LIMIT,SELL,Thursday
2720,2.9625984251968505,20.0,0.4606299212598425,46.0,0.0,1.0,4.594488188976406,-1.0073,loss,NY,IFVG,MARKET,BUY,Thursday
2721,3.0305810397553516,74.0,0.35779816513761464,36.0,0.0,1.0,6.605504587155935,-0.0005,scratch,NY,IFVG,MARKET,BUY,Thursday
2722,1.9701754385964911,104.0,0.41052631578947363,44.0,0.0,1.0,1.626315789473681,-0.0071,scratch,NY,CHoCH,LIMIT_DEGRADED,BUY,Thursday
2723,1.7862068965517242,18.0,2.606896551724138,43.0,1.0,0.0,0.11379310344825078,-1.0656,loss,ASIA,CHoCH,LIMIT,BUY,Friday
2724,1.8592057761732854,48.0,2.7292418772563174,26.0,1.0,0.0,0.9277978339350772,-0.0117,scratch,ASIA,CHoCH,LIMIT,BUY,Friday
2725,1.776735459662289,64.0,0.6716697936210131,45.0,0.0,1.0,6.363977485928719,1.2661,win,NY,IFVG,MARKET,BUY,Friday
2726,4.0052631578947375,14.0,0.2105263157894737,39.0,0.0,1.0,1.7605263157893685,-0.0066,scratch,ASIA,IFVG,MARKET,BUY,Monday
2727,3.6705202312138727,106.0,0.23121387283236997,19.0,0.0,1.0,1.2283236994219653,-0.0008,scratch,ASIA,CHoCH,LIMIT_DEGRADED,BUY,Monday
2728,1.8921282798833818,30.0,3.7288629737609327,25.0,0.0,1.0,5.431486880466371,-1.0478,loss,NY,IFVG,MARKET,BUY,Monday
2729,1.7694805194805194,46.0,4.152597402597403,25.0,0.0,1.0,0.10064935064948058,-0.0037,scratch,NY,IFVG,MARKET,BUY,Monday
2730,1.7629629629629628,12.0,1.5555555555555556,52.0,0.0,0.0,0.1333333333333805,-0.0021,scratch,ASIA,IFVG,MARKET,BUY,Tuesday
2731,1.9862258953168044,98.0,1.15702479338843,38.0,2.0,1.0,1.2699724517906688,5.5745,win,ASIA,CHoCH,LIMIT,BUY,Tuesday
2732,1.456140350877193,18.0,4.741228070175439,30.0,1.0,1.0,0.2236842105262121,-0.006,scratch,NY,CHoCH,LIMIT,BUY,Tuesday
2733,1.45,53.0,3.1794117647058826,30.0,2.0,1.0,2.844117647058845,-0.0041,scratch,NY,CHoCH,LIMIT,BUY,Tuesday
2734,2.5552325581395348,96.0,3.1424418604651163,43.0,0.0,1.0,2.6482558139535253,-1.0057,loss,NY,CHoCH,LIMIT_DEGRADED,BUY,Tuesday
2735,3.465256797583082,34.0,0.1782477341389728,51.0,0.0,1.0,6.190332326283922,-1.0113,loss,ASIA,IFVG,MARKET,SELL,Wednesday
2736,1.5687103594080336,85.0,0.12473572938689216,17.0,1.0,1.0,4.7082452431288635,-1.0013,loss,ASIA,CHoCH,LIMIT,SELL,Wednesday
2737,1.5351170568561872,110.0,0.19732441471571904,29.0,0.0,1.0,2.341137123745819,-1.1176,loss,ASIA,IFVG,MARKET,SELL,Wednesday
2738,1.447058823529412,22.0,2.1333333333333337,34.0,1.0,1.0,0.01176470588260974,0.0,scratch,NY,CHoCH,LIMIT,BUY,Wednesday
2739,3.06631299734748,62.0,1.4429708222811672,36.0,0.0,1.0,4.811671087533002,2.032,win,NY,IFVG,MARKET,BUY,Wednesday
2740,1.7085020242914977,29.0,3.8906882591093113,24.0,1.0,1.0,0.8259109311740743,-1.1564,loss,ASIA,CHoCH,LIMIT,BUY,Thursday
2741,1.4276315789473684,63.0,3.1611842105263155,34.0,2.0,1.0,0.6940789473683133,-0.0415,loss,ASIA,CHoCH,LIMIT,BUY,Thursday
2742,2.829411764705882,94.0,2.826470588235294,25.0,0.0,1.0,0.4911764705882567,-1.0239,loss,ASIA,CHoCH,LIMIT_DEGRADED,BUY,Thursday
2743,1.6945107398568016,96.0,6.405727923627684,32.0,0.0,1.0,3.102625298329355,-0.0056,scratch,NY,CHoCH,LIMIT_DEGRADED,SELL,Thursday
2744,0.7238095238095238,36.0,0.7619047619047619,28.0,0.0,0.0,0.13809523809522076,-1.0592,loss,ASIA,IFVG,MARKET,SELL,Friday
2745,3.507317073170732,62.0,0.7804878048780489,44.0,0.0,0.0,1.3560975609757075,1.3366,win,ASIA,IFVG,MARKET,SELL,Friday
2746,1.7544642857142856,28.0,6.522321428571428,50.0,1.0,1.0,2.9508928571429136,-1.0025,loss,NY,CHoCH,LIMIT,BUY,Friday
2747,1.78099173553719,46.0,6.037190082644628,34.0,0.0,1.0,1.7851239669422165,-1.007,loss,NY,IFVG,MARKET,BUY,Friday
2748,1.6167400881057268,54.0,6.436123348017621,25.0,0.0,1.0,2.0440528634362676,-1.0327,loss,NY,IFVG,MARKET,BUY,Friday
2749,1.621978021978022,34.0,1.1142857142857143,54.0,0.0,1.0,1.9406593406594246,-0.0136,scratch,ASIA,IFVG,MARKET,BUY,Monday
2750,1.9361702127659575,92.0,1.541033434650456,26.0,0.0,1.0,0.6018237082068306,0.0,scratch,ASIA,CHoCH,LIMIT_DEGRADED,BUY,Monday
2751,1.6276595744680853,6.0,1.3351063829787233,24.0,0.0,1.0,0.22872340425547397,1.9444,win,NY,IFVG,MARKET,SELL,Monday
2752,1.423728813559322,25.0,0.04406779661016949,44.0,1.0,1.0,0.437288135593208,-1.0119,loss,ASIA,CHoCH,LIMIT,SELL,Tuesday
2753,2.2936170212765954,55.0,0.05531914893617021,27.0,3.0,1.0,0.5148936170212921,1.82,win,ASIA,CHoCH,LIMIT,SELL,Tuesday
2754,1.9313304721030042,12.0,7.570815450643777,26.0,0.0,1.0,0.06437768240347251,-1.0089,loss,NY,IFVG,MARKET,SELL,Tuesday
2755,1.99625468164794,32.0,6.606741573033708,35.0,0.0,1.0,2.5468164794008175,-1.0038,loss,NY,IFVG,MARKET,SELL,Tuesday
2756,3.0384615384615383,58.0,6.167832167832168,35.0,0.0,1.0,1.1153846153846345,-0.0069,scratch,NY,IFVG,MARKET,SELL,Tuesday
2757,1.3704918032786886,14.0,1.639344262295082,34.0,0.0,1.0,0.5213114754097347,0.0,scratch,ASIA,IFVG,MARKET,BUY,Wednesday
2758,1.4038461538461537,78.0,1.6025641025641024,26.0,0.0,1.0,3.6185897435897316,-0.0091,scratch,ASIA,IFVG,MARKET,BUY,Wednesday
2759,0.9266055045871558,116.0,1.529051987767584,32.0,0.0,1.0,1.1651376146788823,-0.0363,loss,ASIA,IFVG,MARKET,BUY,Wednesday
2760,2.854341736694678,38.0,1.0056022408963585,26.0,0.0,1.0,6.142857142857225,-0.0059,scratch,NY,IFVG,MARKET,BUY,Wednesday
2761,2.64527027027027,84.0,1.2128378378378377,28.0,0.0,1.0,1.5979729729729792,-1.0051,loss,NY,IFVG,MARKET,BUY,Wednesday
2762,3.262910798122066,74.0,0.5258215962441315,34.0,0.0,0.0,2.8474178403756127,1.7144,win,ASIA,IFVG,MARKET,SELL,Thursday
2763,2.024896265560166,11.0,5.443983402489626,23.0,1.0,0.0,0.40248962655612225,-1.0082,loss,NY,CHoCH,LIMIT,BUY,Thursday
2764,1.3590909090909091,40.0,2.9818181818181815,27.0,0.0,0.0,0.6999999999999834,-1.0134,loss,NY,IFVG,MARKET,BUY,Thursday
2765,2.2356435643564354,68.0,2.598019801980198,26.0,0.0,0.0,1.330693069306891,1.574,win,NY,IFVG,MARKET,BUY,Thursday
2766,2.5778546712802766,72.0,0.532871972318339,31.0,0.0,1.0,2.77162629757793,-0.0094,scratch,ASIA,IFVG,MARKET,SELL,Friday
2767,1.5555555555555554,108.0,0.6337448559670782,30.0,0.0,1.0,0.7818930041152637,-0.0132,scratch,ASIA,CHoCH,LIMIT_DEGRADED,SELL,Friday
2768,1.6271186440677965,12.0,13.282485875706216,32.0,0.0,1.0,2.0790960451976477,-1.0139,loss,NY,IFVG,MARKET,SELL,Friday
2769,1.6483180428134556,53.0,7.189602446483181,39.0,5.0,1.0,0.0611620795107868,-0.0019,scratch,NY,CHoCH,LIMIT,SELL,Friday
2770,1.9447852760736197,88.0,7.211656441717793,29.0,0.0,1.0,0.15030674846619071,1.3107,win,NY,CHoCH,LIMIT_DEGRADED,SELL,Friday
2771,1.9841269841269842,32.0,1.8253968253968254,47.0,0.0,1.0,2.8317460317459107,-1.0176,loss,ASIA,IFVG,MARKET,BUY,Monday
2772,2.9457142857142857,62.0,1.6428571428571428,51.0,0.0,1.0,2.6285714285715067,-1.0058,loss,ASIA,IFVG,MARKET,BUY,Monday
2773,1.1100478468899522,84.0,1.375598086124402,25.0,0.0,1.0,1.1052631578947107,-0.0108,scratch,ASIA,IFVG,MARKET,BUY,Monday
2774,1.4033333333333333,46.0,0.79,20.0,0.0,1.0,5.903333333333346,-1.0974,loss,NY,IFVG,MARKET,BUY,Monday
2775,3.2267002518891688,102.0,0.5969773299748111,14.0,0.0,1.0,6.103274559193959,-0.0016,scratch,NY,IFVG,MARKET,BUY,Monday
2776,0.9595141700404858,34.0,0.7125506072874493,26.0,0.0,1.0,1.7489878542510784,-1.0,loss,ASIA,IFVG,MARKET,BUY,Tuesday
2777,3.8888888888888884,96.0,0.7242798353909464,28.0,0.0,1.0,6.271604938271702,0.0,scratch,ASIA,IFVG,MARKET,BUY,Tuesday
2778,1.9972375690607735,22.0,4.552486187845304,29.0,0.0,1.0,2.2458563535910647,1.0069,win,NY,IFVG,MARKET,BUY,Tuesday
2779,0.9571428571428573,12.0,1.3285714285714287,33.0,1.0,1.0,0.3642857142858702,-1.0448,loss,ASIA,CHoCH,LIMIT,SELL,Wednesday
2780,1.5947368421052632,42.0,0.9789473684210527,32.0,0.0,1.0,4.710526315789378,-1.0,loss,ASIA,IFVG,MARKET,SELL,Wednesday
2781,3.0921658986175116,62.0,0.8571428571428572,32.0,0.0,1.0,1.1290322580644323,-1.0134,loss,ASIA,IFVG,MARKET,SELL,Wednesday
2782,1.6329787234042554,62.0,13.537234042553193,32.0,0.0,1.0,3.893617021276441,-0.0098,scratch,NY,IFVG,MARKET,BUY,Wednesday
2783,2.040712468193384,80.0,12.951653944020356,38.0,0.0,1.0,0.25190839694650935,-0.0125,scratch,NY,CHoCH,LIMIT_DEGRADED,BUY,Wednesday
2784,1.911070780399274,114.0,9.237749546279492,30.0,0.0,1.0,0.540834845734948,4.3739,win,NY,IFVG,MARKET,BUY,Wednesday
2785,2.0510204081632653,16.0,3.281632653061224,26.0,0.0,1.0,1.9653061224490018,-0.0169,scratch,ASIA,IFVG,MARKET,BUY,Thursday
2786,1.9061166429587482,76.0,2.2873399715504976,19.0,0.0,1.0,0.9345661450924194,-0.0052,scratch,ASIA,CHoCH,LIMIT_DEGRADED,BUY,Thursday
2787,3.8630806845965773,50.0,1.8826405867970661,22.0,0.0,1.0,1.9290953545233076,-0.0082,scratch,NY,IFVG,MARKET,SELL,Thursday
2788,1.882032667876588,110.0,1.3974591651542652,28.0,0.0,1.0,4.705989110707692,-1.0222,loss,NY,IFVG,MARKET,SELL,Thursday
2789,1.2345679012345678,22.0,3.1234567901234565,55.0,0.0,1.0,2.510288065843771,-1.0267,loss,ASIA,IFVG,MARKET,BUY,Friday
2790,2.122529644268775,30.0,3.0,54.0,0.0,1.0,3.2924901185770468,-1.0074,loss,ASIA,IFVG,MARKET,BUY,Friday
2791,1.8017241379310345,46.0,2.1810344827586206,65.0,0.0,1.0,2.5459770114944202,-1.0048,loss,ASIA,IFVG,MARKET,BUY,Friday
2792,2.1107871720116615,12.0,13.271137026239067,35.0,0.0,1.0,1.4781341107870871,-1.0014,loss,NY,IFVG,MARKET,BUY,Friday
2793,7.358778625954199,32.0,5.791348600508906,90.0,0.0,1.0,1.851145038167962,-0.1194,loss,NY,IFVG,MARKET,BUY,Friday
2794,1.9233449477351914,59.0,2.1533101045296164,50.0,5.0,1.0,0.013937282229952481,-1.0018,loss,ASIA,CHoCH,LIMIT,BUY,Tuesday
2795,3.6698113207547167,68.0,1.4575471698113207,64.0,0.0,1.0,3.8679245283020154,-0.0006,scratch,ASIA,CHoCH,LIMIT_DEGRADED,BUY,Tuesday
2796,2.6757425742574257,24.0,1.2301980198019802,37.0,0.0,1.0,2.745049504950531,-1.0037,loss,NY,IFVG,MARKET,SELL,Tuesday
2797,0.5866666666666667,60.0,1.6566666666666665,43.0,1.0,1.0,1.6500000000002426,-1.0057,loss,NY,CHoCH,LIMIT,SELL,Tuesday
2798,2.7893081761006284,76.0,1.562893081761006,25.0,0.0,1.0,0.5691823899369467,-1.0158,loss,NY,IFVG,MARKET,SELL,Tuesday
2799,2.351063829787234,54.0,0.3617021276595745,29.0,3.0,0.0,0.6382978723403289,5.5681,win,ASIA,CHoCH,LIMIT,BUY,Wednesday
2800,2.769503546099291,28.0,4.971631205673759,39.0,0.0,1.0,1.9893617021275436,-1.0423,loss,NY,IFVG,MARKET,BUY,Wednesday
2801,4.167224080267559,35.0,1.5629877369007803,80.0,1.0,1.0,2.5629877369007557,-1.5636,loss,NY,CHoCH,LIMIT,BUY,Wednesday
2802,1.9198218262806233,69.0,2.082405345211581,33.0,1.0,1.0,3.1002227171492365,-1.0557,loss,ASIA,CHoCH,LIMIT,BUY,Thursday
2803,0.8929292929292929,84.0,1.8888888888888888,50.0,0.0,1.0,0.8101010101008704,-0.0249,loss,ASIA,CHoCH,LIMIT_DEGRADED,BUY,Thursday
2804,2.3333333333333335,16.0,4.539906103286385,24.0,0.0,1.0,1.69483568075102,-1.002,loss,NY,IFVG,MARKET,SELL,Thursday
2805,3.006726457399103,33.0,2.1681614349775784,35.0,1.0,1.0,2.5201793721972603,-1.0,loss,NY,CHoCH,LIMIT,SELL,Thursday
2806,1.3286384976525822,62.0,2.2699530516431925,14.0,0.0,1.0,1.1596244131456594,2.5071,win,NY,IFVG,MARKET,SELL,Thursday
2807,2.6057441253263707,108.0,0.4804177545691906,26.0,0.0,1.0,0.3577023498694232,-1.0301,loss,ASIA,CHoCH,LIMIT_DEGRADED,SELL,Friday
2808,1.8323699421965318,64.0,9.42485549132948,27.0,1.0,1.0,0.75722543352598,-0.0174,scratch,NY,CHoCH,LIMIT,BUY,Friday
2809,4.630208333333334,112.0,8.4921875,20.0,0.0,1.0,1.414062500000076,-6.2799,loss,NY,CHoCH,LIMIT_DEGRADED,BUY,Friday
2810,1.5830721003134796,38.0,1.4608150470219436,23.0,0.0,1.0,6.435736677116193,-1.0337,loss,ASIA,IFVG,MARKET,SELL,Monday
2811,1.6799065420560748,88.0,1.088785046728972,35.0,0.0,1.0,5.126168224298971,1.3825,win,ASIA,IFVG,MARKET,SELL,Monday
2812,3.059016393442623,62.0,0.5442622950819672,25.0,0.0,1.0,5.963934426229377,2.2026,win,NY,IFVG,MARKET,BUY,Monday
2813,1.3201320132013201,16.0,2.603960396039604,40.0,0.0,1.0,0.3894389438944855,0.0,scratch,ASIA,IFVG,MARKET,BUY,Tuesday
2814,5.818181818181818,56.0,4.219251336898395,31.0,1.0,1.0,0.03743315508005827,-1.0,loss,ASIA,CHoCH,LIMIT,BUY,Tuesday
2815,1.88715953307393,13.0,2.3112840466926072,25.0,1.0,1.0,1.2801556420233322,-1.0186,loss,NY,CHoCH,LIMIT,SELL,Tuesday
2816,2.779874213836478,28.0,1.8679245283018868,26.0,0.0,1.0,2.257861635219931,-1.0113,loss,NY,IFVG,MARKET,SELL,Tuesday
2817,1.558139534883721,108.0,1.0626118067978534,27.0,0.0,1.0,1.894454382826502,-0.0011,scratch,NY,CHoCH,LIMIT_DEGRADED,SELL,Tuesday
2818,1.5384615384615385,28.0,0.1863905325443787,39.0,0.0,1.0,3.5946745562131794,-1.0135,loss,ASIA,IFVG,MARKET,SELL,Wednesday
2819,1.0595611285266457,46.0,0.1974921630094044,37.0,0.0,1.0,0.4482758620690568,2.142,win,ASIA,IFVG,MARKET,SELL,Wednesday
2820,2.1106870229007635,23.0,5.446564885496183,30.0,1.0,1.0,0.6221374045801943,6.6894,win,NY,CHoCH,LIMIT,BUY,Wednesday
2821,1.4945848375451263,14.0,2.3646209386281587,30.0,1.0,1.0,0.5126353790610698,-1.0169,loss,ASIA,CHoCH,LIMIT,SELL,Thursday
2822,2.510752688172043,22.0,1.7607526881720428,33.0,0.0,1.0,0.7903225806452981,1.3533,win,ASIA,IFVG,MARKET,SELL,Thursday
2823,1.6102449888641426,28.0,6.060133630289532,26.0,1.0,1.0,0.3363028953227859,-0.0014,scratch,NY,CHoCH,LIMIT,SELL,Thursday
2824,2.9270833333333335,70.0,7.085937500000001,31.0,0.0,1.0,6.184895833333334,-1.0062,loss,NY,IFVG,MARKET,SELL,Thursday
2825,1.0465549348230911,108.0,5.067039106145251,29.0,0.0,1.0,2.361266294227242,-1.0089,loss,NY,IFVG,MARKET,SELL,Thursday
2826,1.5820895522388059,24.0,0.7499999999999999,39.0,0.0,0.0,2.9104477611940975,-1.066,loss,ASIA,IFVG,MARKET,BUY,Friday
2827,2.4007490636704123,64.0,0.7528089887640449,48.0,1.0,0.0,2.2209737827716447,1.9548,win,ASIA,CHoCH,LIMIT,BUY,Friday
2828,1.381679389312977,16.0,11.165394402035624,39.0,0.0,1.0,1.6463104325700393,-1.0074,loss,NY,IFVG,MARKET,BUY,Friday
2829,0.6832298136645962,26.0,9.08488612836439,30.0,0.0,1.0,1.5051759834369434,-1.0,loss,NY,IFVG,MARKET,BUY,Friday
2830,1.7238493723849373,42.0,9.179916317991632,29.0,0.0,1.0,3.8870292887029136,1.1299,win,NY,IFVG,MARKET,BUY,Friday
